ISO-10303-21;
HEADER;
/* Generated by software containing ST-Developer
 * from STEP Tools, Inc. (www.steptools.com) 
 */
/* OPTION: using custom renumber hook */

FILE_DESCRIPTION(
/* description */ ('STEP AP242 Edition 2',
'CAx-IF Rec.Pracs.---Representation and Presentation of Product Manufa
cturing Information (PMI)---4.0---2014-10-13',
'CAx-IF Rec.Pracs.---3D Tessellated Geometry---0.4---2014-09-14','2;1',
'CAx-IF Rec.Pracs.---User Defined Attributes---1.5---2016-08-15'),
/* implementation_level */ '2;1');

FILE_NAME(
/* name */ '6928f3c7e7e94998ccb60b0c',
/* time_stamp */ '2025-11-28T00:58:47Z',
/* author */ (''),
/* organization */ (''),
/* preprocessor_version */ 'ST-DEVELOPER v20',
/* originating_system */ 'ONSHAPE BY PTC INC, 1.207',
/* authorisation */ '  ');

FILE_SCHEMA (('AP242_MANAGED_MODEL_BASED_3D_ENGINEERING_MIM_LF { 1 0 10303 442 3 1 4 }'));
ENDSEC;

DATA;
#10=SHAPE_REPRESENTATION_RELATIONSHIP('','',#1452,#11);
#11=ADVANCED_BREP_SHAPE_REPRESENTATION('',(#1450),#2622);
#12=(
BOUNDED_SURFACE()
B_SPLINE_SURFACE(3,2,((#2532,#2533,#2534),(#2535,#2536,#2537),(#2538,#2539,
#2540),(#2541,#2542,#2543),(#2544,#2545,#2546),(#2547,#2548,#2549)),
 .UNSPECIFIED.,.F.,.F.,.F.)
B_SPLINE_SURFACE_WITH_KNOTS((4,1,1,4),(3,3),(-1.0842021724855E-18,0.000843351237275472,
0.00126502685591321,0.00168670247455095),(0.,1.),.UNSPECIFIED.)
GEOMETRIC_REPRESENTATION_ITEM()
RATIONAL_B_SPLINE_SURFACE(((1.,0.800834678604004,1.),(1.,0.746998386896892,
1.),(1.,0.655451207166293,1.),(1.,0.504834270883157,1.),(1.,0.419606987680311,
1.),(1.,0.382683432365089,1.)))
REPRESENTATION_ITEM('')
SURFACE()
);
#13=(
BOUNDED_SURFACE()
B_SPLINE_SURFACE(3,2,((#2551,#2552,#2553),(#2554,#2555,#2556),(#2557,#2558,
#2559),(#2560,#2561,#2562)),.UNSPECIFIED.,.F.,.F.,.F.)
B_SPLINE_SURFACE_WITH_KNOTS((4,4),(3,3),(5.09919444498427,5.12364298952488),
(0.,1.),.PIECEWISE_BEZIER_KNOTS.)
GEOMETRIC_REPRESENTATION_ITEM()
RATIONAL_B_SPLINE_SURFACE(((1.,0.795846461915343,1.),(1.,0.797522925817995,
1.),(1.,0.799185744354024,1.),(1.,0.800834678604002,1.)))
REPRESENTATION_ITEM('')
SURFACE()
);
#14=(
BOUNDED_SURFACE()
B_SPLINE_SURFACE(3,2,((#2565,#2566,#2567),(#2568,#2569,#2570),(#2571,#2572,
#2573),(#2574,#2575,#2576),(#2577,#2578,#2579),(#2580,#2581,#2582),(#2583,
#2584,#2585),(#2586,#2587,#2588),(#2589,#2590,#2591),(#2592,#2593,#2594),
(#2595,#2596,#2597),(#2598,#2599,#2600),(#2601,#2602,#2603),(#2604,#2605,
#2606),(#2607,#2608,#2609),(#2610,#2611,#2612)),.UNSPECIFIED.,.F.,.F.,.F.)
B_SPLINE_SURFACE_WITH_KNOTS((4,1,1,1,1,1,1,1,1,1,1,1,1,4),(3,3),(0.00515458976379977,
0.00530230847626707,0.00545002718873437,0.00559774590120167,0.00574546461366897,
0.00589318332613627,0.00604090203860357,0.00618862075107086,0.00633633946353816,
0.00648405817600546,0.00663177688847276,0.00692721431340736,0.00722265173834196,
0.00751808916327656),(0.,1.),.UNSPECIFIED.)
GEOMETRIC_REPRESENTATION_ITEM()
RATIONAL_B_SPLINE_SURFACE(((1.,0.382683432365093,1.),(1.,0.368139375709373,
1.),(1.,0.33831167662426,1.),(1.,0.29148747935609,1.),(1.,0.245396262035921,
1.),(1.,0.2142625820972,1.),(1.,0.223605005844512,1.),(1.,0.263272979349249,
1.),(1.,0.30876037594132,1.),(1.,0.353172665177282,1.),(1.,0.395053385783313,
1.),(1.,0.447141168587509,1.),(1.,0.504861395155801,1.),(1.,0.566802496559963,
1.),(1.,0.603369359897379,1.),(1.,0.620752079878763,1.)))
REPRESENTATION_ITEM('')
SURFACE()
);
#15=CONICAL_SURFACE('',#1537,0.009,0.785398163397448);
#16=CONICAL_SURFACE('',#1538,0.009,0.785398163397448);
#17=CONICAL_SURFACE('',#1539,0.009,0.785398163397448);
#18=CONICAL_SURFACE('',#1540,0.009,0.785398163397448);
#19=PLANE('',#1487);
#20=PLANE('',#1488);
#21=PLANE('',#1489);
#22=PLANE('',#1494);
#23=PLANE('',#1498);
#24=PLANE('',#1499);
#25=PLANE('',#1500);
#26=PLANE('',#1501);
#27=PLANE('',#1505);
#28=PLANE('',#1515);
#29=PLANE('',#1519);
#30=PLANE('',#1521);
#31=PLANE('',#1522);
#32=PLANE('',#1523);
#33=PLANE('',#1525);
#34=PLANE('',#1526);
#35=PLANE('',#1527);
#36=PLANE('',#1529);
#37=PLANE('',#1530);
#38=PLANE('',#1531);
#39=PLANE('',#1533);
#40=PLANE('',#1534);
#41=PLANE('',#1571);
#42=PLANE('',#1572);
#43=PLANE('',#1573);
#44=PLANE('',#1574);
#45=PLANE('',#1575);
#46=PLANE('',#1576);
#47=PLANE('',#1579);
#48=PLANE('',#1580);
#49=PLANE('',#1581);
#50=PLANE('',#1582);
#51=PLANE('',#1583);
#52=PLANE('',#1585);
#53=PLANE('',#1586);
#54=B_SPLINE_CURVE_WITH_KNOTS('',3,(#2026,#2027,#2028,#2029,#2030),
 .UNSPECIFIED.,.F.,.F.,(4,1,4),(0.,0.000992421410475305,0.00198484282095061),
 .UNSPECIFIED.);
#55=B_SPLINE_CURVE_WITH_KNOTS('',3,(#2039,#2040,#2041,#2042,#2043,#2044,
#2045),.UNSPECIFIED.,.F.,.F.,(4,1,1,1,4),(8.04189084655916E-18,0.000444269819591743,
0.000888539639183477,0.00133280945877521,0.00177707927836695),
 .UNSPECIFIED.);
#56=B_SPLINE_CURVE_WITH_KNOTS('',3,(#2047,#2048,#2049,#2050),
 .UNSPECIFIED.,.F.,.F.,(4,4),(0.,7.57748898514045E-5),.UNSPECIFIED.);
#57=B_SPLINE_CURVE_WITH_KNOTS('',3,(#2066,#2067,#2068,#2069),
 .UNSPECIFIED.,.F.,.F.,(4,4),(0.,0.000782220944586435),.UNSPECIFIED.);
#58=B_SPLINE_CURVE_WITH_KNOTS('',3,(#2073,#2074,#2075,#2076),
 .UNSPECIFIED.,.F.,.F.,(4,4),(0.,0.000782221290537903),.UNSPECIFIED.);
#59=B_SPLINE_CURVE_WITH_KNOTS('',3,(#2084,#2085,#2086,#2087),
 .UNSPECIFIED.,.F.,.F.,(4,4),(0.,0.000782220944586398),.UNSPECIFIED.);
#60=B_SPLINE_CURVE_WITH_KNOTS('',3,(#2091,#2092,#2093,#2094),
 .UNSPECIFIED.,.F.,.F.,(4,4),(0.,0.000782221290537914),.UNSPECIFIED.);
#61=B_SPLINE_CURVE_WITH_KNOTS('',3,(#2102,#2103,#2104,#2105),
 .UNSPECIFIED.,.F.,.F.,(4,4),(0.,0.000782220944586433),.UNSPECIFIED.);
#62=B_SPLINE_CURVE_WITH_KNOTS('',3,(#2109,#2110,#2111,#2112),
 .UNSPECIFIED.,.F.,.F.,(4,4),(0.,0.000782221290537908),.UNSPECIFIED.);
#63=B_SPLINE_CURVE_WITH_KNOTS('',3,(#2120,#2121,#2122,#2123),
 .UNSPECIFIED.,.F.,.F.,(4,4),(0.,0.000782220944586434),.UNSPECIFIED.);
#64=B_SPLINE_CURVE_WITH_KNOTS('',3,(#2127,#2128,#2129,#2130),
 .UNSPECIFIED.,.F.,.F.,(4,4),(0.,0.000782221290537903),.UNSPECIFIED.);
#65=B_SPLINE_CURVE_WITH_KNOTS('',3,(#2299,#2300,#2301,#2302),
 .UNSPECIFIED.,.F.,.F.,(4,4),(-0.000715688947115854,0.00579449074108049),
 .UNSPECIFIED.);
#66=B_SPLINE_CURVE_WITH_KNOTS('',3,(#2304,#2305,#2306,#2307),
 .UNSPECIFIED.,.F.,.F.,(4,4),(0.,0.00651017968819771),.UNSPECIFIED.);
#67=B_SPLINE_CURVE_WITH_KNOTS('',3,(#2319,#2320,#2321,#2322),
 .UNSPECIFIED.,.F.,.F.,(4,4),(-0.000715688947115697,0.00579449074108046),
 .UNSPECIFIED.);
#68=B_SPLINE_CURVE_WITH_KNOTS('',3,(#2324,#2325,#2326,#2327),
 .UNSPECIFIED.,.F.,.F.,(4,4),(0.,0.00651017968819706),.UNSPECIFIED.);
#69=B_SPLINE_CURVE_WITH_KNOTS('',3,(#2337,#2338,#2339,#2340),
 .UNSPECIFIED.,.F.,.F.,(4,4),(0.,0.00651017968819706),.UNSPECIFIED.);
#70=B_SPLINE_CURVE_WITH_KNOTS('',3,(#2346,#2347,#2348,#2349),
 .UNSPECIFIED.,.F.,.F.,(4,4),(-0.00071568894711577,0.00579449074108049),
 .UNSPECIFIED.);
#71=B_SPLINE_CURVE_WITH_KNOTS('',3,(#2357,#2358,#2359,#2360),
 .UNSPECIFIED.,.F.,.F.,(4,4),(0.,0.00651017968819834),.UNSPECIFIED.);
#72=B_SPLINE_CURVE_WITH_KNOTS('',3,(#2366,#2367,#2368,#2369),
 .UNSPECIFIED.,.F.,.F.,(4,4),(-0.000715688947115611,0.00579449074108047),
 .UNSPECIFIED.);
#73=B_SPLINE_CURVE_WITH_KNOTS('',3,(#2373,#2374,#2375,#2376,#2377),
 .UNSPECIFIED.,.F.,.F.,(4,1,4),(0.,0.00045807926762165,0.0009161585352433),
 .UNSPECIFIED.);
#74=B_SPLINE_CURVE_WITH_KNOTS('',3,(#2378,#2379,#2380,#2381,#2382),
 .UNSPECIFIED.,.F.,.F.,(4,1,4),(0.,0.000460834008199537,0.000921668016399075),
 .UNSPECIFIED.);
#75=B_SPLINE_CURVE_WITH_KNOTS('',3,(#2384,#2385,#2386,#2387,#2388),
 .UNSPECIFIED.,.F.,.F.,(4,1,4),(0.,0.00045807926762168,0.000916158535243361),
 .UNSPECIFIED.);
#76=B_SPLINE_CURVE_WITH_KNOTS('',3,(#2389,#2390,#2391,#2392,#2393),
 .UNSPECIFIED.,.F.,.F.,(4,1,4),(0.,0.000460834008199885,0.000921668016399771),
 .UNSPECIFIED.);
#77=B_SPLINE_CURVE_WITH_KNOTS('',3,(#2395,#2396,#2397,#2398,#2399),
 .UNSPECIFIED.,.F.,.F.,(4,1,4),(0.,0.000458079267621599,0.000916158535243199),
 .UNSPECIFIED.);
#78=B_SPLINE_CURVE_WITH_KNOTS('',3,(#2400,#2401,#2402,#2403,#2404),
 .UNSPECIFIED.,.F.,.F.,(4,1,4),(0.,0.000460834008199564,0.000921668016399127),
 .UNSPECIFIED.);
#79=B_SPLINE_CURVE_WITH_KNOTS('',3,(#2406,#2407,#2408,#2409,#2410),
 .UNSPECIFIED.,.F.,.F.,(4,1,4),(0.,0.000458079267621567,0.000916158535243133),
 .UNSPECIFIED.);
#80=B_SPLINE_CURVE_WITH_KNOTS('',3,(#2411,#2412,#2413,#2414,#2415),
 .UNSPECIFIED.,.F.,.F.,(4,1,4),(0.,0.000460834008200163,0.000921668016400326),
 .UNSPECIFIED.);
#81=B_SPLINE_CURVE_WITH_KNOTS('',3,(#2493,#2494,#2495,#2496),
 .UNSPECIFIED.,.F.,.F.,(4,4),(1.96357364789231E-18,0.000361721143906119),
 .UNSPECIFIED.);
#82=B_SPLINE_CURVE_WITH_KNOTS('',3,(#2500,#2501,#2502,#2503,#2504,#2505),
 .UNSPECIFIED.,.F.,.F.,(4,1,1,4),(9.10911455298887E-15,0.000551950338993055,
0.000827925508485027,0.001103900677977),.UNSPECIFIED.);
#83=B_SPLINE_CURVE_WITH_KNOTS('',3,(#2507,#2508,#2509,#2510,#2511,#2512,
#2513,#2514,#2515),.UNSPECIFIED.,.F.,.F.,(4,1,1,1,1,1,4),(0.,0.00058960729130398,
0.00117921458260796,0.00147401822825995,0.00176882187391194,0.00206362551956393,
0.00235842916521592),.UNSPECIFIED.);
#84=B_SPLINE_CURVE_WITH_KNOTS('',3,(#2519,#2520,#2521,#2522,#2523),
 .UNSPECIFIED.,.F.,.F.,(4,1,4),(0.,0.000848045909468429,0.00169609181893686),
 .UNSPECIFIED.);
#85=TOROIDAL_SURFACE('',#1460,0.014,0.001);
#86=TOROIDAL_SURFACE('',#1463,0.014,0.001);
#87=TOROIDAL_SURFACE('',#1541,0.014,0.001);
#88=TOROIDAL_SURFACE('',#1548,0.014,0.001);
#89=TOROIDAL_SURFACE('',#1550,0.014,0.001);
#90=TOROIDAL_SURFACE('',#1556,0.004,0.001);
#91=TOROIDAL_SURFACE('',#1557,0.014,0.001);
#92=TOROIDAL_SURFACE('',#1563,0.014,0.001);
#93=TOROIDAL_SURFACE('',#1569,0.004,0.001);
#94=CIRCLE('',#1456,0.015);
#95=CIRCLE('',#1457,0.015);
#96=CIRCLE('',#1458,0.015);
#97=CIRCLE('',#1459,0.015);
#98=CIRCLE('',#1461,0.014);
#99=CIRCLE('',#1462,0.001);
#100=CIRCLE('',#1464,0.014);
#101=CIRCLE('',#1465,0.001);
#102=CIRCLE('',#1467,0.0225);
#103=CIRCLE('',#1468,0.0225);
#104=CIRCLE('',#1469,0.0225);
#105=CIRCLE('',#1470,0.0225);
#106=CIRCLE('',#1471,0.0225);
#107=CIRCLE('',#1472,0.0225);
#108=CIRCLE('',#1473,0.0225);
#109=CIRCLE('',#1474,0.0225);
#110=CIRCLE('',#1475,0.0225);
#111=CIRCLE('',#1476,0.0225);
#112=CIRCLE('',#1478,0.005);
#113=CIRCLE('',#1479,0.005);
#114=CIRCLE('',#1480,0.005);
#115=CIRCLE('',#1481,0.005);
#116=CIRCLE('',#1482,0.005);
#117=CIRCLE('',#1483,0.005);
#118=CIRCLE('',#1484,0.005);
#119=CIRCLE('',#1485,0.005);
#120=CIRCLE('',#1486,0.005);
#121=CIRCLE('',#1490,0.004);
#122=CIRCLE('',#1491,0.014);
#123=CIRCLE('',#1492,0.014);
#124=CIRCLE('',#1493,0.014);
#125=CIRCLE('',#1495,0.014);
#126=CIRCLE('',#1496,0.014);
#127=CIRCLE('',#1497,0.004);
#128=CIRCLE('',#1502,0.01);
#129=CIRCLE('',#1503,0.002);
#130=CIRCLE('',#1504,0.002);
#131=CIRCLE('',#1507,0.015);
#132=CIRCLE('',#1508,0.015);
#133=CIRCLE('',#1510,0.015);
#134=CIRCLE('',#1511,0.015);
#135=CIRCLE('',#1513,0.005);
#136=CIRCLE('',#1514,0.005);
#137=CIRCLE('',#1516,0.002);
#138=CIRCLE('',#1517,0.01);
#139=CIRCLE('',#1518,0.002);
#140=CIRCLE('',#1520,0.009);
#141=CIRCLE('',#1524,0.009);
#142=CIRCLE('',#1528,0.009);
#143=CIRCLE('',#1532,0.009);
#144=CIRCLE('',#1542,0.001);
#145=CIRCLE('',#1543,0.001);
#146=CIRCLE('',#1545,0.001);
#147=CIRCLE('',#1547,0.001);
#148=CIRCLE('',#1549,0.001);
#149=CIRCLE('',#1551,0.001);
#150=CIRCLE('',#1553,0.001);
#151=CIRCLE('',#1555,0.001);
#152=CIRCLE('',#1558,0.001);
#153=CIRCLE('',#1559,0.001);
#154=CIRCLE('',#1561,0.001);
#155=CIRCLE('',#1564,0.001);
#156=CIRCLE('',#1566,0.001);
#157=CIRCLE('',#1568,0.001);
#158=CIRCLE('',#1577,0.00025);
#159=CIRCLE('',#1578,0.00025);
#160=CIRCLE('',#1588,0.00025);
#161=CIRCLE('',#1589,0.00025);
#162=CIRCLE('',#1591,0.00025);
#163=ELLIPSE('',#1455,0.0210371694864115,0.015);
#164=ELLIPSE('',#1584,0.0208596500450032,0.01475);
#165=ORIENTED_EDGE('',*,*,#591,.T.);
#166=ORIENTED_EDGE('',*,*,#592,.T.);
#167=ORIENTED_EDGE('',*,*,#593,.T.);
#168=ORIENTED_EDGE('',*,*,#594,.F.);
#169=ORIENTED_EDGE('',*,*,#595,.T.);
#170=ORIENTED_EDGE('',*,*,#596,.F.);
#171=ORIENTED_EDGE('',*,*,#597,.T.);
#172=ORIENTED_EDGE('',*,*,#598,.T.);
#173=ORIENTED_EDGE('',*,*,#599,.T.);
#174=ORIENTED_EDGE('',*,*,#593,.F.);
#175=ORIENTED_EDGE('',*,*,#600,.T.);
#176=ORIENTED_EDGE('',*,*,#601,.F.);
#177=ORIENTED_EDGE('',*,*,#602,.F.);
#178=ORIENTED_EDGE('',*,*,#603,.F.);
#179=ORIENTED_EDGE('',*,*,#604,.T.);
#180=ORIENTED_EDGE('',*,*,#605,.T.);
#181=ORIENTED_EDGE('',*,*,#597,.F.);
#182=ORIENTED_EDGE('',*,*,#606,.T.);
#183=ORIENTED_EDGE('',*,*,#607,.F.);
#184=ORIENTED_EDGE('',*,*,#608,.T.);
#185=ORIENTED_EDGE('',*,*,#609,.F.);
#186=ORIENTED_EDGE('',*,*,#610,.F.);
#187=ORIENTED_EDGE('',*,*,#611,.T.);
#188=ORIENTED_EDGE('',*,*,#612,.T.);
#189=ORIENTED_EDGE('',*,*,#613,.T.);
#190=ORIENTED_EDGE('',*,*,#614,.F.);
#191=ORIENTED_EDGE('',*,*,#615,.T.);
#192=ORIENTED_EDGE('',*,*,#616,.F.);
#193=ORIENTED_EDGE('',*,*,#617,.T.);
#194=ORIENTED_EDGE('',*,*,#618,.T.);
#195=ORIENTED_EDGE('',*,*,#619,.T.);
#196=ORIENTED_EDGE('',*,*,#620,.F.);
#197=ORIENTED_EDGE('',*,*,#621,.T.);
#198=ORIENTED_EDGE('',*,*,#622,.F.);
#199=ORIENTED_EDGE('',*,*,#623,.T.);
#200=ORIENTED_EDGE('',*,*,#624,.T.);
#201=ORIENTED_EDGE('',*,*,#625,.T.);
#202=ORIENTED_EDGE('',*,*,#626,.F.);
#203=ORIENTED_EDGE('',*,*,#627,.T.);
#204=ORIENTED_EDGE('',*,*,#628,.F.);
#205=ORIENTED_EDGE('',*,*,#629,.T.);
#206=ORIENTED_EDGE('',*,*,#630,.T.);
#207=ORIENTED_EDGE('',*,*,#631,.T.);
#208=ORIENTED_EDGE('',*,*,#632,.F.);
#209=ORIENTED_EDGE('',*,*,#633,.T.);
#210=ORIENTED_EDGE('',*,*,#634,.F.);
#211=ORIENTED_EDGE('',*,*,#635,.F.);
#212=ORIENTED_EDGE('',*,*,#636,.T.);
#213=ORIENTED_EDGE('',*,*,#637,.T.);
#214=ORIENTED_EDGE('',*,*,#638,.F.);
#215=ORIENTED_EDGE('',*,*,#639,.F.);
#216=ORIENTED_EDGE('',*,*,#640,.T.);
#217=ORIENTED_EDGE('',*,*,#641,.T.);
#218=ORIENTED_EDGE('',*,*,#642,.F.);
#219=ORIENTED_EDGE('',*,*,#643,.F.);
#220=ORIENTED_EDGE('',*,*,#644,.T.);
#221=ORIENTED_EDGE('',*,*,#645,.T.);
#222=ORIENTED_EDGE('',*,*,#646,.F.);
#223=ORIENTED_EDGE('',*,*,#647,.F.);
#224=ORIENTED_EDGE('',*,*,#648,.T.);
#225=ORIENTED_EDGE('',*,*,#649,.T.);
#226=ORIENTED_EDGE('',*,*,#650,.F.);
#227=ORIENTED_EDGE('',*,*,#651,.T.);
#228=ORIENTED_EDGE('',*,*,#652,.T.);
#229=ORIENTED_EDGE('',*,*,#653,.T.);
#230=ORIENTED_EDGE('',*,*,#654,.F.);
#231=ORIENTED_EDGE('',*,*,#610,.T.);
#232=ORIENTED_EDGE('',*,*,#655,.T.);
#233=ORIENTED_EDGE('',*,*,#656,.T.);
#234=ORIENTED_EDGE('',*,*,#657,.T.);
#235=ORIENTED_EDGE('',*,*,#658,.F.);
#236=ORIENTED_EDGE('',*,*,#659,.T.);
#237=ORIENTED_EDGE('',*,*,#660,.T.);
#238=ORIENTED_EDGE('',*,*,#594,.T.);
#239=ORIENTED_EDGE('',*,*,#661,.T.);
#240=ORIENTED_EDGE('',*,*,#662,.T.);
#241=ORIENTED_EDGE('',*,*,#663,.T.);
#242=ORIENTED_EDGE('',*,*,#664,.T.);
#243=ORIENTED_EDGE('',*,*,#665,.F.);
#244=ORIENTED_EDGE('',*,*,#666,.T.);
#245=ORIENTED_EDGE('',*,*,#667,.T.);
#246=ORIENTED_EDGE('',*,*,#668,.T.);
#247=ORIENTED_EDGE('',*,*,#669,.T.);
#248=ORIENTED_EDGE('',*,*,#670,.T.);
#249=ORIENTED_EDGE('',*,*,#671,.T.);
#250=ORIENTED_EDGE('',*,*,#672,.T.);
#251=ORIENTED_EDGE('',*,*,#673,.T.);
#252=ORIENTED_EDGE('',*,*,#629,.F.);
#253=ORIENTED_EDGE('',*,*,#674,.F.);
#254=ORIENTED_EDGE('',*,*,#638,.T.);
#255=ORIENTED_EDGE('',*,*,#675,.T.);
#256=ORIENTED_EDGE('',*,*,#611,.F.);
#257=ORIENTED_EDGE('',*,*,#676,.F.);
#258=ORIENTED_EDGE('',*,*,#650,.T.);
#259=ORIENTED_EDGE('',*,*,#677,.T.);
#260=ORIENTED_EDGE('',*,*,#617,.F.);
#261=ORIENTED_EDGE('',*,*,#678,.F.);
#262=ORIENTED_EDGE('',*,*,#646,.T.);
#263=ORIENTED_EDGE('',*,*,#679,.T.);
#264=ORIENTED_EDGE('',*,*,#680,.T.);
#265=ORIENTED_EDGE('',*,*,#623,.F.);
#266=ORIENTED_EDGE('',*,*,#681,.F.);
#267=ORIENTED_EDGE('',*,*,#642,.T.);
#268=ORIENTED_EDGE('',*,*,#601,.T.);
#269=ORIENTED_EDGE('',*,*,#682,.T.);
#270=ORIENTED_EDGE('',*,*,#683,.F.);
#271=ORIENTED_EDGE('',*,*,#684,.T.);
#272=ORIENTED_EDGE('',*,*,#603,.T.);
#273=ORIENTED_EDGE('',*,*,#685,.T.);
#274=ORIENTED_EDGE('',*,*,#686,.T.);
#275=ORIENTED_EDGE('',*,*,#687,.T.);
#276=ORIENTED_EDGE('',*,*,#688,.T.);
#277=ORIENTED_EDGE('',*,*,#689,.T.);
#278=ORIENTED_EDGE('',*,*,#690,.T.);
#279=ORIENTED_EDGE('',*,*,#691,.T.);
#280=ORIENTED_EDGE('',*,*,#692,.T.);
#281=ORIENTED_EDGE('',*,*,#693,.T.);
#282=ORIENTED_EDGE('',*,*,#694,.T.);
#283=ORIENTED_EDGE('',*,*,#695,.T.);
#284=ORIENTED_EDGE('',*,*,#696,.T.);
#285=ORIENTED_EDGE('',*,*,#697,.T.);
#286=ORIENTED_EDGE('',*,*,#698,.T.);
#287=ORIENTED_EDGE('',*,*,#699,.T.);
#288=ORIENTED_EDGE('',*,*,#596,.T.);
#289=ORIENTED_EDGE('',*,*,#700,.T.);
#290=ORIENTED_EDGE('',*,*,#701,.T.);
#291=ORIENTED_EDGE('',*,*,#702,.T.);
#292=ORIENTED_EDGE('',*,*,#651,.F.);
#293=ORIENTED_EDGE('',*,*,#703,.F.);
#294=ORIENTED_EDGE('',*,*,#704,.T.);
#295=ORIENTED_EDGE('',*,*,#607,.T.);
#296=ORIENTED_EDGE('',*,*,#654,.T.);
#297=ORIENTED_EDGE('',*,*,#705,.T.);
#298=ORIENTED_EDGE('',*,*,#656,.F.);
#299=ORIENTED_EDGE('',*,*,#706,.T.);
#300=ORIENTED_EDGE('',*,*,#707,.F.);
#301=ORIENTED_EDGE('',*,*,#708,.T.);
#302=ORIENTED_EDGE('',*,*,#703,.T.);
#303=ORIENTED_EDGE('',*,*,#709,.T.);
#304=ORIENTED_EDGE('',*,*,#701,.F.);
#305=ORIENTED_EDGE('',*,*,#710,.T.);
#306=ORIENTED_EDGE('',*,*,#692,.F.);
#307=ORIENTED_EDGE('',*,*,#711,.T.);
#308=ORIENTED_EDGE('',*,*,#694,.F.);
#309=ORIENTED_EDGE('',*,*,#712,.T.);
#310=ORIENTED_EDGE('',*,*,#696,.F.);
#311=ORIENTED_EDGE('',*,*,#713,.T.);
#312=ORIENTED_EDGE('',*,*,#698,.F.);
#313=ORIENTED_EDGE('',*,*,#714,.T.);
#314=ORIENTED_EDGE('',*,*,#659,.F.);
#315=ORIENTED_EDGE('',*,*,#715,.T.);
#316=ORIENTED_EDGE('',*,*,#658,.T.);
#317=ORIENTED_EDGE('',*,*,#716,.T.);
#318=ORIENTED_EDGE('',*,*,#652,.F.);
#319=ORIENTED_EDGE('',*,*,#609,.T.);
#320=ORIENTED_EDGE('',*,*,#717,.T.);
#321=ORIENTED_EDGE('',*,*,#707,.T.);
#322=ORIENTED_EDGE('',*,*,#718,.T.);
#323=ORIENTED_EDGE('',*,*,#620,.T.);
#324=ORIENTED_EDGE('',*,*,#719,.T.);
#325=ORIENTED_EDGE('',*,*,#720,.T.);
#326=ORIENTED_EDGE('',*,*,#721,.T.);
#327=ORIENTED_EDGE('',*,*,#622,.T.);
#328=ORIENTED_EDGE('',*,*,#722,.T.);
#329=ORIENTED_EDGE('',*,*,#723,.T.);
#330=ORIENTED_EDGE('',*,*,#643,.T.);
#331=ORIENTED_EDGE('',*,*,#681,.T.);
#332=ORIENTED_EDGE('',*,*,#724,.T.);
#333=ORIENTED_EDGE('',*,*,#725,.T.);
#334=ORIENTED_EDGE('',*,*,#618,.F.);
#335=ORIENTED_EDGE('',*,*,#679,.F.);
#336=ORIENTED_EDGE('',*,*,#645,.F.);
#337=ORIENTED_EDGE('',*,*,#726,.T.);
#338=ORIENTED_EDGE('',*,*,#727,.T.);
#339=ORIENTED_EDGE('',*,*,#614,.T.);
#340=ORIENTED_EDGE('',*,*,#728,.T.);
#341=ORIENTED_EDGE('',*,*,#616,.T.);
#342=ORIENTED_EDGE('',*,*,#729,.T.);
#343=ORIENTED_EDGE('',*,*,#730,.T.);
#344=ORIENTED_EDGE('',*,*,#647,.T.);
#345=ORIENTED_EDGE('',*,*,#678,.T.);
#346=ORIENTED_EDGE('',*,*,#731,.T.);
#347=ORIENTED_EDGE('',*,*,#732,.T.);
#348=ORIENTED_EDGE('',*,*,#612,.F.);
#349=ORIENTED_EDGE('',*,*,#677,.F.);
#350=ORIENTED_EDGE('',*,*,#649,.F.);
#351=ORIENTED_EDGE('',*,*,#632,.T.);
#352=ORIENTED_EDGE('',*,*,#733,.T.);
#353=ORIENTED_EDGE('',*,*,#734,.T.);
#354=ORIENTED_EDGE('',*,*,#735,.T.);
#355=ORIENTED_EDGE('',*,*,#736,.T.);
#356=ORIENTED_EDGE('',*,*,#737,.T.);
#357=ORIENTED_EDGE('',*,*,#630,.F.);
#358=ORIENTED_EDGE('',*,*,#675,.F.);
#359=ORIENTED_EDGE('',*,*,#637,.F.);
#360=ORIENTED_EDGE('',*,*,#634,.T.);
#361=ORIENTED_EDGE('',*,*,#738,.T.);
#362=ORIENTED_EDGE('',*,*,#739,.T.);
#363=ORIENTED_EDGE('',*,*,#635,.T.);
#364=ORIENTED_EDGE('',*,*,#676,.T.);
#365=ORIENTED_EDGE('',*,*,#626,.T.);
#366=ORIENTED_EDGE('',*,*,#740,.T.);
#367=ORIENTED_EDGE('',*,*,#741,.T.);
#368=ORIENTED_EDGE('',*,*,#742,.T.);
#369=ORIENTED_EDGE('',*,*,#743,.T.);
#370=ORIENTED_EDGE('',*,*,#744,.T.);
#371=ORIENTED_EDGE('',*,*,#624,.F.);
#372=ORIENTED_EDGE('',*,*,#680,.F.);
#373=ORIENTED_EDGE('',*,*,#641,.F.);
#374=ORIENTED_EDGE('',*,*,#628,.T.);
#375=ORIENTED_EDGE('',*,*,#745,.T.);
#376=ORIENTED_EDGE('',*,*,#746,.T.);
#377=ORIENTED_EDGE('',*,*,#639,.T.);
#378=ORIENTED_EDGE('',*,*,#674,.T.);
#379=ORIENTED_EDGE('',*,*,#718,.F.);
#380=ORIENTED_EDGE('',*,*,#709,.F.);
#381=ORIENTED_EDGE('',*,*,#706,.F.);
#382=ORIENTED_EDGE('',*,*,#655,.F.);
#383=ORIENTED_EDGE('',*,*,#705,.F.);
#384=ORIENTED_EDGE('',*,*,#653,.F.);
#385=ORIENTED_EDGE('',*,*,#716,.F.);
#386=ORIENTED_EDGE('',*,*,#657,.F.);
#387=ORIENTED_EDGE('',*,*,#736,.F.);
#388=ORIENTED_EDGE('',*,*,#636,.F.);
#389=ORIENTED_EDGE('',*,*,#739,.F.);
#390=ORIENTED_EDGE('',*,*,#747,.T.);
#391=ORIENTED_EDGE('',*,*,#734,.F.);
#392=ORIENTED_EDGE('',*,*,#748,.T.);
#393=ORIENTED_EDGE('',*,*,#724,.F.);
#394=ORIENTED_EDGE('',*,*,#644,.F.);
#395=ORIENTED_EDGE('',*,*,#723,.F.);
#396=ORIENTED_EDGE('',*,*,#749,.T.);
#397=ORIENTED_EDGE('',*,*,#720,.F.);
#398=ORIENTED_EDGE('',*,*,#750,.T.);
#399=ORIENTED_EDGE('',*,*,#731,.F.);
#400=ORIENTED_EDGE('',*,*,#648,.F.);
#401=ORIENTED_EDGE('',*,*,#730,.F.);
#402=ORIENTED_EDGE('',*,*,#751,.T.);
#403=ORIENTED_EDGE('',*,*,#726,.F.);
#404=ORIENTED_EDGE('',*,*,#752,.T.);
#405=ORIENTED_EDGE('',*,*,#743,.F.);
#406=ORIENTED_EDGE('',*,*,#640,.F.);
#407=ORIENTED_EDGE('',*,*,#746,.F.);
#408=ORIENTED_EDGE('',*,*,#753,.T.);
#409=ORIENTED_EDGE('',*,*,#741,.F.);
#410=ORIENTED_EDGE('',*,*,#754,.T.);
#411=ORIENTED_EDGE('',*,*,#755,.F.);
#412=ORIENTED_EDGE('',*,*,#710,.F.);
#413=ORIENTED_EDGE('',*,*,#756,.F.);
#414=ORIENTED_EDGE('',*,*,#671,.F.);
#415=ORIENTED_EDGE('',*,*,#756,.T.);
#416=ORIENTED_EDGE('',*,*,#700,.F.);
#417=ORIENTED_EDGE('',*,*,#757,.F.);
#418=ORIENTED_EDGE('',*,*,#672,.F.);
#419=ORIENTED_EDGE('',*,*,#755,.T.);
#420=ORIENTED_EDGE('',*,*,#670,.F.);
#421=ORIENTED_EDGE('',*,*,#758,.F.);
#422=ORIENTED_EDGE('',*,*,#693,.F.);
#423=ORIENTED_EDGE('',*,*,#757,.T.);
#424=ORIENTED_EDGE('',*,*,#595,.F.);
#425=ORIENTED_EDGE('',*,*,#759,.F.);
#426=ORIENTED_EDGE('',*,*,#673,.F.);
#427=ORIENTED_EDGE('',*,*,#758,.T.);
#428=ORIENTED_EDGE('',*,*,#669,.F.);
#429=ORIENTED_EDGE('',*,*,#760,.F.);
#430=ORIENTED_EDGE('',*,*,#712,.F.);
#431=ORIENTED_EDGE('',*,*,#759,.T.);
#432=ORIENTED_EDGE('',*,*,#660,.F.);
#433=ORIENTED_EDGE('',*,*,#761,.F.);
#434=ORIENTED_EDGE('',*,*,#666,.F.);
#435=ORIENTED_EDGE('',*,*,#760,.T.);
#436=ORIENTED_EDGE('',*,*,#668,.F.);
#437=ORIENTED_EDGE('',*,*,#762,.F.);
#438=ORIENTED_EDGE('',*,*,#697,.F.);
#439=ORIENTED_EDGE('',*,*,#761,.T.);
#440=ORIENTED_EDGE('',*,*,#714,.F.);
#441=ORIENTED_EDGE('',*,*,#762,.T.);
#442=ORIENTED_EDGE('',*,*,#667,.F.);
#443=ORIENTED_EDGE('',*,*,#763,.F.);
#444=ORIENTED_EDGE('',*,*,#711,.F.);
#445=ORIENTED_EDGE('',*,*,#764,.F.);
#446=ORIENTED_EDGE('',*,*,#686,.F.);
#447=ORIENTED_EDGE('',*,*,#764,.T.);
#448=ORIENTED_EDGE('',*,*,#695,.F.);
#449=ORIENTED_EDGE('',*,*,#765,.F.);
#450=ORIENTED_EDGE('',*,*,#687,.F.);
#451=ORIENTED_EDGE('',*,*,#763,.T.);
#452=ORIENTED_EDGE('',*,*,#685,.F.);
#453=ORIENTED_EDGE('',*,*,#606,.F.);
#454=ORIENTED_EDGE('',*,*,#702,.F.);
#455=ORIENTED_EDGE('',*,*,#765,.T.);
#456=ORIENTED_EDGE('',*,*,#713,.F.);
#457=ORIENTED_EDGE('',*,*,#766,.F.);
#458=ORIENTED_EDGE('',*,*,#688,.F.);
#459=ORIENTED_EDGE('',*,*,#766,.T.);
#460=ORIENTED_EDGE('',*,*,#699,.F.);
#461=ORIENTED_EDGE('',*,*,#767,.F.);
#462=ORIENTED_EDGE('',*,*,#689,.F.);
#463=ORIENTED_EDGE('',*,*,#602,.T.);
#464=ORIENTED_EDGE('',*,*,#691,.F.);
#465=ORIENTED_EDGE('',*,*,#768,.F.);
#466=ORIENTED_EDGE('',*,*,#661,.F.);
#467=ORIENTED_EDGE('',*,*,#767,.T.);
#468=ORIENTED_EDGE('',*,*,#715,.F.);
#469=ORIENTED_EDGE('',*,*,#768,.T.);
#470=ORIENTED_EDGE('',*,*,#690,.F.);
#471=ORIENTED_EDGE('',*,*,#717,.F.);
#472=ORIENTED_EDGE('',*,*,#608,.F.);
#473=ORIENTED_EDGE('',*,*,#704,.F.);
#474=ORIENTED_EDGE('',*,*,#708,.F.);
#475=ORIENTED_EDGE('',*,*,#662,.F.);
#476=ORIENTED_EDGE('',*,*,#769,.T.);
#477=ORIENTED_EDGE('',*,*,#770,.F.);
#478=ORIENTED_EDGE('',*,*,#771,.T.);
#479=ORIENTED_EDGE('',*,*,#772,.T.);
#480=ORIENTED_EDGE('',*,*,#773,.T.);
#481=ORIENTED_EDGE('',*,*,#664,.F.);
#482=ORIENTED_EDGE('',*,*,#774,.T.);
#483=ORIENTED_EDGE('',*,*,#775,.F.);
#484=ORIENTED_EDGE('',*,*,#776,.T.);
#485=ORIENTED_EDGE('',*,*,#777,.T.);
#486=ORIENTED_EDGE('',*,*,#778,.T.);
#487=ORIENTED_EDGE('',*,*,#779,.T.);
#488=ORIENTED_EDGE('',*,*,#777,.F.);
#489=ORIENTED_EDGE('',*,*,#780,.F.);
#490=ORIENTED_EDGE('',*,*,#770,.T.);
#491=ORIENTED_EDGE('',*,*,#781,.F.);
#492=ORIENTED_EDGE('',*,*,#772,.F.);
#493=ORIENTED_EDGE('',*,*,#782,.T.);
#494=ORIENTED_EDGE('',*,*,#775,.T.);
#495=ORIENTED_EDGE('',*,*,#771,.F.);
#496=ORIENTED_EDGE('',*,*,#780,.T.);
#497=ORIENTED_EDGE('',*,*,#776,.F.);
#498=ORIENTED_EDGE('',*,*,#782,.F.);
#499=ORIENTED_EDGE('',*,*,#783,.F.);
#500=ORIENTED_EDGE('',*,*,#784,.T.);
#501=ORIENTED_EDGE('',*,*,#785,.T.);
#502=ORIENTED_EDGE('',*,*,#786,.T.);
#503=ORIENTED_EDGE('',*,*,#683,.T.);
#504=ORIENTED_EDGE('',*,*,#787,.T.);
#505=ORIENTED_EDGE('',*,*,#788,.T.);
#506=ORIENTED_EDGE('',*,*,#789,.F.);
#507=ORIENTED_EDGE('',*,*,#599,.F.);
#508=ORIENTED_EDGE('',*,*,#790,.T.);
#509=ORIENTED_EDGE('',*,*,#783,.T.);
#510=ORIENTED_EDGE('',*,*,#791,.T.);
#511=ORIENTED_EDGE('',*,*,#791,.F.);
#512=ORIENTED_EDGE('',*,*,#789,.T.);
#513=ORIENTED_EDGE('',*,*,#792,.T.);
#514=ORIENTED_EDGE('',*,*,#793,.T.);
#515=ORIENTED_EDGE('',*,*,#591,.F.);
#516=ORIENTED_EDGE('',*,*,#794,.F.);
#517=ORIENTED_EDGE('',*,*,#784,.F.);
#518=ORIENTED_EDGE('',*,*,#790,.F.);
#519=ORIENTED_EDGE('',*,*,#598,.F.);
#520=ORIENTED_EDGE('',*,*,#605,.F.);
#521=ORIENTED_EDGE('',*,*,#795,.T.);
#522=ORIENTED_EDGE('',*,*,#794,.T.);
#523=ORIENTED_EDGE('',*,*,#796,.T.);
#524=ORIENTED_EDGE('',*,*,#797,.T.);
#525=ORIENTED_EDGE('',*,*,#785,.F.);
#526=ORIENTED_EDGE('',*,*,#798,.T.);
#527=ORIENTED_EDGE('',*,*,#799,.T.);
#528=ORIENTED_EDGE('',*,*,#792,.F.);
#529=ORIENTED_EDGE('',*,*,#788,.F.);
#530=ORIENTED_EDGE('',*,*,#800,.T.);
#531=ORIENTED_EDGE('',*,*,#769,.F.);
#532=ORIENTED_EDGE('',*,*,#665,.T.);
#533=ORIENTED_EDGE('',*,*,#778,.F.);
#534=ORIENTED_EDGE('',*,*,#779,.F.);
#535=ORIENTED_EDGE('',*,*,#773,.F.);
#536=ORIENTED_EDGE('',*,*,#781,.T.);
#537=ORIENTED_EDGE('',*,*,#774,.F.);
#538=ORIENTED_EDGE('',*,*,#663,.F.);
#539=ORIENTED_EDGE('',*,*,#787,.F.);
#540=ORIENTED_EDGE('',*,*,#682,.F.);
#541=ORIENTED_EDGE('',*,*,#801,.F.);
#542=ORIENTED_EDGE('',*,*,#800,.F.);
#543=ORIENTED_EDGE('',*,*,#801,.T.);
#544=ORIENTED_EDGE('',*,*,#600,.F.);
#545=ORIENTED_EDGE('',*,*,#802,.F.);
#546=ORIENTED_EDGE('',*,*,#798,.F.);
#547=ORIENTED_EDGE('',*,*,#793,.F.);
#548=ORIENTED_EDGE('',*,*,#799,.F.);
#549=ORIENTED_EDGE('',*,*,#802,.T.);
#550=ORIENTED_EDGE('',*,*,#592,.F.);
#551=ORIENTED_EDGE('',*,*,#786,.F.);
#552=ORIENTED_EDGE('',*,*,#797,.F.);
#553=ORIENTED_EDGE('',*,*,#803,.F.);
#554=ORIENTED_EDGE('',*,*,#684,.F.);
#555=ORIENTED_EDGE('',*,*,#803,.T.);
#556=ORIENTED_EDGE('',*,*,#796,.F.);
#557=ORIENTED_EDGE('',*,*,#795,.F.);
#558=ORIENTED_EDGE('',*,*,#604,.F.);
#559=ORIENTED_EDGE('',*,*,#754,.F.);
#560=ORIENTED_EDGE('',*,*,#740,.F.);
#561=ORIENTED_EDGE('',*,*,#625,.F.);
#562=ORIENTED_EDGE('',*,*,#744,.F.);
#563=ORIENTED_EDGE('',*,*,#753,.F.);
#564=ORIENTED_EDGE('',*,*,#745,.F.);
#565=ORIENTED_EDGE('',*,*,#627,.F.);
#566=ORIENTED_EDGE('',*,*,#742,.F.);
#567=ORIENTED_EDGE('',*,*,#748,.F.);
#568=ORIENTED_EDGE('',*,*,#733,.F.);
#569=ORIENTED_EDGE('',*,*,#631,.F.);
#570=ORIENTED_EDGE('',*,*,#737,.F.);
#571=ORIENTED_EDGE('',*,*,#747,.F.);
#572=ORIENTED_EDGE('',*,*,#738,.F.);
#573=ORIENTED_EDGE('',*,*,#633,.F.);
#574=ORIENTED_EDGE('',*,*,#735,.F.);
#575=ORIENTED_EDGE('',*,*,#751,.F.);
#576=ORIENTED_EDGE('',*,*,#729,.F.);
#577=ORIENTED_EDGE('',*,*,#615,.F.);
#578=ORIENTED_EDGE('',*,*,#727,.F.);
#579=ORIENTED_EDGE('',*,*,#752,.F.);
#580=ORIENTED_EDGE('',*,*,#728,.F.);
#581=ORIENTED_EDGE('',*,*,#613,.F.);
#582=ORIENTED_EDGE('',*,*,#732,.F.);
#583=ORIENTED_EDGE('',*,*,#750,.F.);
#584=ORIENTED_EDGE('',*,*,#719,.F.);
#585=ORIENTED_EDGE('',*,*,#619,.F.);
#586=ORIENTED_EDGE('',*,*,#725,.F.);
#587=ORIENTED_EDGE('',*,*,#749,.F.);
#588=ORIENTED_EDGE('',*,*,#722,.F.);
#589=ORIENTED_EDGE('',*,*,#621,.F.);
#590=ORIENTED_EDGE('',*,*,#721,.F.);
#591=EDGE_CURVE('',#804,#805,#940,.T.);
#592=EDGE_CURVE('',#805,#806,#163,.F.);
#593=EDGE_CURVE('',#806,#807,#94,.F.);
#594=EDGE_CURVE('',#808,#807,#941,.F.);
#595=EDGE_CURVE('',#808,#809,#95,.F.);
#596=EDGE_CURVE('',#810,#809,#942,.T.);
#597=EDGE_CURVE('',#810,#811,#96,.F.);
#598=EDGE_CURVE('',#811,#812,#943,.F.);
#599=EDGE_CURVE('',#812,#804,#97,.F.);
#600=EDGE_CURVE('',#806,#813,#54,.T.);
#601=EDGE_CURVE('',#814,#813,#98,.T.);
#602=EDGE_CURVE('',#807,#814,#99,.T.);
#603=EDGE_CURVE('',#815,#816,#100,.T.);
#604=EDGE_CURVE('',#815,#817,#55,.T.);
#605=EDGE_CURVE('',#817,#811,#56,.T.);
#606=EDGE_CURVE('',#810,#816,#101,.T.);
#607=EDGE_CURVE('',#818,#819,#102,.T.);
#608=EDGE_CURVE('',#818,#820,#944,.T.);
#609=EDGE_CURVE('',#821,#820,#103,.T.);
#610=EDGE_CURVE('',#819,#821,#945,.T.);
#611=EDGE_CURVE('',#822,#823,#104,.T.);
#612=EDGE_CURVE('',#823,#824,#946,.F.);
#613=EDGE_CURVE('',#824,#825,#57,.T.);
#614=EDGE_CURVE('',#826,#825,#105,.F.);
#615=EDGE_CURVE('',#826,#827,#58,.T.);
#616=EDGE_CURVE('',#828,#827,#947,.F.);
#617=EDGE_CURVE('',#828,#829,#106,.T.);
#618=EDGE_CURVE('',#829,#830,#948,.F.);
#619=EDGE_CURVE('',#830,#831,#59,.T.);
#620=EDGE_CURVE('',#832,#831,#107,.F.);
#621=EDGE_CURVE('',#832,#833,#60,.T.);
#622=EDGE_CURVE('',#834,#833,#949,.F.);
#623=EDGE_CURVE('',#834,#835,#108,.T.);
#624=EDGE_CURVE('',#835,#836,#950,.F.);
#625=EDGE_CURVE('',#836,#837,#61,.T.);
#626=EDGE_CURVE('',#838,#837,#109,.F.);
#627=EDGE_CURVE('',#838,#839,#62,.T.);
#628=EDGE_CURVE('',#840,#839,#951,.F.);
#629=EDGE_CURVE('',#840,#841,#110,.T.);
#630=EDGE_CURVE('',#841,#842,#952,.F.);
#631=EDGE_CURVE('',#842,#843,#63,.T.);
#632=EDGE_CURVE('',#844,#843,#111,.F.);
#633=EDGE_CURVE('',#844,#845,#64,.T.);
#634=EDGE_CURVE('',#822,#845,#953,.F.);
#635=EDGE_CURVE('',#846,#847,#954,.F.);
#636=EDGE_CURVE('',#846,#848,#112,.F.);
#637=EDGE_CURVE('',#848,#849,#955,.F.);
#638=EDGE_CURVE('',#850,#849,#113,.T.);
#639=EDGE_CURVE('',#851,#850,#956,.F.);
#640=EDGE_CURVE('',#851,#852,#114,.F.);
#641=EDGE_CURVE('',#852,#853,#957,.F.);
#642=EDGE_CURVE('',#854,#853,#115,.T.);
#643=EDGE_CURVE('',#855,#854,#958,.F.);
#644=EDGE_CURVE('',#855,#856,#116,.F.);
#645=EDGE_CURVE('',#856,#857,#959,.F.);
#646=EDGE_CURVE('',#858,#857,#117,.T.);
#647=EDGE_CURVE('',#859,#858,#960,.F.);
#648=EDGE_CURVE('',#859,#860,#118,.F.);
#649=EDGE_CURVE('',#860,#861,#961,.F.);
#650=EDGE_CURVE('',#847,#861,#119,.T.);
#651=EDGE_CURVE('',#862,#862,#120,.T.);
#652=EDGE_CURVE('',#821,#863,#962,.T.);
#653=EDGE_CURVE('',#863,#864,#963,.F.);
#654=EDGE_CURVE('',#819,#864,#964,.T.);
#655=EDGE_CURVE('',#865,#866,#965,.T.);
#656=EDGE_CURVE('',#866,#867,#966,.T.);
#657=EDGE_CURVE('',#867,#868,#967,.T.);
#658=EDGE_CURVE('',#865,#868,#968,.T.);
#659=EDGE_CURVE('',#869,#870,#969,.T.);
#660=EDGE_CURVE('',#870,#808,#970,.T.);
#661=EDGE_CURVE('',#807,#869,#971,.F.);
#662=EDGE_CURVE('',#871,#872,#972,.T.);
#663=EDGE_CURVE('',#872,#873,#973,.T.);
#664=EDGE_CURVE('',#873,#874,#974,.T.);
#665=EDGE_CURVE('',#871,#874,#975,.T.);
#666=EDGE_CURVE('',#875,#876,#976,.F.);
#667=EDGE_CURVE('',#876,#877,#121,.T.);
#668=EDGE_CURVE('',#877,#878,#977,.T.);
#669=EDGE_CURVE('',#878,#879,#122,.T.);
#670=EDGE_CURVE('',#879,#880,#978,.T.);
#671=EDGE_CURVE('',#880,#881,#123,.T.);
#672=EDGE_CURVE('',#881,#882,#979,.F.);
#673=EDGE_CURVE('',#882,#875,#124,.T.);
#674=EDGE_CURVE('',#850,#840,#980,.T.);
#675=EDGE_CURVE('',#849,#841,#981,.T.);
#676=EDGE_CURVE('',#847,#822,#982,.T.);
#677=EDGE_CURVE('',#861,#823,#983,.T.);
#678=EDGE_CURVE('',#858,#828,#984,.T.);
#679=EDGE_CURVE('',#857,#829,#985,.T.);
#680=EDGE_CURVE('',#853,#835,#986,.T.);
#681=EDGE_CURVE('',#854,#834,#987,.T.);
#682=EDGE_CURVE('',#813,#883,#988,.F.);
#683=EDGE_CURVE('',#884,#883,#989,.T.);
#684=EDGE_CURVE('',#884,#815,#990,.T.);
#685=EDGE_CURVE('',#816,#885,#991,.F.);
#686=EDGE_CURVE('',#885,#886,#125,.T.);
#687=EDGE_CURVE('',#886,#887,#992,.F.);
#688=EDGE_CURVE('',#887,#888,#126,.T.);
#689=EDGE_CURVE('',#888,#889,#993,.T.);
#690=EDGE_CURVE('',#889,#890,#127,.T.);
#691=EDGE_CURVE('',#890,#814,#994,.T.);
#692=EDGE_CURVE('',#891,#892,#995,.F.);
#693=EDGE_CURVE('',#892,#893,#996,.F.);
#694=EDGE_CURVE('',#893,#894,#997,.T.);
#695=EDGE_CURVE('',#894,#891,#998,.T.);
#696=EDGE_CURVE('',#895,#896,#999,.F.);
#697=EDGE_CURVE('',#896,#897,#1000,.F.);
#698=EDGE_CURVE('',#897,#898,#1001,.F.);
#699=EDGE_CURVE('',#898,#895,#1002,.F.);
#700=EDGE_CURVE('',#809,#899,#1003,.T.);
#701=EDGE_CURVE('',#899,#900,#1004,.T.);
#702=EDGE_CURVE('',#900,#810,#1005,.T.);
#703=EDGE_CURVE('',#901,#902,#1006,.T.);
#704=EDGE_CURVE('',#901,#818,#128,.F.);
#705=EDGE_CURVE('',#864,#867,#129,.F.);
#706=EDGE_CURVE('',#866,#902,#130,.F.);
#707=EDGE_CURVE('',#903,#904,#1007,.T.);
#708=EDGE_CURVE('',#903,#901,#1008,.T.);
#709=EDGE_CURVE('',#902,#904,#1009,.F.);
#710=EDGE_CURVE('',#899,#892,#131,.F.);
#711=EDGE_CURVE('',#891,#900,#132,.F.);
#712=EDGE_CURVE('',#893,#896,#133,.F.);
#713=EDGE_CURVE('',#895,#894,#134,.F.);
#714=EDGE_CURVE('',#897,#870,#135,.F.);
#715=EDGE_CURVE('',#869,#898,#136,.F.);
#716=EDGE_CURVE('',#868,#863,#137,.T.);
#717=EDGE_CURVE('',#820,#903,#138,.T.);
#718=EDGE_CURVE('',#904,#865,#139,.T.);
#719=EDGE_CURVE('',#831,#905,#1010,.F.);
#720=EDGE_CURVE('',#905,#906,#140,.T.);
#721=EDGE_CURVE('',#906,#832,#1011,.T.);
#722=EDGE_CURVE('',#833,#907,#1012,.F.);
#723=EDGE_CURVE('',#907,#855,#65,.T.);
#724=EDGE_CURVE('',#856,#908,#66,.T.);
#725=EDGE_CURVE('',#908,#830,#1013,.T.);
#726=EDGE_CURVE('',#909,#910,#141,.T.);
#727=EDGE_CURVE('',#910,#826,#1014,.T.);
#728=EDGE_CURVE('',#825,#909,#1015,.F.);
#729=EDGE_CURVE('',#827,#911,#1016,.F.);
#730=EDGE_CURVE('',#911,#859,#67,.T.);
#731=EDGE_CURVE('',#860,#912,#68,.T.);
#732=EDGE_CURVE('',#912,#824,#1017,.T.);
#733=EDGE_CURVE('',#843,#913,#1018,.F.);
#734=EDGE_CURVE('',#913,#914,#142,.T.);
#735=EDGE_CURVE('',#914,#844,#1019,.T.);
#736=EDGE_CURVE('',#848,#915,#69,.T.);
#737=EDGE_CURVE('',#915,#842,#1020,.T.);
#738=EDGE_CURVE('',#845,#916,#1021,.F.);
#739=EDGE_CURVE('',#916,#846,#70,.T.);
#740=EDGE_CURVE('',#837,#917,#1022,.F.);
#741=EDGE_CURVE('',#917,#918,#143,.T.);
#742=EDGE_CURVE('',#918,#838,#1023,.T.);
#743=EDGE_CURVE('',#852,#919,#71,.T.);
#744=EDGE_CURVE('',#919,#836,#1024,.T.);
#745=EDGE_CURVE('',#839,#920,#1025,.F.);
#746=EDGE_CURVE('',#920,#851,#72,.T.);
#747=EDGE_CURVE('',#916,#914,#73,.T.);
#748=EDGE_CURVE('',#913,#915,#74,.T.);
#749=EDGE_CURVE('',#907,#906,#75,.T.);
#750=EDGE_CURVE('',#905,#908,#76,.T.);
#751=EDGE_CURVE('',#911,#910,#77,.T.);
#752=EDGE_CURVE('',#909,#912,#78,.T.);
#753=EDGE_CURVE('',#920,#918,#79,.T.);
#754=EDGE_CURVE('',#917,#919,#80,.T.);
#755=EDGE_CURVE('',#892,#880,#144,.T.);
#756=EDGE_CURVE('',#881,#899,#145,.T.);
#757=EDGE_CURVE('',#882,#809,#146,.T.);
#758=EDGE_CURVE('',#893,#879,#147,.T.);
#759=EDGE_CURVE('',#875,#808,#148,.T.);
#760=EDGE_CURVE('',#896,#878,#149,.T.);
#761=EDGE_CURVE('',#876,#870,#150,.T.);
#762=EDGE_CURVE('',#897,#877,#151,.T.);
#763=EDGE_CURVE('',#900,#885,#152,.T.);
#764=EDGE_CURVE('',#886,#891,#153,.T.);
#765=EDGE_CURVE('',#887,#894,#154,.T.);
#766=EDGE_CURVE('',#888,#895,#155,.T.);
#767=EDGE_CURVE('',#889,#898,#156,.T.);
#768=EDGE_CURVE('',#869,#890,#157,.T.);
#769=EDGE_CURVE('',#871,#921,#1026,.F.);
#770=EDGE_CURVE('',#922,#921,#1027,.T.);
#771=EDGE_CURVE('',#922,#923,#1028,.T.);
#772=EDGE_CURVE('',#923,#924,#1029,.T.);
#773=EDGE_CURVE('',#924,#872,#1030,.T.);
#774=EDGE_CURVE('',#873,#925,#1031,.T.);
#775=EDGE_CURVE('',#926,#925,#1032,.T.);
#776=EDGE_CURVE('',#926,#927,#1033,.T.);
#777=EDGE_CURVE('',#927,#928,#1034,.T.);
#778=EDGE_CURVE('',#928,#874,#1035,.F.);
#779=EDGE_CURVE('',#921,#928,#1036,.T.);
#780=EDGE_CURVE('',#922,#927,#1037,.T.);
#781=EDGE_CURVE('',#924,#925,#1038,.T.);
#782=EDGE_CURVE('',#923,#926,#1039,.T.);
#783=EDGE_CURVE('',#929,#930,#1040,.T.);
#784=EDGE_CURVE('',#929,#931,#1041,.T.);
#785=EDGE_CURVE('',#931,#932,#1042,.T.);
#786=EDGE_CURVE('',#932,#884,#158,.T.);
#787=EDGE_CURVE('',#883,#933,#159,.T.);
#788=EDGE_CURVE('',#933,#934,#1043,.F.);
#789=EDGE_CURVE('',#930,#934,#1044,.T.);
#790=EDGE_CURVE('',#812,#929,#1045,.T.);
#791=EDGE_CURVE('',#930,#804,#1046,.T.);
#792=EDGE_CURVE('',#934,#935,#1047,.T.);
#793=EDGE_CURVE('',#935,#805,#81,.T.);
#794=EDGE_CURVE('',#931,#936,#1048,.T.);
#795=EDGE_CURVE('',#817,#936,#82,.F.);
#796=EDGE_CURVE('',#936,#937,#83,.T.);
#797=EDGE_CURVE('',#937,#932,#1049,.F.);
#798=EDGE_CURVE('',#938,#939,#84,.T.);
#799=EDGE_CURVE('',#939,#935,#164,.F.);
#800=EDGE_CURVE('',#933,#938,#1050,.F.);
#801=EDGE_CURVE('',#938,#813,#160,.T.);
#802=EDGE_CURVE('',#939,#806,#161,.T.);
#803=EDGE_CURVE('',#815,#937,#162,.T.);
#804=VERTEX_POINT('',#2008);
#805=VERTEX_POINT('',#2009);
#806=VERTEX_POINT('',#2011);
#807=VERTEX_POINT('',#2013);
#808=VERTEX_POINT('',#2015);
#809=VERTEX_POINT('',#2017);
#810=VERTEX_POINT('',#2019);
#811=VERTEX_POINT('',#2021);
#812=VERTEX_POINT('',#2023);
#813=VERTEX_POINT('',#2031);
#814=VERTEX_POINT('',#2033);
#815=VERTEX_POINT('',#2037);
#816=VERTEX_POINT('',#2038);
#817=VERTEX_POINT('',#2046);
#818=VERTEX_POINT('',#2054);
#819=VERTEX_POINT('',#2055);
#820=VERTEX_POINT('',#2057);
#821=VERTEX_POINT('',#2059);
#822=VERTEX_POINT('',#2062);
#823=VERTEX_POINT('',#2063);
#824=VERTEX_POINT('',#2065);
#825=VERTEX_POINT('',#2070);
#826=VERTEX_POINT('',#2072);
#827=VERTEX_POINT('',#2077);
#828=VERTEX_POINT('',#2079);
#829=VERTEX_POINT('',#2081);
#830=VERTEX_POINT('',#2083);
#831=VERTEX_POINT('',#2088);
#832=VERTEX_POINT('',#2090);
#833=VERTEX_POINT('',#2095);
#834=VERTEX_POINT('',#2097);
#835=VERTEX_POINT('',#2099);
#836=VERTEX_POINT('',#2101);
#837=VERTEX_POINT('',#2106);
#838=VERTEX_POINT('',#2108);
#839=VERTEX_POINT('',#2113);
#840=VERTEX_POINT('',#2115);
#841=VERTEX_POINT('',#2117);
#842=VERTEX_POINT('',#2119);
#843=VERTEX_POINT('',#2124);
#844=VERTEX_POINT('',#2126);
#845=VERTEX_POINT('',#2131);
#846=VERTEX_POINT('',#2135);
#847=VERTEX_POINT('',#2136);
#848=VERTEX_POINT('',#2138);
#849=VERTEX_POINT('',#2140);
#850=VERTEX_POINT('',#2142);
#851=VERTEX_POINT('',#2144);
#852=VERTEX_POINT('',#2146);
#853=VERTEX_POINT('',#2148);
#854=VERTEX_POINT('',#2150);
#855=VERTEX_POINT('',#2152);
#856=VERTEX_POINT('',#2154);
#857=VERTEX_POINT('',#2156);
#858=VERTEX_POINT('',#2158);
#859=VERTEX_POINT('',#2160);
#860=VERTEX_POINT('',#2162);
#861=VERTEX_POINT('',#2164);
#862=VERTEX_POINT('',#2167);
#863=VERTEX_POINT('',#2170);
#864=VERTEX_POINT('',#2172);
#865=VERTEX_POINT('',#2176);
#866=VERTEX_POINT('',#2177);
#867=VERTEX_POINT('',#2179);
#868=VERTEX_POINT('',#2181);
#869=VERTEX_POINT('',#2184);
#870=VERTEX_POINT('',#2185);
#871=VERTEX_POINT('',#2190);
#872=VERTEX_POINT('',#2191);
#873=VERTEX_POINT('',#2193);
#874=VERTEX_POINT('',#2195);
#875=VERTEX_POINT('',#2198);
#876=VERTEX_POINT('',#2199);
#877=VERTEX_POINT('',#2201);
#878=VERTEX_POINT('',#2203);
#879=VERTEX_POINT('',#2205);
#880=VERTEX_POINT('',#2207);
#881=VERTEX_POINT('',#2209);
#882=VERTEX_POINT('',#2211);
#883=VERTEX_POINT('',#2223);
#884=VERTEX_POINT('',#2225);
#885=VERTEX_POINT('',#2228);
#886=VERTEX_POINT('',#2230);
#887=VERTEX_POINT('',#2232);
#888=VERTEX_POINT('',#2234);
#889=VERTEX_POINT('',#2236);
#890=VERTEX_POINT('',#2238);
#891=VERTEX_POINT('',#2242);
#892=VERTEX_POINT('',#2243);
#893=VERTEX_POINT('',#2245);
#894=VERTEX_POINT('',#2247);
#895=VERTEX_POINT('',#2251);
#896=VERTEX_POINT('',#2252);
#897=VERTEX_POINT('',#2254);
#898=VERTEX_POINT('',#2256);
#899=VERTEX_POINT('',#2260);
#900=VERTEX_POINT('',#2262);
#901=VERTEX_POINT('',#2266);
#902=VERTEX_POINT('',#2267);
#903=VERTEX_POINT('',#2273);
#904=VERTEX_POINT('',#2274);
#905=VERTEX_POINT('',#2292);
#906=VERTEX_POINT('',#2294);
#907=VERTEX_POINT('',#2298);
#908=VERTEX_POINT('',#2308);
#909=VERTEX_POINT('',#2312);
#910=VERTEX_POINT('',#2313);
#911=VERTEX_POINT('',#2318);
#912=VERTEX_POINT('',#2328);
#913=VERTEX_POINT('',#2332);
#914=VERTEX_POINT('',#2334);
#915=VERTEX_POINT('',#2341);
#916=VERTEX_POINT('',#2345);
#917=VERTEX_POINT('',#2352);
#918=VERTEX_POINT('',#2354);
#919=VERTEX_POINT('',#2361);
#920=VERTEX_POINT('',#2365);
#921=VERTEX_POINT('',#2448);
#922=VERTEX_POINT('',#2450);
#923=VERTEX_POINT('',#2452);
#924=VERTEX_POINT('',#2454);
#925=VERTEX_POINT('',#2458);
#926=VERTEX_POINT('',#2460);
#927=VERTEX_POINT('',#2462);
#928=VERTEX_POINT('',#2464);
#929=VERTEX_POINT('',#2475);
#930=VERTEX_POINT('',#2476);
#931=VERTEX_POINT('',#2478);
#932=VERTEX_POINT('',#2480);
#933=VERTEX_POINT('',#2483);
#934=VERTEX_POINT('',#2485);
#935=VERTEX_POINT('',#2492);
#936=VERTEX_POINT('',#2499);
#937=VERTEX_POINT('',#2516);
#938=VERTEX_POINT('',#2524);
#939=VERTEX_POINT('',#2525);
#940=LINE('',#2007,#1051);
#941=LINE('',#2014,#1052);
#942=LINE('',#2018,#1053);
#943=LINE('',#2022,#1054);
#944=LINE('',#2056,#1055);
#945=LINE('',#2060,#1056);
#946=LINE('',#2064,#1057);
#947=LINE('',#2078,#1058);
#948=LINE('',#2082,#1059);
#949=LINE('',#2096,#1060);
#950=LINE('',#2100,#1061);
#951=LINE('',#2114,#1062);
#952=LINE('',#2118,#1063);
#953=LINE('',#2132,#1064);
#954=LINE('',#2134,#1065);
#955=LINE('',#2139,#1066);
#956=LINE('',#2143,#1067);
#957=LINE('',#2147,#1068);
#958=LINE('',#2151,#1069);
#959=LINE('',#2155,#1070);
#960=LINE('',#2159,#1071);
#961=LINE('',#2163,#1072);
#962=LINE('',#2169,#1073);
#963=LINE('',#2171,#1074);
#964=LINE('',#2173,#1075);
#965=LINE('',#2175,#1076);
#966=LINE('',#2178,#1077);
#967=LINE('',#2180,#1078);
#968=LINE('',#2182,#1079);
#969=LINE('',#2183,#1080);
#970=LINE('',#2186,#1081);
#971=LINE('',#2187,#1082);
#972=LINE('',#2189,#1083);
#973=LINE('',#2192,#1084);
#974=LINE('',#2194,#1085);
#975=LINE('',#2196,#1086);
#976=LINE('',#2197,#1087);
#977=LINE('',#2202,#1088);
#978=LINE('',#2206,#1089);
#979=LINE('',#2210,#1090);
#980=LINE('',#2213,#1091);
#981=LINE('',#2214,#1092);
#982=LINE('',#2215,#1093);
#983=LINE('',#2216,#1094);
#984=LINE('',#2217,#1095);
#985=LINE('',#2218,#1096);
#986=LINE('',#2219,#1097);
#987=LINE('',#2220,#1098);
#988=LINE('',#2222,#1099);
#989=LINE('',#2224,#1100);
#990=LINE('',#2226,#1101);
#991=LINE('',#2227,#1102);
#992=LINE('',#2231,#1103);
#993=LINE('',#2235,#1104);
#994=LINE('',#2239,#1105);
#995=LINE('',#2241,#1106);
#996=LINE('',#2244,#1107);
#997=LINE('',#2246,#1108);
#998=LINE('',#2248,#1109);
#999=LINE('',#2250,#1110);
#1000=LINE('',#2253,#1111);
#1001=LINE('',#2255,#1112);
#1002=LINE('',#2257,#1113);
#1003=LINE('',#2259,#1114);
#1004=LINE('',#2261,#1115);
#1005=LINE('',#2263,#1116);
#1006=LINE('',#2265,#1117);
#1007=LINE('',#2272,#1118);
#1008=LINE('',#2275,#1119);
#1009=LINE('',#2276,#1120);
#1010=LINE('',#2291,#1121);
#1011=LINE('',#2295,#1122);
#1012=LINE('',#2297,#1123);
#1013=LINE('',#2309,#1124);
#1014=LINE('',#2314,#1125);
#1015=LINE('',#2315,#1126);
#1016=LINE('',#2317,#1127);
#1017=LINE('',#2329,#1128);
#1018=LINE('',#2331,#1129);
#1019=LINE('',#2335,#1130);
#1020=LINE('',#2342,#1131);
#1021=LINE('',#2344,#1132);
#1022=LINE('',#2351,#1133);
#1023=LINE('',#2355,#1134);
#1024=LINE('',#2362,#1135);
#1025=LINE('',#2364,#1136);
#1026=LINE('',#2447,#1137);
#1027=LINE('',#2449,#1138);
#1028=LINE('',#2451,#1139);
#1029=LINE('',#2453,#1140);
#1030=LINE('',#2455,#1141);
#1031=LINE('',#2457,#1142);
#1032=LINE('',#2459,#1143);
#1033=LINE('',#2461,#1144);
#1034=LINE('',#2463,#1145);
#1035=LINE('',#2465,#1146);
#1036=LINE('',#2467,#1147);
#1037=LINE('',#2468,#1148);
#1038=LINE('',#2470,#1149);
#1039=LINE('',#2471,#1150);
#1040=LINE('',#2474,#1151);
#1041=LINE('',#2477,#1152);
#1042=LINE('',#2479,#1153);
#1043=LINE('',#2484,#1154);
#1044=LINE('',#2486,#1155);
#1045=LINE('',#2488,#1156);
#1046=LINE('',#2489,#1157);
#1047=LINE('',#2491,#1158);
#1048=LINE('',#2498,#1159);
#1049=LINE('',#2517,#1160);
#1050=LINE('',#2527,#1161);
#1051=VECTOR('',#1604,1.);
#1052=VECTOR('',#1609,1.);
#1053=VECTOR('',#1612,1.);
#1054=VECTOR('',#1615,1.);
#1055=VECTOR('',#1634,1.);
#1056=VECTOR('',#1637,1.);
#1057=VECTOR('',#1640,1.);
#1058=VECTOR('',#1643,1.);
#1059=VECTOR('',#1646,1.);
#1060=VECTOR('',#1649,1.);
#1061=VECTOR('',#1652,1.);
#1062=VECTOR('',#1655,1.);
#1063=VECTOR('',#1658,1.);
#1064=VECTOR('',#1661,1.);
#1065=VECTOR('',#1664,1.);
#1066=VECTOR('',#1667,1.);
#1067=VECTOR('',#1670,1.);
#1068=VECTOR('',#1673,1.);
#1069=VECTOR('',#1676,1.);
#1070=VECTOR('',#1679,1.);
#1071=VECTOR('',#1682,1.);
#1072=VECTOR('',#1685,1.);
#1073=VECTOR('',#1692,1.);
#1074=VECTOR('',#1693,1.);
#1075=VECTOR('',#1694,1.);
#1076=VECTOR('',#1697,1.);
#1077=VECTOR('',#1698,1.);
#1078=VECTOR('',#1699,1.);
#1079=VECTOR('',#1700,1.);
#1080=VECTOR('',#1701,1.);
#1081=VECTOR('',#1702,1.);
#1082=VECTOR('',#1703,1.);
#1083=VECTOR('',#1706,1.);
#1084=VECTOR('',#1707,1.);
#1085=VECTOR('',#1708,1.);
#1086=VECTOR('',#1709,1.);
#1087=VECTOR('',#1710,1.);
#1088=VECTOR('',#1713,1.);
#1089=VECTOR('',#1716,1.);
#1090=VECTOR('',#1719,1.);
#1091=VECTOR('',#1722,1.);
#1092=VECTOR('',#1723,1.);
#1093=VECTOR('',#1724,1.);
#1094=VECTOR('',#1725,1.);
#1095=VECTOR('',#1726,1.);
#1096=VECTOR('',#1727,1.);
#1097=VECTOR('',#1728,1.);
#1098=VECTOR('',#1729,1.);
#1099=VECTOR('',#1732,1.);
#1100=VECTOR('',#1733,1.);
#1101=VECTOR('',#1734,1.);
#1102=VECTOR('',#1735,1.);
#1103=VECTOR('',#1738,1.);
#1104=VECTOR('',#1741,1.);
#1105=VECTOR('',#1744,1.);
#1106=VECTOR('',#1747,1.);
#1107=VECTOR('',#1748,1.);
#1108=VECTOR('',#1749,1.);
#1109=VECTOR('',#1750,1.);
#1110=VECTOR('',#1753,1.);
#1111=VECTOR('',#1754,1.);
#1112=VECTOR('',#1755,1.);
#1113=VECTOR('',#1756,1.);
#1114=VECTOR('',#1759,1.);
#1115=VECTOR('',#1760,1.);
#1116=VECTOR('',#1761,1.);
#1117=VECTOR('',#1764,1.);
#1118=VECTOR('',#1773,1.);
#1119=VECTOR('',#1774,1.);
#1120=VECTOR('',#1775,1.);
#1121=VECTOR('',#1804,1.);
#1122=VECTOR('',#1807,1.);
#1123=VECTOR('',#1810,1.);
#1124=VECTOR('',#1813,1.);
#1125=VECTOR('',#1818,1.);
#1126=VECTOR('',#1819,1.);
#1127=VECTOR('',#1822,1.);
#1128=VECTOR('',#1825,1.);
#1129=VECTOR('',#1828,1.);
#1130=VECTOR('',#1831,1.);
#1131=VECTOR('',#1834,1.);
#1132=VECTOR('',#1837,1.);
#1133=VECTOR('',#1840,1.);
#1134=VECTOR('',#1843,1.);
#1135=VECTOR('',#1846,1.);
#1136=VECTOR('',#1849,1.);
#1137=VECTOR('',#1924,1.);
#1138=VECTOR('',#1925,1.);
#1139=VECTOR('',#1926,1.);
#1140=VECTOR('',#1927,1.);
#1141=VECTOR('',#1928,1.);
#1142=VECTOR('',#1931,1.);
#1143=VECTOR('',#1932,1.);
#1144=VECTOR('',#1933,1.);
#1145=VECTOR('',#1934,1.);
#1146=VECTOR('',#1935,1.);
#1147=VECTOR('',#1938,1.);
#1148=VECTOR('',#1939,1.);
#1149=VECTOR('',#1942,1.);
#1150=VECTOR('',#1943,1.);
#1151=VECTOR('',#1948,1.);
#1152=VECTOR('',#1949,1.);
#1153=VECTOR('',#1950,1.);
#1154=VECTOR('',#1955,1.);
#1155=VECTOR('',#1956,1.);
#1156=VECTOR('',#1959,1.);
#1157=VECTOR('',#1960,1.);
#1158=VECTOR('',#1963,1.);
#1159=VECTOR('',#1966,1.);
#1160=VECTOR('',#1969,1.);
#1161=VECTOR('',#1974,1.);
#1162=EDGE_LOOP('',(#165,#166,#167,#168,#169,#170,#171,#172,#173));
#1163=EDGE_LOOP('',(#174,#175,#176,#177));
#1164=EDGE_LOOP('',(#178,#179,#180,#181,#182));
#1165=EDGE_LOOP('',(#183,#184,#185,#186));
#1166=EDGE_LOOP('',(#187,#188,#189,#190,#191,#192,#193,#194,#195,#196,#197,
#198,#199,#200,#201,#202,#203,#204,#205,#206,#207,#208,#209,#210));
#1167=EDGE_LOOP('',(#211,#212,#213,#214,#215,#216,#217,#218,#219,#220,#221,
#222,#223,#224,#225,#226));
#1168=EDGE_LOOP('',(#227));
#1169=EDGE_LOOP('',(#228,#229,#230,#231));
#1170=EDGE_LOOP('',(#232,#233,#234,#235));
#1171=EDGE_LOOP('',(#236,#237,#238,#239));
#1172=EDGE_LOOP('',(#240,#241,#242,#243));
#1173=EDGE_LOOP('',(#244,#245,#246,#247,#248,#249,#250,#251));
#1174=EDGE_LOOP('',(#252,#253,#254,#255));
#1175=EDGE_LOOP('',(#256,#257,#258,#259));
#1176=EDGE_LOOP('',(#260,#261,#262,#263));
#1177=EDGE_LOOP('',(#264,#265,#266,#267));
#1178=EDGE_LOOP('',(#268,#269,#270,#271,#272,#273,#274,#275,#276,#277,#278,
#279));
#1179=EDGE_LOOP('',(#280,#281,#282,#283));
#1180=EDGE_LOOP('',(#284,#285,#286,#287));
#1181=EDGE_LOOP('',(#288,#289,#290,#291));
#1182=EDGE_LOOP('',(#292));
#1183=EDGE_LOOP('',(#293,#294,#295,#296,#297,#298,#299));
#1184=EDGE_LOOP('',(#300,#301,#302,#303));
#1185=EDGE_LOOP('',(#304,#305,#306,#307));
#1186=EDGE_LOOP('',(#308,#309,#310,#311));
#1187=EDGE_LOOP('',(#312,#313,#314,#315));
#1188=EDGE_LOOP('',(#316,#317,#318,#319,#320,#321,#322));
#1189=EDGE_LOOP('',(#323,#324,#325,#326));
#1190=EDGE_LOOP('',(#327,#328,#329,#330,#331));
#1191=EDGE_LOOP('',(#332,#333,#334,#335,#336));
#1192=EDGE_LOOP('',(#337,#338,#339,#340));
#1193=EDGE_LOOP('',(#341,#342,#343,#344,#345));
#1194=EDGE_LOOP('',(#346,#347,#348,#349,#350));
#1195=EDGE_LOOP('',(#351,#352,#353,#354));
#1196=EDGE_LOOP('',(#355,#356,#357,#358,#359));
#1197=EDGE_LOOP('',(#360,#361,#362,#363,#364));
#1198=EDGE_LOOP('',(#365,#366,#367,#368));
#1199=EDGE_LOOP('',(#369,#370,#371,#372,#373));
#1200=EDGE_LOOP('',(#374,#375,#376,#377,#378));
#1201=EDGE_LOOP('',(#379,#380,#381,#382));
#1202=EDGE_LOOP('',(#383,#384,#385,#386));
#1203=EDGE_LOOP('',(#387,#388,#389,#390,#391,#392));
#1204=EDGE_LOOP('',(#393,#394,#395,#396,#397,#398));
#1205=EDGE_LOOP('',(#399,#400,#401,#402,#403,#404));
#1206=EDGE_LOOP('',(#405,#406,#407,#408,#409,#410));
#1207=EDGE_LOOP('',(#411,#412,#413,#414));
#1208=EDGE_LOOP('',(#415,#416,#417,#418));
#1209=EDGE_LOOP('',(#419,#420,#421,#422));
#1210=EDGE_LOOP('',(#423,#424,#425,#426));
#1211=EDGE_LOOP('',(#427,#428,#429,#430));
#1212=EDGE_LOOP('',(#431,#432,#433,#434));
#1213=EDGE_LOOP('',(#435,#436,#437,#438));
#1214=EDGE_LOOP('',(#439,#440,#441,#442));
#1215=EDGE_LOOP('',(#443,#444,#445,#446));
#1216=EDGE_LOOP('',(#447,#448,#449,#450));
#1217=EDGE_LOOP('',(#451,#452,#453,#454));
#1218=EDGE_LOOP('',(#455,#456,#457,#458));
#1219=EDGE_LOOP('',(#459,#460,#461,#462));
#1220=EDGE_LOOP('',(#463,#464,#465,#466));
#1221=EDGE_LOOP('',(#467,#468,#469,#470));
#1222=EDGE_LOOP('',(#471,#472,#473,#474));
#1223=EDGE_LOOP('',(#475,#476,#477,#478,#479,#480));
#1224=EDGE_LOOP('',(#481,#482,#483,#484,#485,#486));
#1225=EDGE_LOOP('',(#487,#488,#489,#490));
#1226=EDGE_LOOP('',(#491,#492,#493,#494));
#1227=EDGE_LOOP('',(#495,#496,#497,#498));
#1228=EDGE_LOOP('',(#499,#500,#501,#502,#503,#504,#505,#506));
#1229=EDGE_LOOP('',(#507,#508,#509,#510));
#1230=EDGE_LOOP('',(#511,#512,#513,#514,#515));
#1231=EDGE_LOOP('',(#516,#517,#518,#519,#520,#521));
#1232=EDGE_LOOP('',(#522,#523,#524,#525));
#1233=EDGE_LOOP('',(#526,#527,#528,#529,#530));
#1234=EDGE_LOOP('',(#531,#532,#533,#534));
#1235=EDGE_LOOP('',(#535,#536,#537,#538));
#1236=EDGE_LOOP('',(#539,#540,#541,#542));
#1237=EDGE_LOOP('',(#543,#544,#545,#546));
#1238=EDGE_LOOP('',(#547,#548,#549,#550));
#1239=EDGE_LOOP('',(#551,#552,#553,#554));
#1240=EDGE_LOOP('',(#555,#556,#557,#558));
#1241=EDGE_LOOP('',(#559,#560,#561,#562));
#1242=EDGE_LOOP('',(#563,#564,#565,#566));
#1243=EDGE_LOOP('',(#567,#568,#569,#570));
#1244=EDGE_LOOP('',(#571,#572,#573,#574));
#1245=EDGE_LOOP('',(#575,#576,#577,#578));
#1246=EDGE_LOOP('',(#579,#580,#581,#582));
#1247=EDGE_LOOP('',(#583,#584,#585,#586));
#1248=EDGE_LOOP('',(#587,#588,#589,#590));
#1249=FACE_BOUND('',#1162,.T.);
#1250=FACE_BOUND('',#1163,.T.);
#1251=FACE_BOUND('',#1164,.T.);
#1252=FACE_BOUND('',#1165,.T.);
#1253=FACE_BOUND('',#1166,.T.);
#1254=FACE_BOUND('',#1167,.T.);
#1255=FACE_BOUND('',#1168,.T.);
#1256=FACE_BOUND('',#1169,.T.);
#1257=FACE_BOUND('',#1170,.T.);
#1258=FACE_BOUND('',#1171,.T.);
#1259=FACE_BOUND('',#1172,.T.);
#1260=FACE_BOUND('',#1173,.T.);
#1261=FACE_BOUND('',#1174,.T.);
#1262=FACE_BOUND('',#1175,.T.);
#1263=FACE_BOUND('',#1176,.T.);
#1264=FACE_BOUND('',#1177,.T.);
#1265=FACE_BOUND('',#1178,.T.);
#1266=FACE_BOUND('',#1179,.T.);
#1267=FACE_BOUND('',#1180,.T.);
#1268=FACE_BOUND('',#1181,.T.);
#1269=FACE_BOUND('',#1182,.T.);
#1270=FACE_BOUND('',#1183,.T.);
#1271=FACE_BOUND('',#1184,.T.);
#1272=FACE_BOUND('',#1185,.T.);
#1273=FACE_BOUND('',#1186,.T.);
#1274=FACE_BOUND('',#1187,.T.);
#1275=FACE_BOUND('',#1188,.T.);
#1276=FACE_BOUND('',#1189,.T.);
#1277=FACE_BOUND('',#1190,.T.);
#1278=FACE_BOUND('',#1191,.T.);
#1279=FACE_BOUND('',#1192,.T.);
#1280=FACE_BOUND('',#1193,.T.);
#1281=FACE_BOUND('',#1194,.T.);
#1282=FACE_BOUND('',#1195,.T.);
#1283=FACE_BOUND('',#1196,.T.);
#1284=FACE_BOUND('',#1197,.T.);
#1285=FACE_BOUND('',#1198,.T.);
#1286=FACE_BOUND('',#1199,.T.);
#1287=FACE_BOUND('',#1200,.T.);
#1288=FACE_BOUND('',#1201,.T.);
#1289=FACE_BOUND('',#1202,.T.);
#1290=FACE_BOUND('',#1203,.T.);
#1291=FACE_BOUND('',#1204,.T.);
#1292=FACE_BOUND('',#1205,.T.);
#1293=FACE_BOUND('',#1206,.T.);
#1294=FACE_BOUND('',#1207,.T.);
#1295=FACE_BOUND('',#1208,.T.);
#1296=FACE_BOUND('',#1209,.T.);
#1297=FACE_BOUND('',#1210,.T.);
#1298=FACE_BOUND('',#1211,.T.);
#1299=FACE_BOUND('',#1212,.T.);
#1300=FACE_BOUND('',#1213,.T.);
#1301=FACE_BOUND('',#1214,.T.);
#1302=FACE_BOUND('',#1215,.T.);
#1303=FACE_BOUND('',#1216,.T.);
#1304=FACE_BOUND('',#1217,.T.);
#1305=FACE_BOUND('',#1218,.T.);
#1306=FACE_BOUND('',#1219,.T.);
#1307=FACE_BOUND('',#1220,.T.);
#1308=FACE_BOUND('',#1221,.T.);
#1309=FACE_BOUND('',#1222,.T.);
#1310=FACE_BOUND('',#1223,.T.);
#1311=FACE_BOUND('',#1224,.T.);
#1312=FACE_BOUND('',#1225,.T.);
#1313=FACE_BOUND('',#1226,.T.);
#1314=FACE_BOUND('',#1227,.T.);
#1315=FACE_BOUND('',#1228,.T.);
#1316=FACE_BOUND('',#1229,.T.);
#1317=FACE_BOUND('',#1230,.T.);
#1318=FACE_BOUND('',#1231,.T.);
#1319=FACE_BOUND('',#1232,.T.);
#1320=FACE_BOUND('',#1233,.T.);
#1321=FACE_BOUND('',#1234,.T.);
#1322=FACE_BOUND('',#1235,.T.);
#1323=FACE_BOUND('',#1236,.T.);
#1324=FACE_BOUND('',#1237,.T.);
#1325=FACE_BOUND('',#1238,.T.);
#1326=FACE_BOUND('',#1239,.T.);
#1327=FACE_BOUND('',#1240,.T.);
#1328=FACE_BOUND('',#1241,.T.);
#1329=FACE_BOUND('',#1242,.T.);
#1330=FACE_BOUND('',#1243,.T.);
#1331=FACE_BOUND('',#1244,.T.);
#1332=FACE_BOUND('',#1245,.T.);
#1333=FACE_BOUND('',#1246,.T.);
#1334=FACE_BOUND('',#1247,.T.);
#1335=FACE_BOUND('',#1248,.T.);
#1336=CYLINDRICAL_SURFACE('',#1454,0.015);
#1337=CYLINDRICAL_SURFACE('',#1466,0.0225);
#1338=CYLINDRICAL_SURFACE('',#1477,0.005);
#1339=CYLINDRICAL_SURFACE('',#1506,0.015);
#1340=CYLINDRICAL_SURFACE('',#1509,0.015);
#1341=CYLINDRICAL_SURFACE('',#1512,0.005);
#1342=CYLINDRICAL_SURFACE('',#1535,0.002);
#1343=CYLINDRICAL_SURFACE('',#1536,0.002);
#1344=CYLINDRICAL_SURFACE('',#1544,0.001);
#1345=CYLINDRICAL_SURFACE('',#1546,0.001);
#1346=CYLINDRICAL_SURFACE('',#1552,0.001);
#1347=CYLINDRICAL_SURFACE('',#1554,0.001);
#1348=CYLINDRICAL_SURFACE('',#1560,0.001);
#1349=CYLINDRICAL_SURFACE('',#1562,0.001);
#1350=CYLINDRICAL_SURFACE('',#1565,0.001);
#1351=CYLINDRICAL_SURFACE('',#1567,0.001);
#1352=CYLINDRICAL_SURFACE('',#1570,0.01);
#1353=CYLINDRICAL_SURFACE('',#1587,0.00025);
#1354=CYLINDRICAL_SURFACE('',#1590,0.00025);
#1355=CYLINDRICAL_SURFACE('',#1592,0.0005);
#1356=CYLINDRICAL_SURFACE('',#1593,0.0005);
#1357=CYLINDRICAL_SURFACE('',#1594,0.0005);
#1358=CYLINDRICAL_SURFACE('',#1595,0.0005);
#1359=CYLINDRICAL_SURFACE('',#1596,0.0005);
#1360=CYLINDRICAL_SURFACE('',#1597,0.0005);
#1361=CYLINDRICAL_SURFACE('',#1598,0.0005);
#1362=CYLINDRICAL_SURFACE('',#1599,0.0005);
#1363=ADVANCED_FACE('',(#1249),#1336,.T.);
#1364=ADVANCED_FACE('',(#1250),#85,.T.);
#1365=ADVANCED_FACE('',(#1251),#86,.T.);
#1366=ADVANCED_FACE('',(#1252,#1253),#1337,.F.);
#1367=ADVANCED_FACE('',(#1254,#1255),#1338,.T.);
#1368=ADVANCED_FACE('',(#1256),#19,.T.);
#1369=ADVANCED_FACE('',(#1257,#1258),#20,.T.);
#1370=ADVANCED_FACE('',(#1259,#1260,#1261,#1262,#1263,#1264),#21,.T.);
#1371=ADVANCED_FACE('',(#1265),#22,.T.);
#1372=ADVANCED_FACE('',(#1266),#23,.T.);
#1373=ADVANCED_FACE('',(#1267),#24,.T.);
#1374=ADVANCED_FACE('',(#1268),#25,.F.);
#1375=ADVANCED_FACE('',(#1269,#1270),#26,.T.);
#1376=ADVANCED_FACE('',(#1271),#27,.T.);
#1377=ADVANCED_FACE('',(#1272),#1339,.T.);
#1378=ADVANCED_FACE('',(#1273),#1340,.T.);
#1379=ADVANCED_FACE('',(#1274),#1341,.T.);
#1380=ADVANCED_FACE('',(#1275),#28,.F.);
#1381=ADVANCED_FACE('',(#1276),#29,.F.);
#1382=ADVANCED_FACE('',(#1277),#30,.F.);
#1383=ADVANCED_FACE('',(#1278),#31,.T.);
#1384=ADVANCED_FACE('',(#1279),#32,.F.);
#1385=ADVANCED_FACE('',(#1280),#33,.F.);
#1386=ADVANCED_FACE('',(#1281),#34,.T.);
#1387=ADVANCED_FACE('',(#1282),#35,.F.);
#1388=ADVANCED_FACE('',(#1283),#36,.T.);
#1389=ADVANCED_FACE('',(#1284),#37,.F.);
#1390=ADVANCED_FACE('',(#1285),#38,.F.);
#1391=ADVANCED_FACE('',(#1286),#39,.T.);
#1392=ADVANCED_FACE('',(#1287),#40,.F.);
#1393=ADVANCED_FACE('',(#1288),#1342,.T.);
#1394=ADVANCED_FACE('',(#1289),#1343,.T.);
#1395=ADVANCED_FACE('',(#1290),#15,.T.);
#1396=ADVANCED_FACE('',(#1291),#16,.T.);
#1397=ADVANCED_FACE('',(#1292),#17,.T.);
#1398=ADVANCED_FACE('',(#1293),#18,.T.);
#1399=ADVANCED_FACE('',(#1294),#87,.T.);
#1400=ADVANCED_FACE('',(#1295),#1344,.T.);
#1401=ADVANCED_FACE('',(#1296),#1345,.T.);
#1402=ADVANCED_FACE('',(#1297),#88,.T.);
#1403=ADVANCED_FACE('',(#1298),#89,.T.);
#1404=ADVANCED_FACE('',(#1299),#1346,.T.);
#1405=ADVANCED_FACE('',(#1300),#1347,.T.);
#1406=ADVANCED_FACE('',(#1301),#90,.T.);
#1407=ADVANCED_FACE('',(#1302),#91,.T.);
#1408=ADVANCED_FACE('',(#1303),#1348,.T.);
#1409=ADVANCED_FACE('',(#1304),#1349,.T.);
#1410=ADVANCED_FACE('',(#1305),#92,.T.);
#1411=ADVANCED_FACE('',(#1306),#1350,.T.);
#1412=ADVANCED_FACE('',(#1307),#1351,.T.);
#1413=ADVANCED_FACE('',(#1308),#93,.T.);
#1414=ADVANCED_FACE('',(#1309),#1352,.T.);
#1415=ADVANCED_FACE('',(#1310),#41,.T.);
#1416=ADVANCED_FACE('',(#1311),#42,.T.);
#1417=ADVANCED_FACE('',(#1312),#43,.F.);
#1418=ADVANCED_FACE('',(#1313),#44,.T.);
#1419=ADVANCED_FACE('',(#1314),#45,.T.);
#1420=ADVANCED_FACE('',(#1315),#46,.F.);
#1421=ADVANCED_FACE('',(#1316),#47,.T.);
#1422=ADVANCED_FACE('',(#1317),#48,.T.);
#1423=ADVANCED_FACE('',(#1318),#49,.T.);
#1424=ADVANCED_FACE('',(#1319),#50,.T.);
#1425=ADVANCED_FACE('',(#1320),#51,.F.);
#1426=ADVANCED_FACE('',(#1321),#52,.T.);
#1427=ADVANCED_FACE('',(#1322),#53,.F.);
#1428=ADVANCED_FACE('',(#1323),#1353,.T.);
#1429=ADVANCED_FACE('',(#1324),#12,.T.);
#1430=ADVANCED_FACE('',(#1325),#13,.T.);
#1431=ADVANCED_FACE('',(#1326),#1354,.T.);
#1432=ADVANCED_FACE('',(#1327),#14,.T.);
#1433=ADVANCED_FACE('',(#1328),#1355,.T.);
#1434=ADVANCED_FACE('',(#1329),#1356,.T.);
#1435=ADVANCED_FACE('',(#1330),#1357,.T.);
#1436=ADVANCED_FACE('',(#1331),#1358,.T.);
#1437=ADVANCED_FACE('',(#1332),#1359,.T.);
#1438=ADVANCED_FACE('',(#1333),#1360,.T.);
#1439=ADVANCED_FACE('',(#1334),#1361,.T.);
#1440=ADVANCED_FACE('',(#1335),#1362,.T.);
#1441=CLOSED_SHELL('',(#1363,#1364,#1365,#1366,#1367,#1368,#1369,#1370,
#1371,#1372,#1373,#1374,#1375,#1376,#1377,#1378,#1379,#1380,#1381,#1382,
#1383,#1384,#1385,#1386,#1387,#1388,#1389,#1390,#1391,#1392,#1393,#1394,
#1395,#1396,#1397,#1398,#1399,#1400,#1401,#1402,#1403,#1404,#1405,#1406,
#1407,#1408,#1409,#1410,#1411,#1412,#1413,#1414,#1415,#1416,#1417,#1418,
#1419,#1420,#1421,#1422,#1423,#1424,#1425,#1426,#1427,#1428,#1429,#1430,
#1431,#1432,#1433,#1434,#1435,#1436,#1437,#1438,#1439,#1440));
#1442=STYLED_ITEM('',(#1443),#1450);
#1443=PRESENTATION_STYLE_ASSIGNMENT((#1444));
#1444=SURFACE_STYLE_USAGE(.BOTH.,#1445);
#1445=SURFACE_SIDE_STYLE('',(#1446));
#1446=SURFACE_STYLE_FILL_AREA(#1447);
#1447=FILL_AREA_STYLE('',(#1448));
#1448=FILL_AREA_STYLE_COLOUR('',#1449);
#1449=COLOUR_RGB('',0.615686274509804,0.811764705882353,0.929411764705882);
#1450=MANIFOLD_SOLID_BREP('Small Reel',#1441);
#1451=SHAPE_DEFINITION_REPRESENTATION(#2627,#1452);
#1452=SHAPE_REPRESENTATION('Small Reel',(#1453),#2622);
#1453=AXIS2_PLACEMENT_3D('',#2005,#1600,#1601);
#1454=AXIS2_PLACEMENT_3D('',#2006,#1602,#1603);
#1455=AXIS2_PLACEMENT_3D('',#2010,#1605,#1606);
#1456=AXIS2_PLACEMENT_3D('',#2012,#1607,#1608);
#1457=AXIS2_PLACEMENT_3D('',#2016,#1610,#1611);
#1458=AXIS2_PLACEMENT_3D('',#2020,#1613,#1614);
#1459=AXIS2_PLACEMENT_3D('',#2024,#1616,#1617);
#1460=AXIS2_PLACEMENT_3D('',#2025,#1618,#1619);
#1461=AXIS2_PLACEMENT_3D('',#2032,#1620,#1621);
#1462=AXIS2_PLACEMENT_3D('',#2034,#1622,#1623);
#1463=AXIS2_PLACEMENT_3D('',#2035,#1624,#1625);
#1464=AXIS2_PLACEMENT_3D('',#2036,#1626,#1627);
#1465=AXIS2_PLACEMENT_3D('',#2051,#1628,#1629);
#1466=AXIS2_PLACEMENT_3D('',#2052,#1630,#1631);
#1467=AXIS2_PLACEMENT_3D('',#2053,#1632,#1633);
#1468=AXIS2_PLACEMENT_3D('',#2058,#1635,#1636);
#1469=AXIS2_PLACEMENT_3D('',#2061,#1638,#1639);
#1470=AXIS2_PLACEMENT_3D('',#2071,#1641,#1642);
#1471=AXIS2_PLACEMENT_3D('',#2080,#1644,#1645);
#1472=AXIS2_PLACEMENT_3D('',#2089,#1647,#1648);
#1473=AXIS2_PLACEMENT_3D('',#2098,#1650,#1651);
#1474=AXIS2_PLACEMENT_3D('',#2107,#1653,#1654);
#1475=AXIS2_PLACEMENT_3D('',#2116,#1656,#1657);
#1476=AXIS2_PLACEMENT_3D('',#2125,#1659,#1660);
#1477=AXIS2_PLACEMENT_3D('',#2133,#1662,#1663);
#1478=AXIS2_PLACEMENT_3D('',#2137,#1665,#1666);
#1479=AXIS2_PLACEMENT_3D('',#2141,#1668,#1669);
#1480=AXIS2_PLACEMENT_3D('',#2145,#1671,#1672);
#1481=AXIS2_PLACEMENT_3D('',#2149,#1674,#1675);
#1482=AXIS2_PLACEMENT_3D('',#2153,#1677,#1678);
#1483=AXIS2_PLACEMENT_3D('',#2157,#1680,#1681);
#1484=AXIS2_PLACEMENT_3D('',#2161,#1683,#1684);
#1485=AXIS2_PLACEMENT_3D('',#2165,#1686,#1687);
#1486=AXIS2_PLACEMENT_3D('',#2166,#1688,#1689);
#1487=AXIS2_PLACEMENT_3D('',#2168,#1690,#1691);
#1488=AXIS2_PLACEMENT_3D('',#2174,#1695,#1696);
#1489=AXIS2_PLACEMENT_3D('',#2188,#1704,#1705);
#1490=AXIS2_PLACEMENT_3D('',#2200,#1711,#1712);
#1491=AXIS2_PLACEMENT_3D('',#2204,#1714,#1715);
#1492=AXIS2_PLACEMENT_3D('',#2208,#1717,#1718);
#1493=AXIS2_PLACEMENT_3D('',#2212,#1720,#1721);
#1494=AXIS2_PLACEMENT_3D('',#2221,#1730,#1731);
#1495=AXIS2_PLACEMENT_3D('',#2229,#1736,#1737);
#1496=AXIS2_PLACEMENT_3D('',#2233,#1739,#1740);
#1497=AXIS2_PLACEMENT_3D('',#2237,#1742,#1743);
#1498=AXIS2_PLACEMENT_3D('',#2240,#1745,#1746);
#1499=AXIS2_PLACEMENT_3D('',#2249,#1751,#1752);
#1500=AXIS2_PLACEMENT_3D('',#2258,#1757,#1758);
#1501=AXIS2_PLACEMENT_3D('',#2264,#1762,#1763);
#1502=AXIS2_PLACEMENT_3D('',#2268,#1765,#1766);
#1503=AXIS2_PLACEMENT_3D('',#2269,#1767,#1768);
#1504=AXIS2_PLACEMENT_3D('',#2270,#1769,#1770);
#1505=AXIS2_PLACEMENT_3D('',#2271,#1771,#1772);
#1506=AXIS2_PLACEMENT_3D('',#2277,#1776,#1777);
#1507=AXIS2_PLACEMENT_3D('',#2278,#1778,#1779);
#1508=AXIS2_PLACEMENT_3D('',#2279,#1780,#1781);
#1509=AXIS2_PLACEMENT_3D('',#2280,#1782,#1783);
#1510=AXIS2_PLACEMENT_3D('',#2281,#1784,#1785);
#1511=AXIS2_PLACEMENT_3D('',#2282,#1786,#1787);
#1512=AXIS2_PLACEMENT_3D('',#2283,#1788,#1789);
#1513=AXIS2_PLACEMENT_3D('',#2284,#1790,#1791);
#1514=AXIS2_PLACEMENT_3D('',#2285,#1792,#1793);
#1515=AXIS2_PLACEMENT_3D('',#2286,#1794,#1795);
#1516=AXIS2_PLACEMENT_3D('',#2287,#1796,#1797);
#1517=AXIS2_PLACEMENT_3D('',#2288,#1798,#1799);
#1518=AXIS2_PLACEMENT_3D('',#2289,#1800,#1801);
#1519=AXIS2_PLACEMENT_3D('',#2290,#1802,#1803);
#1520=AXIS2_PLACEMENT_3D('',#2293,#1805,#1806);
#1521=AXIS2_PLACEMENT_3D('',#2296,#1808,#1809);
#1522=AXIS2_PLACEMENT_3D('',#2303,#1811,#1812);
#1523=AXIS2_PLACEMENT_3D('',#2310,#1814,#1815);
#1524=AXIS2_PLACEMENT_3D('',#2311,#1816,#1817);
#1525=AXIS2_PLACEMENT_3D('',#2316,#1820,#1821);
#1526=AXIS2_PLACEMENT_3D('',#2323,#1823,#1824);
#1527=AXIS2_PLACEMENT_3D('',#2330,#1826,#1827);
#1528=AXIS2_PLACEMENT_3D('',#2333,#1829,#1830);
#1529=AXIS2_PLACEMENT_3D('',#2336,#1832,#1833);
#1530=AXIS2_PLACEMENT_3D('',#2343,#1835,#1836);
#1531=AXIS2_PLACEMENT_3D('',#2350,#1838,#1839);
#1532=AXIS2_PLACEMENT_3D('',#2353,#1841,#1842);
#1533=AXIS2_PLACEMENT_3D('',#2356,#1844,#1845);
#1534=AXIS2_PLACEMENT_3D('',#2363,#1847,#1848);
#1535=AXIS2_PLACEMENT_3D('',#2370,#1850,#1851);
#1536=AXIS2_PLACEMENT_3D('',#2371,#1852,#1853);
#1537=AXIS2_PLACEMENT_3D('',#2372,#1854,#1855);
#1538=AXIS2_PLACEMENT_3D('',#2383,#1856,#1857);
#1539=AXIS2_PLACEMENT_3D('',#2394,#1858,#1859);
#1540=AXIS2_PLACEMENT_3D('',#2405,#1860,#1861);
#1541=AXIS2_PLACEMENT_3D('',#2416,#1862,#1863);
#1542=AXIS2_PLACEMENT_3D('',#2417,#1864,#1865);
#1543=AXIS2_PLACEMENT_3D('',#2418,#1866,#1867);
#1544=AXIS2_PLACEMENT_3D('',#2419,#1868,#1869);
#1545=AXIS2_PLACEMENT_3D('',#2420,#1870,#1871);
#1546=AXIS2_PLACEMENT_3D('',#2421,#1872,#1873);
#1547=AXIS2_PLACEMENT_3D('',#2422,#1874,#1875);
#1548=AXIS2_PLACEMENT_3D('',#2423,#1876,#1877);
#1549=AXIS2_PLACEMENT_3D('',#2424,#1878,#1879);
#1550=AXIS2_PLACEMENT_3D('',#2425,#1880,#1881);
#1551=AXIS2_PLACEMENT_3D('',#2426,#1882,#1883);
#1552=AXIS2_PLACEMENT_3D('',#2427,#1884,#1885);
#1553=AXIS2_PLACEMENT_3D('',#2428,#1886,#1887);
#1554=AXIS2_PLACEMENT_3D('',#2429,#1888,#1889);
#1555=AXIS2_PLACEMENT_3D('',#2430,#1890,#1891);
#1556=AXIS2_PLACEMENT_3D('',#2431,#1892,#1893);
#1557=AXIS2_PLACEMENT_3D('',#2432,#1894,#1895);
#1558=AXIS2_PLACEMENT_3D('',#2433,#1896,#1897);
#1559=AXIS2_PLACEMENT_3D('',#2434,#1898,#1899);
#1560=AXIS2_PLACEMENT_3D('',#2435,#1900,#1901);
#1561=AXIS2_PLACEMENT_3D('',#2436,#1902,#1903);
#1562=AXIS2_PLACEMENT_3D('',#2437,#1904,#1905);
#1563=AXIS2_PLACEMENT_3D('',#2438,#1906,#1907);
#1564=AXIS2_PLACEMENT_3D('',#2439,#1908,#1909);
#1565=AXIS2_PLACEMENT_3D('',#2440,#1910,#1911);
#1566=AXIS2_PLACEMENT_3D('',#2441,#1912,#1913);
#1567=AXIS2_PLACEMENT_3D('',#2442,#1914,#1915);
#1568=AXIS2_PLACEMENT_3D('',#2443,#1916,#1917);
#1569=AXIS2_PLACEMENT_3D('',#2444,#1918,#1919);
#1570=AXIS2_PLACEMENT_3D('',#2445,#1920,#1921);
#1571=AXIS2_PLACEMENT_3D('',#2446,#1922,#1923);
#1572=AXIS2_PLACEMENT_3D('',#2456,#1929,#1930);
#1573=AXIS2_PLACEMENT_3D('',#2466,#1936,#1937);
#1574=AXIS2_PLACEMENT_3D('',#2469,#1940,#1941);
#1575=AXIS2_PLACEMENT_3D('',#2472,#1944,#1945);
#1576=AXIS2_PLACEMENT_3D('',#2473,#1946,#1947);
#1577=AXIS2_PLACEMENT_3D('',#2481,#1951,#1952);
#1578=AXIS2_PLACEMENT_3D('',#2482,#1953,#1954);
#1579=AXIS2_PLACEMENT_3D('',#2487,#1957,#1958);
#1580=AXIS2_PLACEMENT_3D('',#2490,#1961,#1962);
#1581=AXIS2_PLACEMENT_3D('',#2497,#1964,#1965);
#1582=AXIS2_PLACEMENT_3D('',#2506,#1967,#1968);
#1583=AXIS2_PLACEMENT_3D('',#2518,#1970,#1971);
#1584=AXIS2_PLACEMENT_3D('',#2526,#1972,#1973);
#1585=AXIS2_PLACEMENT_3D('',#2528,#1975,#1976);
#1586=AXIS2_PLACEMENT_3D('',#2529,#1977,#1978);
#1587=AXIS2_PLACEMENT_3D('',#2530,#1979,#1980);
#1588=AXIS2_PLACEMENT_3D('',#2531,#1981,#1982);
#1589=AXIS2_PLACEMENT_3D('',#2550,#1983,#1984);
#1590=AXIS2_PLACEMENT_3D('',#2563,#1985,#1986);
#1591=AXIS2_PLACEMENT_3D('',#2564,#1987,#1988);
#1592=AXIS2_PLACEMENT_3D('',#2613,#1989,#1990);
#1593=AXIS2_PLACEMENT_3D('',#2614,#1991,#1992);
#1594=AXIS2_PLACEMENT_3D('',#2615,#1993,#1994);
#1595=AXIS2_PLACEMENT_3D('',#2616,#1995,#1996);
#1596=AXIS2_PLACEMENT_3D('',#2617,#1997,#1998);
#1597=AXIS2_PLACEMENT_3D('',#2618,#1999,#2000);
#1598=AXIS2_PLACEMENT_3D('',#2619,#2001,#2002);
#1599=AXIS2_PLACEMENT_3D('',#2620,#2003,#2004);
#1600=DIRECTION('',(0.,0.,1.));
#1601=DIRECTION('',(1.,0.,0.));
#1602=DIRECTION('',(1.,0.,0.));
#1603=DIRECTION('',(0.,0.,-1.));
#1604=DIRECTION('',(1.,0.,0.));
#1605=DIRECTION('',(-0.713023679810584,2.16168399029954E-16,-0.701139951813741));
#1606=DIRECTION('',(0.701139951813741,2.47379783258958E-16,-0.713023679810584));
#1607=DIRECTION('',(1.,0.,0.));
#1608=DIRECTION('',(0.,0.,-1.));
#1609=DIRECTION('',(-1.,0.,0.));
#1610=DIRECTION('',(-1.,0.,0.));
#1611=DIRECTION('',(0.,0.,1.));
#1612=DIRECTION('',(-1.,0.,0.));
#1613=DIRECTION('',(1.,0.,0.));
#1614=DIRECTION('',(0.,0.,-1.));
#1615=DIRECTION('',(1.,0.,0.));
#1616=DIRECTION('',(1.,0.,0.));
#1617=DIRECTION('',(0.,0.,-1.));
#1618=DIRECTION('',(1.,0.,0.));
#1619=DIRECTION('',(0.,0.,-1.));
#1620=DIRECTION('',(1.,0.,0.));
#1621=DIRECTION('',(0.,0.,-1.));
#1622=DIRECTION('',(0.,0.,1.));
#1623=DIRECTION('',(1.,0.,0.));
#1624=DIRECTION('',(1.,0.,0.));
#1625=DIRECTION('',(0.,0.,-1.));
#1626=DIRECTION('',(1.,0.,0.));
#1627=DIRECTION('',(0.,0.,-1.));
#1628=DIRECTION('',(0.,-1.,0.));
#1629=DIRECTION('',(0.,0.,-1.));
#1630=DIRECTION('',(-1.,0.,0.));
#1631=DIRECTION('',(0.,0.,1.));
#1632=DIRECTION('',(-1.,0.,0.));
#1633=DIRECTION('',(0.,0.,1.));
#1634=DIRECTION('',(-1.,0.,0.));
#1635=DIRECTION('',(-1.,0.,0.));
#1636=DIRECTION('',(0.,0.,1.));
#1637=DIRECTION('',(-1.,0.,0.));
#1638=DIRECTION('',(-1.,0.,0.));
#1639=DIRECTION('',(0.,0.,1.));
#1640=DIRECTION('',(-1.,0.,0.));
#1641=DIRECTION('',(-1.,0.,0.));
#1642=DIRECTION('',(0.,0.,1.));
#1643=DIRECTION('',(-1.,0.,0.));
#1644=DIRECTION('',(-1.,0.,0.));
#1645=DIRECTION('',(0.,0.,1.));
#1646=DIRECTION('',(-1.,0.,0.));
#1647=DIRECTION('',(-1.,0.,0.));
#1648=DIRECTION('',(0.,0.,1.));
#1649=DIRECTION('',(-1.,0.,0.));
#1650=DIRECTION('',(-1.,0.,0.));
#1651=DIRECTION('',(0.,0.,1.));
#1652=DIRECTION('',(-1.,0.,0.));
#1653=DIRECTION('',(-1.,0.,0.));
#1654=DIRECTION('',(0.,0.,1.));
#1655=DIRECTION('',(-1.,0.,0.));
#1656=DIRECTION('',(-1.,0.,0.));
#1657=DIRECTION('',(0.,0.,1.));
#1658=DIRECTION('',(-1.,0.,0.));
#1659=DIRECTION('',(-1.,0.,0.));
#1660=DIRECTION('',(0.,0.,1.));
#1661=DIRECTION('',(-1.,0.,0.));
#1662=DIRECTION('',(1.,0.,0.));
#1663=DIRECTION('',(0.,0.,-1.));
#1664=DIRECTION('',(1.,0.,0.));
#1665=DIRECTION('',(-1.,0.,0.));
#1666=DIRECTION('',(0.,0.,1.));
#1667=DIRECTION('',(1.,0.,0.));
#1668=DIRECTION('',(-1.,0.,0.));
#1669=DIRECTION('',(0.,0.,1.));
#1670=DIRECTION('',(1.,0.,0.));
#1671=DIRECTION('',(-1.,0.,0.));
#1672=DIRECTION('',(0.,0.,1.));
#1673=DIRECTION('',(1.,0.,0.));
#1674=DIRECTION('',(-1.,0.,0.));
#1675=DIRECTION('',(0.,0.,1.));
#1676=DIRECTION('',(1.,0.,0.));
#1677=DIRECTION('',(-1.,0.,0.));
#1678=DIRECTION('',(0.,0.,1.));
#1679=DIRECTION('',(1.,0.,0.));
#1680=DIRECTION('',(-1.,0.,0.));
#1681=DIRECTION('',(0.,0.,1.));
#1682=DIRECTION('',(1.,0.,0.));
#1683=DIRECTION('',(-1.,0.,0.));
#1684=DIRECTION('',(0.,0.,1.));
#1685=DIRECTION('',(1.,0.,0.));
#1686=DIRECTION('',(-1.,0.,0.));
#1687=DIRECTION('',(0.,0.,1.));
#1688=DIRECTION('',(-1.,0.,0.));
#1689=DIRECTION('',(0.,0.,1.));
#1690=DIRECTION('',(0.,0.,1.));
#1691=DIRECTION('',(1.,0.,0.));
#1692=DIRECTION('',(0.,-1.,0.));
#1693=DIRECTION('',(-1.,0.,0.));
#1694=DIRECTION('',(0.,-1.,0.));
#1695=DIRECTION('',(0.,-1.,0.));
#1696=DIRECTION('',(0.,0.,-1.));
#1697=DIRECTION('',(1.,0.,0.));
#1698=DIRECTION('',(0.,0.,-1.));
#1699=DIRECTION('',(-1.,0.,0.));
#1700=DIRECTION('',(0.,0.,-1.));
#1701=DIRECTION('',(-1.,0.,0.));
#1702=DIRECTION('',(0.,0.,-1.));
#1703=DIRECTION('',(0.,0.,-1.));
#1704=DIRECTION('',(-1.,0.,0.));
#1705=DIRECTION('',(0.,0.,1.));
#1706=DIRECTION('',(0.,0.,1.));
#1707=DIRECTION('',(0.,-1.,3.46944695195362E-16));
#1708=DIRECTION('',(0.,0.,-1.));
#1709=DIRECTION('',(0.,-1.,0.));
#1710=DIRECTION('',(0.,0.,-1.));
#1711=DIRECTION('',(-1.,0.,0.));
#1712=DIRECTION('',(0.,0.,1.));
#1713=DIRECTION('',(0.,1.,0.));
#1714=DIRECTION('',(-1.,0.,0.));
#1715=DIRECTION('',(0.,0.,1.));
#1716=DIRECTION('',(0.,0.,-1.));
#1717=DIRECTION('',(-1.,0.,0.));
#1718=DIRECTION('',(0.,0.,1.));
#1719=DIRECTION('',(0.,1.,0.));
#1720=DIRECTION('',(-1.,0.,0.));
#1721=DIRECTION('',(0.,0.,1.));
#1722=DIRECTION('',(0.,1.,0.));
#1723=DIRECTION('',(0.,0.,-1.));
#1724=DIRECTION('',(0.,0.,-1.));
#1725=DIRECTION('',(0.,-1.,0.));
#1726=DIRECTION('',(0.,-1.,0.));
#1727=DIRECTION('',(0.,3.39959632488924E-16,1.));
#1728=DIRECTION('',(0.,1.,0.));
#1729=DIRECTION('',(0.,3.39959632488924E-16,1.));
#1730=DIRECTION('',(1.,0.,0.));
#1731=DIRECTION('',(0.,0.,-1.));
#1732=DIRECTION('',(0.,-1.,-3.083099151186E-16));
#1733=DIRECTION('',(0.,0.,1.));
#1734=DIRECTION('',(0.,-1.,-6.59056707340601E-17));
#1735=DIRECTION('',(0.,-1.,0.));
#1736=DIRECTION('',(1.,0.,0.));
#1737=DIRECTION('',(0.,0.,-1.));
#1738=DIRECTION('',(0.,0.,-1.));
#1739=DIRECTION('',(1.,0.,0.));
#1740=DIRECTION('',(0.,0.,-1.));
#1741=DIRECTION('',(0.,-1.,0.));
#1742=DIRECTION('',(1.,0.,0.));
#1743=DIRECTION('',(0.,0.,-1.));
#1744=DIRECTION('',(0.,0.,-1.));
#1745=DIRECTION('',(0.,1.,0.));
#1746=DIRECTION('',(0.,0.,1.));
#1747=DIRECTION('',(1.,0.,0.));
#1748=DIRECTION('',(0.,0.,-1.));
#1749=DIRECTION('',(1.,0.,0.));
#1750=DIRECTION('',(0.,0.,-1.));
#1751=DIRECTION('',(0.,0.,1.));
#1752=DIRECTION('',(1.,0.,0.));
#1753=DIRECTION('',(1.,0.,0.));
#1754=DIRECTION('',(0.,1.,0.));
#1755=DIRECTION('',(-1.,0.,0.));
#1756=DIRECTION('',(0.,-1.,0.));
#1757=DIRECTION('',(0.,0.,1.));
#1758=DIRECTION('',(1.,0.,0.));
#1759=DIRECTION('',(0.,1.,0.));
#1760=DIRECTION('',(1.,0.,0.));
#1761=DIRECTION('',(0.,-1.,0.));
#1762=DIRECTION('',(-1.,0.,0.));
#1763=DIRECTION('',(0.,-1.,0.));
#1764=DIRECTION('',(0.,-1.,0.));
#1765=DIRECTION('',(-1.,0.,0.));
#1766=DIRECTION('',(0.,0.,1.));
#1767=DIRECTION('',(-1.,0.,0.));
#1768=DIRECTION('',(0.,0.,1.));
#1769=DIRECTION('',(-1.,0.,0.));
#1770=DIRECTION('',(0.,0.,1.));
#1771=DIRECTION('',(0.,0.,-1.));
#1772=DIRECTION('',(-1.,0.,0.));
#1773=DIRECTION('',(0.,-1.,0.));
#1774=DIRECTION('',(1.,0.,0.));
#1775=DIRECTION('',(1.,0.,0.));
#1776=DIRECTION('',(-1.,0.,0.));
#1777=DIRECTION('',(0.,0.,1.));
#1778=DIRECTION('',(-1.,0.,0.));
#1779=DIRECTION('',(0.,0.,1.));
#1780=DIRECTION('',(1.,0.,0.));
#1781=DIRECTION('',(0.,0.,-1.));
#1782=DIRECTION('',(1.,0.,0.));
#1783=DIRECTION('',(0.,0.,-1.));
#1784=DIRECTION('',(-1.,0.,0.));
#1785=DIRECTION('',(0.,0.,1.));
#1786=DIRECTION('',(1.,0.,0.));
#1787=DIRECTION('',(0.,0.,-1.));
#1788=DIRECTION('',(-1.,0.,0.));
#1789=DIRECTION('',(0.,0.,1.));
#1790=DIRECTION('',(-1.,0.,0.));
#1791=DIRECTION('',(0.,0.,1.));
#1792=DIRECTION('',(1.,0.,0.));
#1793=DIRECTION('',(0.,0.,-1.));
#1794=DIRECTION('',(-1.,0.,0.));
#1795=DIRECTION('',(0.,-1.,0.));
#1796=DIRECTION('',(-1.,0.,0.));
#1797=DIRECTION('',(0.,0.,1.));
#1798=DIRECTION('',(-1.,0.,0.));
#1799=DIRECTION('',(0.,0.,1.));
#1800=DIRECTION('',(-1.,0.,0.));
#1801=DIRECTION('',(0.,0.,1.));
#1802=DIRECTION('',(-1.,0.,0.));
#1803=DIRECTION('',(0.,-1.,0.));
#1804=DIRECTION('',(0.,3.39959632488924E-16,1.));
#1805=DIRECTION('',(-1.,0.,0.));
#1806=DIRECTION('',(0.,0.,1.));
#1807=DIRECTION('',(0.,3.39959632488924E-16,1.));
#1808=DIRECTION('',(0.,-1.,3.39959632488924E-16));
#1809=DIRECTION('',(0.,-3.39959632488924E-16,-1.));
#1810=DIRECTION('',(0.,3.39959632488924E-16,1.));
#1811=DIRECTION('',(0.,-1.,3.39959632488924E-16));
#1812=DIRECTION('',(0.,-3.39959632488924E-16,-1.));
#1813=DIRECTION('',(0.,3.39959632488924E-16,1.));
#1814=DIRECTION('',(-1.,0.,0.));
#1815=DIRECTION('',(0.,-1.,0.));
#1816=DIRECTION('',(-1.,0.,0.));
#1817=DIRECTION('',(0.,0.,1.));
#1818=DIRECTION('',(0.,-1.,0.));
#1819=DIRECTION('',(0.,-1.,0.));
#1820=DIRECTION('',(0.,0.,-1.));
#1821=DIRECTION('',(-1.,0.,0.));
#1822=DIRECTION('',(0.,-1.,0.));
#1823=DIRECTION('',(0.,0.,-1.));
#1824=DIRECTION('',(-1.,0.,0.));
#1825=DIRECTION('',(0.,-1.,0.));
#1826=DIRECTION('',(-1.,0.,0.));
#1827=DIRECTION('',(0.,-1.,0.));
#1828=DIRECTION('',(0.,0.,-1.));
#1829=DIRECTION('',(-1.,0.,0.));
#1830=DIRECTION('',(0.,0.,1.));
#1831=DIRECTION('',(0.,0.,-1.));
#1832=DIRECTION('',(0.,1.,0.));
#1833=DIRECTION('',(0.,0.,1.));
#1834=DIRECTION('',(0.,0.,-1.));
#1835=DIRECTION('',(0.,1.,0.));
#1836=DIRECTION('',(0.,0.,1.));
#1837=DIRECTION('',(0.,0.,-1.));
#1838=DIRECTION('',(-1.,0.,0.));
#1839=DIRECTION('',(0.,-1.,0.));
#1840=DIRECTION('',(0.,1.,0.));
#1841=DIRECTION('',(-1.,0.,0.));
#1842=DIRECTION('',(0.,0.,1.));
#1843=DIRECTION('',(0.,1.,0.));
#1844=DIRECTION('',(0.,0.,1.));
#1845=DIRECTION('',(1.,0.,0.));
#1846=DIRECTION('',(0.,1.,0.));
#1847=DIRECTION('',(0.,0.,1.));
#1848=DIRECTION('',(1.,0.,0.));
#1849=DIRECTION('',(0.,1.,0.));
#1850=DIRECTION('',(1.,0.,0.));
#1851=DIRECTION('',(0.,0.,-1.));
#1852=DIRECTION('',(-1.,0.,0.));
#1853=DIRECTION('',(0.,0.,1.));
#1854=DIRECTION('',(-1.,0.,0.));
#1855=DIRECTION('',(0.,0.,1.));
#1856=DIRECTION('',(-1.,0.,0.));
#1857=DIRECTION('',(0.,0.,1.));
#1858=DIRECTION('',(-1.,0.,0.));
#1859=DIRECTION('',(0.,0.,1.));
#1860=DIRECTION('',(-1.,0.,0.));
#1861=DIRECTION('',(0.,0.,1.));
#1862=DIRECTION('',(-1.,0.,0.));
#1863=DIRECTION('',(0.,0.,1.));
#1864=DIRECTION('',(0.,0.,1.));
#1865=DIRECTION('',(1.,0.,0.));
#1866=DIRECTION('',(0.,-1.,0.));
#1867=DIRECTION('',(0.,0.,-1.));
#1868=DIRECTION('',(0.,-1.,0.));
#1869=DIRECTION('',(0.,0.,-1.));
#1870=DIRECTION('',(0.,-1.,0.));
#1871=DIRECTION('',(0.,0.,-1.));
#1872=DIRECTION('',(0.,0.,-1.));
#1873=DIRECTION('',(-1.,0.,0.));
#1874=DIRECTION('',(0.,0.,1.));
#1875=DIRECTION('',(1.,0.,0.));
#1876=DIRECTION('',(-1.,0.,0.));
#1877=DIRECTION('',(0.,0.,1.));
#1878=DIRECTION('',(0.,0.,1.));
#1879=DIRECTION('',(1.,0.,0.));
#1880=DIRECTION('',(-1.,0.,0.));
#1881=DIRECTION('',(0.,0.,1.));
#1882=DIRECTION('',(0.,-1.,0.));
#1883=DIRECTION('',(0.,0.,-1.));
#1884=DIRECTION('',(0.,0.,-1.));
#1885=DIRECTION('',(-1.,0.,0.));
#1886=DIRECTION('',(0.,0.,1.));
#1887=DIRECTION('',(1.,0.,0.));
#1888=DIRECTION('',(0.,1.,0.));
#1889=DIRECTION('',(0.,0.,1.));
#1890=DIRECTION('',(0.,-1.,0.));
#1891=DIRECTION('',(0.,0.,-1.));
#1892=DIRECTION('',(-1.,0.,0.));
#1893=DIRECTION('',(0.,0.,1.));
#1894=DIRECTION('',(1.,0.,0.));
#1895=DIRECTION('',(0.,0.,-1.));
#1896=DIRECTION('',(0.,-1.,0.));
#1897=DIRECTION('',(0.,0.,-1.));
#1898=DIRECTION('',(0.,0.,1.));
#1899=DIRECTION('',(1.,0.,0.));
#1900=DIRECTION('',(0.,0.,-1.));
#1901=DIRECTION('',(-1.,0.,0.));
#1902=DIRECTION('',(0.,0.,1.));
#1903=DIRECTION('',(1.,0.,0.));
#1904=DIRECTION('',(0.,1.,0.));
#1905=DIRECTION('',(0.,0.,1.));
#1906=DIRECTION('',(1.,0.,0.));
#1907=DIRECTION('',(0.,0.,-1.));
#1908=DIRECTION('',(0.,-1.,0.));
#1909=DIRECTION('',(0.,0.,-1.));
#1910=DIRECTION('',(0.,-1.,0.));
#1911=DIRECTION('',(0.,0.,-1.));
#1912=DIRECTION('',(0.,-1.,0.));
#1913=DIRECTION('',(0.,0.,-1.));
#1914=DIRECTION('',(0.,0.,-1.));
#1915=DIRECTION('',(-1.,0.,0.));
#1916=DIRECTION('',(0.,0.,1.));
#1917=DIRECTION('',(1.,0.,0.));
#1918=DIRECTION('',(1.,0.,0.));
#1919=DIRECTION('',(0.,0.,-1.));
#1920=DIRECTION('',(-1.,0.,0.));
#1921=DIRECTION('',(0.,0.,1.));
#1922=DIRECTION('',(0.,1.,0.));
#1923=DIRECTION('',(0.,0.,1.));
#1924=DIRECTION('',(0.707106781186548,0.,0.707106781186548));
#1925=DIRECTION('',(1.,0.,0.));
#1926=DIRECTION('',(0.,0.,1.));
#1927=DIRECTION('',(1.,0.,0.));
#1928=DIRECTION('',(0.707106781186548,0.,-0.707106781186548));
#1929=DIRECTION('',(0.,-1.,0.));
#1930=DIRECTION('',(0.,0.,-1.));
#1931=DIRECTION('',(-0.707106781186548,0.,0.707106781186548));
#1932=DIRECTION('',(1.,0.,0.));
#1933=DIRECTION('',(0.,0.,-1.));
#1934=DIRECTION('',(1.,0.,0.));
#1935=DIRECTION('',(-0.707106781186548,0.,-0.707106781186548));
#1936=DIRECTION('',(0.,2.16840434497101E-16,1.));
#1937=DIRECTION('',(0.,-1.,2.16840434497101E-16));
#1938=DIRECTION('',(0.,-1.,2.16840434497101E-16));
#1939=DIRECTION('',(0.,-1.,2.16840434497101E-16));
#1940=DIRECTION('',(0.,1.7347234759768E-16,1.));
#1941=DIRECTION('',(0.,-1.,1.7347234759768E-16));
#1942=DIRECTION('',(0.,-1.,1.7347234759768E-16));
#1943=DIRECTION('',(0.,-1.,1.7347234759768E-16));
#1944=DIRECTION('',(-1.,0.,0.));
#1945=DIRECTION('',(0.,-1.,0.));
#1946=DIRECTION('',(0.,1.,0.));
#1947=DIRECTION('',(0.,0.,1.));
#1948=DIRECTION('',(0.,0.,1.));
#1949=DIRECTION('',(1.,0.,0.));
#1950=DIRECTION('',(0.707106781186548,0.,0.707106781186548));
#1951=DIRECTION('',(0.,1.,0.));
#1952=DIRECTION('',(0.,0.,1.));
#1953=DIRECTION('',(0.,1.,0.));
#1954=DIRECTION('',(0.,0.,1.));
#1955=DIRECTION('',(0.707106781186548,0.,-0.707106781186548));
#1956=DIRECTION('',(1.,0.,0.));
#1957=DIRECTION('',(1.,0.,0.));
#1958=DIRECTION('',(0.,1.,0.));
#1959=DIRECTION('',(0.,1.,0.));
#1960=DIRECTION('',(-1.84401095405971E-16,-1.,-1.23908819712629E-16));
#1961=DIRECTION('',(0.,1.23908819712629E-16,-1.));
#1962=DIRECTION('',(1.,0.,0.));
#1963=DIRECTION('',(-1.84401095405971E-16,-1.,-1.23908819712629E-16));
#1964=DIRECTION('',(0.,0.,1.));
#1965=DIRECTION('',(1.,0.,0.));
#1966=DIRECTION('',(6.59056707340601E-17,-1.,0.));
#1967=DIRECTION('',(-0.707106781186548,-4.66023466947017E-17,0.707106781186548));
#1968=DIRECTION('',(-6.59056707340601E-17,1.,0.));
#1969=DIRECTION('',(-4.35788199605262E-33,-1.,-6.59056707340601E-17));
#1970=DIRECTION('',(0.707106781186548,-2.18008031687411E-16,0.707106781186548));
#1971=DIRECTION('',(-1.84401095405971E-16,-1.,-1.23908819712629E-16));
#1972=DIRECTION('',(0.707106781186548,-2.18008031687411E-16,0.707106781186548));
#1973=DIRECTION('',(0.707106781186548,2.18008031687411E-16,-0.707106781186548));
#1974=DIRECTION('',(0.,1.,3.083099151186E-16));
#1975=DIRECTION('',(0.707106781186548,0.,-0.707106781186548));
#1976=DIRECTION('',(0.,1.,0.));
#1977=DIRECTION('',(-0.707106781186548,-2.4532694666934E-16,-0.707106781186548));
#1978=DIRECTION('',(0.,-1.,3.46944695195362E-16));
#1979=DIRECTION('',(0.,-1.,-3.083099151186E-16));
#1980=DIRECTION('',(0.,3.083099151186E-16,-1.));
#1981=DIRECTION('',(1.73472347597681E-15,-1.,-1.73472347597681E-15));
#1982=DIRECTION('',(0.,1.73472347597681E-15,-1.));
#1983=DIRECTION('',(-0.675706031734376,-0.294690884412058,0.675706031734379));
#1984=DIRECTION('',(0.707106781186549,0.,0.707106781186546));
#1985=DIRECTION('',(0.,-1.,-6.59056707340601E-17));
#1986=DIRECTION('',(0.,6.59056707340601E-17,-1.));
#1987=DIRECTION('',(0.,-1.,0.));
#1988=DIRECTION('',(0.,0.,-1.));
#1989=DIRECTION('',(0.,-1.,0.));
#1990=DIRECTION('',(0.,0.,-1.));
#1991=DIRECTION('',(0.,1.,0.));
#1992=DIRECTION('',(0.,0.,1.));
#1993=DIRECTION('',(0.,0.,1.));
#1994=DIRECTION('',(1.,0.,0.));
#1995=DIRECTION('',(0.,0.,-1.));
#1996=DIRECTION('',(-1.,0.,0.));
#1997=DIRECTION('',(0.,-1.,0.));
#1998=DIRECTION('',(0.,0.,-1.));
#1999=DIRECTION('',(0.,1.,0.));
#2000=DIRECTION('',(0.,0.,1.));
#2001=DIRECTION('',(0.,-3.39959632488924E-16,-1.));
#2002=DIRECTION('',(0.,1.,-3.39959632488924E-16));
#2003=DIRECTION('',(0.,3.39959632488924E-16,1.));
#2004=DIRECTION('',(0.,-1.,3.39959632488924E-16));
#2005=CARTESIAN_POINT('',(0.,0.,0.));
#2006=CARTESIAN_POINT('',(-0.008,0.015,0.015));
#2007=CARTESIAN_POINT('',(-0.008,0.00114584899750259,0.00925));
#2008=CARTESIAN_POINT('',(-0.00375,0.00114584899750259,0.00925));
#2009=CARTESIAN_POINT('',(-0.00124227994274006,0.00114584899750259,0.00925));
#2010=CARTESIAN_POINT('',(-0.00689644660940673,0.015,0.015));
#2011=CARTESIAN_POINT('',(-0.001,0.00125069636845568,0.00900361361755247));
#2012=CARTESIAN_POINT('',(-0.001,0.015,0.015));
#2013=CARTESIAN_POINT('',(-0.001,0.,0.015));
#2014=CARTESIAN_POINT('',(0.,0.,0.015));
#2015=CARTESIAN_POINT('',(-0.015,0.,0.015));
#2016=CARTESIAN_POINT('',(-0.015,0.015,0.015));
#2017=CARTESIAN_POINT('',(-0.015,0.015,0.));
#2018=CARTESIAN_POINT('',(-0.016,0.015,0.));
#2019=CARTESIAN_POINT('',(-0.001,0.015,0.));
#2020=CARTESIAN_POINT('',(-0.001,0.015,0.015));
#2021=CARTESIAN_POINT('',(-0.001,0.00634335515340961,0.00275));
#2022=CARTESIAN_POINT('',(-0.008,0.00634335515340961,0.00275));
#2023=CARTESIAN_POINT('',(-0.00375,0.00634335515340961,0.00275));
#2024=CARTESIAN_POINT('',(-0.00375,0.015,0.015));
#2025=CARTESIAN_POINT('',(-0.001,0.015,0.015));
#2026=CARTESIAN_POINT('',(-0.001,0.00125069636845568,0.00900361361755247));
#2027=CARTESIAN_POINT('',(-0.000741045941791832,0.00133683384210265,0.00880610628502082));
#2028=CARTESIAN_POINT('',(-0.000273847424850483,0.00169840125986252,0.00846736824146968));
#2029=CARTESIAN_POINT('',(8.28311791848671E-19,0.00234186846227548,0.00831631381414514));
#2030=CARTESIAN_POINT('',(1.80127877702965E-19,0.00267828147260677,0.00835355339059326));
#2031=CARTESIAN_POINT('',(0.,0.00267828147260677,0.00835355339059326));
#2032=CARTESIAN_POINT('',(0.,0.015,0.015));
#2033=CARTESIAN_POINT('',(0.,0.001,0.015));
#2034=CARTESIAN_POINT('',(-0.001,0.001,0.015));
#2035=CARTESIAN_POINT('',(-0.001,0.015,0.015));
#2036=CARTESIAN_POINT('',(0.,0.015,0.015));
#2037=CARTESIAN_POINT('',(0.,0.00680873481036367,0.00364644660940672));
#2038=CARTESIAN_POINT('',(0.,0.015,0.001));
#2039=CARTESIAN_POINT('',(5.13010322078499E-32,0.00680873481036368,0.00364644660940672));
#2040=CARTESIAN_POINT('',(6.23106930990338E-19,0.00666066687280583,0.00362542633771057));
#2041=CARTESIAN_POINT('',(-2.59813698585307E-5,0.0063636458142003,0.00356015650142668));
#2042=CARTESIAN_POINT('',(-0.000274064936441697,0.00604430276265753,0.00329433792517663));
#2043=CARTESIAN_POINT('',(-0.0006318488216765,0.00610408093745501,0.00298145920461166));
#2044=CARTESIAN_POINT('',(-0.000830279356865609,0.00625785506139492,0.00282269568045688));
#2045=CARTESIAN_POINT('',(-0.000923779178179758,0.00634839683527159,0.00275000000000162));
#2046=CARTESIAN_POINT('',(-0.000923779178168243,0.00634839683528234,0.00275));
#2047=CARTESIAN_POINT('',(-0.000923779178168243,0.00634839683528234,0.00275));
#2048=CARTESIAN_POINT('',(-0.000949289373280193,0.00634501647443759,0.00275));
#2049=CARTESIAN_POINT('',(-0.000974695145179953,0.00634335515340961,0.00275));
#2050=CARTESIAN_POINT('',(-0.001,0.00634335515340961,0.00275));
#2051=CARTESIAN_POINT('',(-0.001,0.015,0.001));
#2052=CARTESIAN_POINT('',(-0.005,0.025,0.03));
#2053=CARTESIAN_POINT('',(-0.005,0.025,0.03));
#2054=CARTESIAN_POINT('',(-0.005,0.0210684480682921,0.0521538461538462));
#2055=CARTESIAN_POINT('',(-0.005,0.0137750278396782,0.0495));
#2056=CARTESIAN_POINT('',(-0.005,0.0210684480682921,0.0521538461538462));
#2057=CARTESIAN_POINT('',(-0.014,0.0210684480682921,0.0521538461538462));
#2058=CARTESIAN_POINT('',(-0.014,0.025,0.03));
#2059=CARTESIAN_POINT('',(-0.014,0.0137750278396782,0.0495));
#2060=CARTESIAN_POINT('',(-0.005,0.0137750278396782,0.0495));
#2061=CARTESIAN_POINT('',(-0.016,0.025,0.03));
#2062=CARTESIAN_POINT('',(-0.016,0.023,0.00758906516898503));
#2063=CARTESIAN_POINT('',(-0.016,0.00258906516898504,0.028));
#2064=CARTESIAN_POINT('',(-0.005,0.00258906516898504,0.028));
#2065=CARTESIAN_POINT('',(-0.0145,0.00258906516898504,0.028));
#2066=CARTESIAN_POINT('',(-0.0145,0.00258906516898504,0.028));
#2067=CARTESIAN_POINT('',(-0.0142354983457271,0.00258906516898504,0.028));
#2068=CARTESIAN_POINT('',(-0.014,0.00256768766822212,0.0282361085544677));
#2069=CARTESIAN_POINT('',(-0.014,0.00255005567935636,0.0285));
#2070=CARTESIAN_POINT('',(-0.014,0.00255005567935636,0.0285));
#2071=CARTESIAN_POINT('',(-0.014,0.025,0.03));
#2072=CARTESIAN_POINT('',(-0.014,0.00255005567935636,0.0315));
#2073=CARTESIAN_POINT('',(-0.014,0.00255005567935636,0.0315));
#2074=CARTESIAN_POINT('',(-0.014,0.00256768870303052,0.0317639069331263));
#2075=CARTESIAN_POINT('',(-0.014235484638942,0.00258906516898504,0.032));
#2076=CARTESIAN_POINT('',(-0.0145,0.00258906516898504,0.032));
#2077=CARTESIAN_POINT('',(-0.0145,0.00258906516898504,0.032));
#2078=CARTESIAN_POINT('',(-0.005,0.00258906516898504,0.032));
#2079=CARTESIAN_POINT('',(-0.016,0.00258906516898504,0.032));
#2080=CARTESIAN_POINT('',(-0.016,0.025,0.03));
#2081=CARTESIAN_POINT('',(-0.016,0.023,0.052410934831015));
#2082=CARTESIAN_POINT('',(-0.005,0.023,0.052410934831015));
#2083=CARTESIAN_POINT('',(-0.0145,0.023,0.052410934831015));
#2084=CARTESIAN_POINT('',(-0.0145,0.023,0.052410934831015));
#2085=CARTESIAN_POINT('',(-0.0142354983457271,0.023,0.052410934831015));
#2086=CARTESIAN_POINT('',(-0.014,0.0232361085544677,0.052432312331778));
#2087=CARTESIAN_POINT('',(-0.014,0.0235,0.0524499443206437));
#2088=CARTESIAN_POINT('',(-0.014,0.0235,0.0524499443206437));
#2089=CARTESIAN_POINT('',(-0.014,0.025,0.03));
#2090=CARTESIAN_POINT('',(-0.014,0.0265,0.0524499443206437));
#2091=CARTESIAN_POINT('',(-0.014,0.0265,0.0524499443206437));
#2092=CARTESIAN_POINT('',(-0.014,0.0267639069331263,0.0524323112969695));
#2093=CARTESIAN_POINT('',(-0.014235484638942,0.027,0.052410934831015));
#2094=CARTESIAN_POINT('',(-0.0145,0.027,0.052410934831015));
#2095=CARTESIAN_POINT('',(-0.0145,0.027,0.052410934831015));
#2096=CARTESIAN_POINT('',(-0.005,0.027,0.052410934831015));
#2097=CARTESIAN_POINT('',(-0.016,0.027,0.052410934831015));
#2098=CARTESIAN_POINT('',(-0.016,0.025,0.03));
#2099=CARTESIAN_POINT('',(-0.016,0.047410934831015,0.032));
#2100=CARTESIAN_POINT('',(-0.005,0.047410934831015,0.032));
#2101=CARTESIAN_POINT('',(-0.0145,0.047410934831015,0.032));
#2102=CARTESIAN_POINT('',(-0.0145,0.047410934831015,0.032));
#2103=CARTESIAN_POINT('',(-0.0142354983457271,0.047410934831015,0.032));
#2104=CARTESIAN_POINT('',(-0.014,0.0474323123317779,0.0317638914455323));
#2105=CARTESIAN_POINT('',(-0.014,0.0474499443206437,0.0315));
#2106=CARTESIAN_POINT('',(-0.014,0.0474499443206437,0.0315));
#2107=CARTESIAN_POINT('',(-0.014,0.025,0.03));
#2108=CARTESIAN_POINT('',(-0.014,0.0474499443206437,0.0285));
#2109=CARTESIAN_POINT('',(-0.014,0.0474499443206437,0.0285));
#2110=CARTESIAN_POINT('',(-0.014,0.0474323112969696,0.0282360930668737));
#2111=CARTESIAN_POINT('',(-0.014235484638942,0.047410934831015,0.028));
#2112=CARTESIAN_POINT('',(-0.0145,0.047410934831015,0.028));
#2113=CARTESIAN_POINT('',(-0.0145,0.047410934831015,0.028));
#2114=CARTESIAN_POINT('',(-0.005,0.047410934831015,0.028));
#2115=CARTESIAN_POINT('',(-0.016,0.047410934831015,0.028));
#2116=CARTESIAN_POINT('',(-0.016,0.025,0.03));
#2117=CARTESIAN_POINT('',(-0.016,0.027,0.00758906516898503));
#2118=CARTESIAN_POINT('',(-0.005,0.027,0.00758906516898503));
#2119=CARTESIAN_POINT('',(-0.0145,0.027,0.00758906516898503));
#2120=CARTESIAN_POINT('',(-0.0145,0.027,0.00758906516898503));
#2121=CARTESIAN_POINT('',(-0.0142354983457271,0.027,0.00758906516898503));
#2122=CARTESIAN_POINT('',(-0.014,0.0267638914455323,0.0075676876682221));
#2123=CARTESIAN_POINT('',(-0.014,0.0265,0.00755005567935635));
#2124=CARTESIAN_POINT('',(-0.014,0.0265,0.00755005567935635));
#2125=CARTESIAN_POINT('',(-0.014,0.025,0.03));
#2126=CARTESIAN_POINT('',(-0.014,0.0235,0.00755005567935635));
#2127=CARTESIAN_POINT('',(-0.014,0.0235,0.00755005567935635));
#2128=CARTESIAN_POINT('',(-0.014,0.0232360930668737,0.00756768870303051));
#2129=CARTESIAN_POINT('',(-0.014235484638942,0.023,0.00758906516898503));
#2130=CARTESIAN_POINT('',(-0.0145,0.023,0.00758906516898503));
#2131=CARTESIAN_POINT('',(-0.0145,0.023,0.00758906516898503));
#2132=CARTESIAN_POINT('',(-0.005,0.023,0.00758906516898503));
#2133=CARTESIAN_POINT('',(-0.016,0.025,0.03));
#2134=CARTESIAN_POINT('',(-0.016,0.023,0.0254174243050442));
#2135=CARTESIAN_POINT('',(-0.01,0.023,0.0254174243050442));
#2136=CARTESIAN_POINT('',(-0.016,0.023,0.0254174243050442));
#2137=CARTESIAN_POINT('',(-0.01,0.025,0.03));
#2138=CARTESIAN_POINT('',(-0.01,0.027,0.0254174243050442));
#2139=CARTESIAN_POINT('',(-0.016,0.027,0.0254174243050442));
#2140=CARTESIAN_POINT('',(-0.016,0.027,0.0254174243050442));
#2141=CARTESIAN_POINT('',(-0.016,0.025,0.03));
#2142=CARTESIAN_POINT('',(-0.016,0.0295825756949558,0.028));
#2143=CARTESIAN_POINT('',(-0.016,0.0295825756949558,0.028));
#2144=CARTESIAN_POINT('',(-0.01,0.0295825756949558,0.028));
#2145=CARTESIAN_POINT('',(-0.01,0.025,0.03));
#2146=CARTESIAN_POINT('',(-0.01,0.0295825756949558,0.032));
#2147=CARTESIAN_POINT('',(-0.016,0.0295825756949558,0.032));
#2148=CARTESIAN_POINT('',(-0.016,0.0295825756949558,0.032));
#2149=CARTESIAN_POINT('',(-0.016,0.025,0.03));
#2150=CARTESIAN_POINT('',(-0.016,0.027,0.0345825756949558));
#2151=CARTESIAN_POINT('',(-0.016,0.027,0.0345825756949558));
#2152=CARTESIAN_POINT('',(-0.01,0.027,0.0345825756949558));
#2153=CARTESIAN_POINT('',(-0.01,0.025,0.03));
#2154=CARTESIAN_POINT('',(-0.01,0.023,0.0345825756949558));
#2155=CARTESIAN_POINT('',(-0.016,0.023,0.0345825756949558));
#2156=CARTESIAN_POINT('',(-0.016,0.023,0.0345825756949558));
#2157=CARTESIAN_POINT('',(-0.016,0.025,0.03));
#2158=CARTESIAN_POINT('',(-0.016,0.0204174243050441,0.032));
#2159=CARTESIAN_POINT('',(-0.016,0.0204174243050441,0.032));
#2160=CARTESIAN_POINT('',(-0.01,0.0204174243050441,0.032));
#2161=CARTESIAN_POINT('',(-0.01,0.025,0.03));
#2162=CARTESIAN_POINT('',(-0.01,0.0204174243050441,0.028));
#2163=CARTESIAN_POINT('',(-0.016,0.0204174243050441,0.028));
#2164=CARTESIAN_POINT('',(-0.016,0.0204174243050441,0.028));
#2165=CARTESIAN_POINT('',(-0.016,0.025,0.03));
#2166=CARTESIAN_POINT('',(-0.005,0.025,0.03));
#2167=CARTESIAN_POINT('',(-0.005,0.025,0.035));
#2168=CARTESIAN_POINT('',(-0.0105,0.025,0.0495));
#2169=CARTESIAN_POINT('',(-0.014,0.025,0.0495));
#2170=CARTESIAN_POINT('',(-0.014,0.002,0.0495));
#2171=CARTESIAN_POINT('',(-0.0105,0.002,0.0495));
#2172=CARTESIAN_POINT('',(-0.005,0.002,0.0495));
#2173=CARTESIAN_POINT('',(-0.005,0.025,0.0495));
#2174=CARTESIAN_POINT('',(-0.008,0.,0.06));
#2175=CARTESIAN_POINT('',(-0.008,0.,0.054));
#2176=CARTESIAN_POINT('',(-0.014,0.,0.054));
#2177=CARTESIAN_POINT('',(-0.005,0.,0.054));
#2178=CARTESIAN_POINT('',(-0.005,0.,0.05075));
#2179=CARTESIAN_POINT('',(-0.005,0.,0.0475));
#2180=CARTESIAN_POINT('',(-0.008,0.,0.0475));
#2181=CARTESIAN_POINT('',(-0.014,0.,0.0475));
#2182=CARTESIAN_POINT('',(-0.014,0.,0.05075));
#2183=CARTESIAN_POINT('',(-0.008,0.,0.055));
#2184=CARTESIAN_POINT('',(-0.001,0.,0.055));
#2185=CARTESIAN_POINT('',(-0.015,0.,0.055));
#2186=CARTESIAN_POINT('',(-0.015,0.,0.06));
#2187=CARTESIAN_POINT('',(-0.001,0.,0.06));
#2188=CARTESIAN_POINT('',(-0.016,0.025,0.06));
#2189=CARTESIAN_POINT('',(-0.016,0.035,0.006));
#2190=CARTESIAN_POINT('',(-0.016,0.035,0.005));
#2191=CARTESIAN_POINT('',(-0.016,0.035,0.007));
#2192=CARTESIAN_POINT('',(-0.016,0.025,0.007));
#2193=CARTESIAN_POINT('',(-0.016,0.015,0.007));
#2194=CARTESIAN_POINT('',(-0.016,0.015,0.006));
#2195=CARTESIAN_POINT('',(-0.016,0.015,0.005));
#2196=CARTESIAN_POINT('',(-0.016,0.025,0.005));
#2197=CARTESIAN_POINT('',(-0.016,0.001,0.06));
#2198=CARTESIAN_POINT('',(-0.016,0.001,0.015));
#2199=CARTESIAN_POINT('',(-0.016,0.001,0.055));
#2200=CARTESIAN_POINT('',(-0.016,0.005,0.055));
#2201=CARTESIAN_POINT('',(-0.016,0.005,0.059));
#2202=CARTESIAN_POINT('',(-0.016,0.025,0.059));
#2203=CARTESIAN_POINT('',(-0.016,0.035,0.059));
#2204=CARTESIAN_POINT('',(-0.016,0.035,0.045));
#2205=CARTESIAN_POINT('',(-0.016,0.049,0.045));
#2206=CARTESIAN_POINT('',(-0.016,0.049,0.06));
#2207=CARTESIAN_POINT('',(-0.016,0.049,0.015));
#2208=CARTESIAN_POINT('',(-0.016,0.035,0.015));
#2209=CARTESIAN_POINT('',(-0.016,0.035,0.001));
#2210=CARTESIAN_POINT('',(-0.016,0.015,0.001));
#2211=CARTESIAN_POINT('',(-0.016,0.015,0.001));
#2212=CARTESIAN_POINT('',(-0.016,0.015,0.015));
#2213=CARTESIAN_POINT('',(-0.016,0.0372054674155075,0.028));
#2214=CARTESIAN_POINT('',(-0.016,0.027,0.0177945325844925));
#2215=CARTESIAN_POINT('',(-0.016,0.023,0.0177945325844925));
#2216=CARTESIAN_POINT('',(-0.016,0.0127945325844925,0.028));
#2217=CARTESIAN_POINT('',(-0.016,0.0127945325844925,0.032));
#2218=CARTESIAN_POINT('',(-0.016,0.023,0.0422054674155075));
#2219=CARTESIAN_POINT('',(-0.016,0.0372054674155075,0.032));
#2220=CARTESIAN_POINT('',(-0.016,0.027,0.0422054674155075));
#2221=CARTESIAN_POINT('',(0.,0.025,0.06));
#2222=CARTESIAN_POINT('',(0.,0.025,0.00835355339059328));
#2223=CARTESIAN_POINT('',(0.,0.035,0.00835355339059328));
#2224=CARTESIAN_POINT('',(0.,0.035,0.006));
#2225=CARTESIAN_POINT('',(0.,0.035,0.00364644660940673));
#2226=CARTESIAN_POINT('',(0.,0.025,0.00364644660940673));
#2227=CARTESIAN_POINT('',(0.,0.035,0.001));
#2228=CARTESIAN_POINT('',(0.,0.035,0.001));
#2229=CARTESIAN_POINT('',(0.,0.035,0.015));
#2230=CARTESIAN_POINT('',(0.,0.049,0.015));
#2231=CARTESIAN_POINT('',(0.,0.049,0.06));
#2232=CARTESIAN_POINT('',(0.,0.049,0.045));
#2233=CARTESIAN_POINT('',(0.,0.035,0.045));
#2234=CARTESIAN_POINT('',(0.,0.035,0.059));
#2235=CARTESIAN_POINT('',(0.,0.025,0.059));
#2236=CARTESIAN_POINT('',(0.,0.005,0.059));
#2237=CARTESIAN_POINT('',(0.,0.005,0.055));
#2238=CARTESIAN_POINT('',(0.,0.001,0.055));
#2239=CARTESIAN_POINT('',(0.,0.001,0.06));
#2240=CARTESIAN_POINT('',(-0.008,0.05,0.06));
#2241=CARTESIAN_POINT('',(-0.016,0.05,0.015));
#2242=CARTESIAN_POINT('',(-0.001,0.05,0.015));
#2243=CARTESIAN_POINT('',(-0.015,0.05,0.015));
#2244=CARTESIAN_POINT('',(-0.015,0.05,0.06));
#2245=CARTESIAN_POINT('',(-0.015,0.05,0.045));
#2246=CARTESIAN_POINT('',(-0.008,0.05,0.045));
#2247=CARTESIAN_POINT('',(-0.001,0.05,0.045));
#2248=CARTESIAN_POINT('',(-0.001,0.05,0.06));
#2249=CARTESIAN_POINT('',(-0.008,0.025,0.06));
#2250=CARTESIAN_POINT('',(-0.008,0.035,0.06));
#2251=CARTESIAN_POINT('',(-0.001,0.035,0.06));
#2252=CARTESIAN_POINT('',(-0.015,0.035,0.06));
#2253=CARTESIAN_POINT('',(-0.015,0.025,0.06));
#2254=CARTESIAN_POINT('',(-0.015,0.005,0.06));
#2255=CARTESIAN_POINT('',(-0.008,0.005,0.06));
#2256=CARTESIAN_POINT('',(-0.001,0.005,0.06));
#2257=CARTESIAN_POINT('',(-0.001,0.025,0.06));
#2258=CARTESIAN_POINT('',(-0.008,0.025,0.));
#2259=CARTESIAN_POINT('',(-0.015,0.035,0.));
#2260=CARTESIAN_POINT('',(-0.015,0.035,0.));
#2261=CARTESIAN_POINT('',(0.,0.035,0.));
#2262=CARTESIAN_POINT('',(-0.001,0.035,0.));
#2263=CARTESIAN_POINT('',(-0.001,0.015,0.));
#2264=CARTESIAN_POINT('',(-0.005,0.025,0.03));
#2265=CARTESIAN_POINT('',(-0.005,0.025,0.052));
#2266=CARTESIAN_POINT('',(-0.005,0.0193210916541997,0.052));
#2267=CARTESIAN_POINT('',(-0.005,0.002,0.052));
#2268=CARTESIAN_POINT('',(-0.005,0.0193210916541997,0.062));
#2269=CARTESIAN_POINT('',(-0.005,0.002,0.0475));
#2270=CARTESIAN_POINT('',(-0.005,0.002,0.054));
#2271=CARTESIAN_POINT('',(-0.0065,0.025,0.052));
#2272=CARTESIAN_POINT('',(-0.014,0.025,0.052));
#2273=CARTESIAN_POINT('',(-0.014,0.0193210916541997,0.052));
#2274=CARTESIAN_POINT('',(-0.014,0.002,0.052));
#2275=CARTESIAN_POINT('',(-0.005,0.0193210916541997,0.052));
#2276=CARTESIAN_POINT('',(-0.0065,0.002,0.052));
#2277=CARTESIAN_POINT('',(-0.008,0.035,0.015));
#2278=CARTESIAN_POINT('',(-0.015,0.035,0.015));
#2279=CARTESIAN_POINT('',(-0.001,0.035,0.015));
#2280=CARTESIAN_POINT('',(-0.008,0.035,0.045));
#2281=CARTESIAN_POINT('',(-0.015,0.035,0.045));
#2282=CARTESIAN_POINT('',(-0.001,0.035,0.045));
#2283=CARTESIAN_POINT('',(-0.008,0.005,0.055));
#2284=CARTESIAN_POINT('',(-0.015,0.005,0.055));
#2285=CARTESIAN_POINT('',(-0.001,0.005,0.055));
#2286=CARTESIAN_POINT('',(-0.014,0.025,0.03));
#2287=CARTESIAN_POINT('',(-0.014,0.002,0.0475));
#2288=CARTESIAN_POINT('',(-0.014,0.0193210916541997,0.062));
#2289=CARTESIAN_POINT('',(-0.014,0.002,0.054));
#2290=CARTESIAN_POINT('',(-0.014,0.025,0.03));
#2291=CARTESIAN_POINT('',(-0.014,0.0235,0.0387749643873921));
#2292=CARTESIAN_POINT('',(-0.014,0.0235,0.0388741196746494));
#2293=CARTESIAN_POINT('',(-0.014,0.025,0.03));
#2294=CARTESIAN_POINT('',(-0.014,0.0265,0.0388741196746494));
#2295=CARTESIAN_POINT('',(-0.014,0.0265,0.03));
#2296=CARTESIAN_POINT('',(-0.014,0.027,0.0422054674155075));
#2297=CARTESIAN_POINT('',(-0.0145,0.027,0.0422054674155075));
#2298=CARTESIAN_POINT('',(-0.0145,0.027,0.0392870878105159));
#2299=CARTESIAN_POINT('',(-0.0145000000000123,0.027,0.0392870878105159));
#2300=CARTESIAN_POINT('',(-0.0129829345085836,0.027,0.0377352426613538));
#2301=CARTESIAN_POINT('',(-0.0114665260593691,0.027,0.036182686808214));
#2302=CARTESIAN_POINT('',(-0.01,0.027,0.0345825756949558));
#2303=CARTESIAN_POINT('',(-0.014,0.023,0.0422054674155075));
#2304=CARTESIAN_POINT('',(-0.01,0.023,0.0345825756949558));
#2305=CARTESIAN_POINT('',(-0.0114665260593694,0.023,0.0361826868082143));
#2306=CARTESIAN_POINT('',(-0.0129829345085851,0.023,0.0377352426613554));
#2307=CARTESIAN_POINT('',(-0.0145000000000141,0.023,0.0392870878105178));
#2308=CARTESIAN_POINT('',(-0.0145,0.023,0.0392870878105178));
#2309=CARTESIAN_POINT('',(-0.0145,0.023,0.052410934831015));
#2310=CARTESIAN_POINT('',(-0.014,0.025,0.03));
#2311=CARTESIAN_POINT('',(-0.014,0.025,0.03));
#2312=CARTESIAN_POINT('',(-0.014,0.0161258803253506,0.0285));
#2313=CARTESIAN_POINT('',(-0.014,0.0161258803253506,0.0315));
#2314=CARTESIAN_POINT('',(-0.014,0.025,0.0315));
#2315=CARTESIAN_POINT('',(-0.014,0.0162250356126079,0.0285));
#2316=CARTESIAN_POINT('',(-0.014,0.0127945325844925,0.032));
#2317=CARTESIAN_POINT('',(-0.0145,0.0127945325844925,0.032));
#2318=CARTESIAN_POINT('',(-0.0145,0.0157129121894844,0.032));
#2319=CARTESIAN_POINT('',(-0.014500000000012,0.0157129121894844,0.032));
#2320=CARTESIAN_POINT('',(-0.0129829345085834,0.0172647573386464,0.032));
#2321=CARTESIAN_POINT('',(-0.011466526059369,0.0188173131917861,0.032));
#2322=CARTESIAN_POINT('',(-0.01,0.0204174243050441,0.032));
#2323=CARTESIAN_POINT('',(-0.014,0.0127945325844925,0.028));
#2324=CARTESIAN_POINT('',(-0.01,0.0204174243050441,0.028));
#2325=CARTESIAN_POINT('',(-0.0114665260593692,0.0188173131917858,0.028));
#2326=CARTESIAN_POINT('',(-0.0129829345085844,0.0172647573386453,0.028));
#2327=CARTESIAN_POINT('',(-0.0145000000000132,0.0157129121894831,0.028));
#2328=CARTESIAN_POINT('',(-0.0145,0.0157129121894831,0.028));
#2329=CARTESIAN_POINT('',(-0.0145,0.00258906516898504,0.028));
#2330=CARTESIAN_POINT('',(-0.014,0.025,0.03));
#2331=CARTESIAN_POINT('',(-0.014,0.0265,0.0212250356126079));
#2332=CARTESIAN_POINT('',(-0.014,0.0265,0.0211258803253505));
#2333=CARTESIAN_POINT('',(-0.014,0.025,0.03));
#2334=CARTESIAN_POINT('',(-0.014,0.0235,0.0211258803253506));
#2335=CARTESIAN_POINT('',(-0.014,0.0235,0.03));
#2336=CARTESIAN_POINT('',(-0.014,0.027,0.0177945325844925));
#2337=CARTESIAN_POINT('',(-0.01,0.027,0.0254174243050442));
#2338=CARTESIAN_POINT('',(-0.0114665260593692,0.027,0.0238173131917859));
#2339=CARTESIAN_POINT('',(-0.0129829345085844,0.027,0.0222647573386453));
#2340=CARTESIAN_POINT('',(-0.0145000000000132,0.027,0.0207129121894831));
#2341=CARTESIAN_POINT('',(-0.0145,0.027,0.0207129121894831));
#2342=CARTESIAN_POINT('',(-0.0145,0.027,0.00758906516898503));
#2343=CARTESIAN_POINT('',(-0.014,0.023,0.0177945325844925));
#2344=CARTESIAN_POINT('',(-0.0145,0.023,0.0177945325844925));
#2345=CARTESIAN_POINT('',(-0.0145,0.023,0.0207129121894842));
#2346=CARTESIAN_POINT('',(-0.0145000000000122,0.023,0.0207129121894842));
#2347=CARTESIAN_POINT('',(-0.0129829345085835,0.023,0.0222647573386463));
#2348=CARTESIAN_POINT('',(-0.0114665260593691,0.023,0.023817313191786));
#2349=CARTESIAN_POINT('',(-0.01,0.023,0.0254174243050442));
#2350=CARTESIAN_POINT('',(-0.014,0.025,0.03));
#2351=CARTESIAN_POINT('',(-0.014,0.0337749643873922,0.0315));
#2352=CARTESIAN_POINT('',(-0.014,0.0338741196746495,0.0315));
#2353=CARTESIAN_POINT('',(-0.014,0.025,0.03));
#2354=CARTESIAN_POINT('',(-0.014,0.0338741196746495,0.0285));
#2355=CARTESIAN_POINT('',(-0.014,0.025,0.0285));
#2356=CARTESIAN_POINT('',(-0.014,0.0372054674155075,0.032));
#2357=CARTESIAN_POINT('',(-0.01,0.0295825756949558,0.032));
#2358=CARTESIAN_POINT('',(-0.0114665260593695,0.0311826868082145,0.032));
#2359=CARTESIAN_POINT('',(-0.0129829345085858,0.0327352426613562,0.032));
#2360=CARTESIAN_POINT('',(-0.014500000000015,0.0342870878105187,0.032));
#2361=CARTESIAN_POINT('',(-0.0145,0.0342870878105187,0.032));
#2362=CARTESIAN_POINT('',(-0.0145,0.047410934831015,0.032));
#2363=CARTESIAN_POINT('',(-0.014,0.0372054674155075,0.028));
#2364=CARTESIAN_POINT('',(-0.0145,0.0372054674155075,0.028));
#2365=CARTESIAN_POINT('',(-0.0145,0.0342870878105155,0.028));
#2366=CARTESIAN_POINT('',(-0.0145000000000119,0.0342870878105156,0.028));
#2367=CARTESIAN_POINT('',(-0.0129829345085833,0.0327352426613535,0.028));
#2368=CARTESIAN_POINT('',(-0.011466526059369,0.0311826868082139,0.028));
#2369=CARTESIAN_POINT('',(-0.01,0.0295825756949559,0.028));
#2370=CARTESIAN_POINT('',(-0.008,0.002,0.054));
#2371=CARTESIAN_POINT('',(-0.008,0.002,0.0475));
#2372=CARTESIAN_POINT('',(-0.014,0.025,0.03));
#2373=CARTESIAN_POINT('',(-0.0145,0.023,0.0207129121894842));
#2374=CARTESIAN_POINT('',(-0.0143917786549784,0.023,0.0208236145752786));
#2375=CARTESIAN_POINT('',(-0.0141646935926372,0.0230581432491225,0.0210426317496798));
#2376=CARTESIAN_POINT('',(-0.014,0.0233459933738108,0.0211519121964266));
#2377=CARTESIAN_POINT('',(-0.014,0.0235,0.0211258803253505));
#2378=CARTESIAN_POINT('',(-0.014,0.0265,0.0211258803253506));
#2379=CARTESIAN_POINT('',(-0.014,0.0266537390769212,0.0211518669723461));
#2380=CARTESIAN_POINT('',(-0.0141642135794837,0.0269416313535075,0.0210430695464573));
#2381=CARTESIAN_POINT('',(-0.0143918754095385,0.0270000000000015,0.0208235156025736));
#2382=CARTESIAN_POINT('',(-0.0145000000000067,0.027,0.0207129121894898));
#2383=CARTESIAN_POINT('',(-0.014,0.025,0.03));
#2384=CARTESIAN_POINT('',(-0.0145,0.027,0.0392870878105159));
#2385=CARTESIAN_POINT('',(-0.0143917786549784,0.027,0.0391763854247215));
#2386=CARTESIAN_POINT('',(-0.0141646935926373,0.0269418567508776,0.0389573682503202));
#2387=CARTESIAN_POINT('',(-0.014,0.0266540066261892,0.0388480878035734));
#2388=CARTESIAN_POINT('',(-0.014,0.0265,0.0388741196746494));
#2389=CARTESIAN_POINT('',(-0.014,0.0235,0.0388741196746494));
#2390=CARTESIAN_POINT('',(-0.014,0.0233462609230787,0.0388481330276538));
#2391=CARTESIAN_POINT('',(-0.0141642135794839,0.0230583686464923,0.0389569304535429));
#2392=CARTESIAN_POINT('',(-0.0143918754095389,0.0229999999999985,0.0391764843974268));
#2393=CARTESIAN_POINT('',(-0.0145000000000071,0.023,0.0392870878105106));
#2394=CARTESIAN_POINT('',(-0.014,0.025,0.03));
#2395=CARTESIAN_POINT('',(-0.0145,0.0157129121894844,0.032));
#2396=CARTESIAN_POINT('',(-0.0143917786549785,0.0158236145752787,0.032));
#2397=CARTESIAN_POINT('',(-0.0141646935926371,0.0160426317496798,0.0319418567508775));
#2398=CARTESIAN_POINT('',(-0.014,0.0161519121964266,0.0316540066261892));
#2399=CARTESIAN_POINT('',(-0.014,0.0161258803253506,0.0315));
#2400=CARTESIAN_POINT('',(-0.014,0.0161258803253506,0.0285));
#2401=CARTESIAN_POINT('',(-0.014,0.0161518669723462,0.0283462609230788));
#2402=CARTESIAN_POINT('',(-0.0141642135794837,0.0160430695464573,0.0280583686464925));
#2403=CARTESIAN_POINT('',(-0.0143918754095386,0.0158235156025736,0.0279999999999986));
#2404=CARTESIAN_POINT('',(-0.0145000000000067,0.0157129121894898,0.028));
#2405=CARTESIAN_POINT('',(-0.014,0.025,0.03));
#2406=CARTESIAN_POINT('',(-0.0145,0.0342870878105155,0.028));
#2407=CARTESIAN_POINT('',(-0.0143917786549785,0.0341763854247212,0.028));
#2408=CARTESIAN_POINT('',(-0.0141646935926371,0.0339573682503202,0.0280581432491226));
#2409=CARTESIAN_POINT('',(-0.014,0.0338480878035734,0.0283459933738109));
#2410=CARTESIAN_POINT('',(-0.014,0.0338741196746495,0.0285));
#2411=CARTESIAN_POINT('',(-0.014,0.0338741196746495,0.0315));
#2412=CARTESIAN_POINT('',(-0.014,0.0338481330276538,0.0316537390769214));
#2413=CARTESIAN_POINT('',(-0.0141642135794841,0.033956930453543,0.031941631353508));
#2414=CARTESIAN_POINT('',(-0.0143918754095393,0.0341764843974272,0.0320000000000016));
#2415=CARTESIAN_POINT('',(-0.0145000000000076,0.0342870878105111,0.032));
#2416=CARTESIAN_POINT('',(-0.015,0.035,0.015));
#2417=CARTESIAN_POINT('',(-0.015,0.049,0.015));
#2418=CARTESIAN_POINT('',(-0.015,0.035,0.001));
#2419=CARTESIAN_POINT('',(-0.015,0.025,0.001));
#2420=CARTESIAN_POINT('',(-0.015,0.015,0.001));
#2421=CARTESIAN_POINT('',(-0.015,0.049,0.06));
#2422=CARTESIAN_POINT('',(-0.015,0.049,0.045));
#2423=CARTESIAN_POINT('',(-0.015,0.015,0.015));
#2424=CARTESIAN_POINT('',(-0.015,0.001,0.015));
#2425=CARTESIAN_POINT('',(-0.015,0.035,0.045));
#2426=CARTESIAN_POINT('',(-0.015,0.035,0.059));
#2427=CARTESIAN_POINT('',(-0.015,0.001,0.06));
#2428=CARTESIAN_POINT('',(-0.015,0.001,0.055));
#2429=CARTESIAN_POINT('',(-0.015,0.025,0.059));
#2430=CARTESIAN_POINT('',(-0.015,0.005,0.059));
#2431=CARTESIAN_POINT('',(-0.015,0.005,0.055));
#2432=CARTESIAN_POINT('',(-0.001,0.035,0.015));
#2433=CARTESIAN_POINT('',(-0.001,0.035,0.001));
#2434=CARTESIAN_POINT('',(-0.001,0.049,0.015));
#2435=CARTESIAN_POINT('',(-0.001,0.049,0.06));
#2436=CARTESIAN_POINT('',(-0.001,0.049,0.045));
#2437=CARTESIAN_POINT('',(-0.001,0.025,0.001));
#2438=CARTESIAN_POINT('',(-0.001,0.035,0.045));
#2439=CARTESIAN_POINT('',(-0.001,0.035,0.059));
#2440=CARTESIAN_POINT('',(-0.001,0.025,0.059));
#2441=CARTESIAN_POINT('',(-0.001,0.005,0.059));
#2442=CARTESIAN_POINT('',(-0.001,0.001,0.06));
#2443=CARTESIAN_POINT('',(-0.001,0.001,0.055));
#2444=CARTESIAN_POINT('',(-0.001,0.005,0.055));
#2445=CARTESIAN_POINT('',(-0.005,0.0193210916541997,0.062));
#2446=CARTESIAN_POINT('',(-0.018,0.035,0.006));
#2447=CARTESIAN_POINT('',(-0.018,0.035,0.003));
#2448=CARTESIAN_POINT('',(-0.018,0.035,0.003));
#2449=CARTESIAN_POINT('',(-0.019,0.035,0.003));
#2450=CARTESIAN_POINT('',(-0.019,0.035,0.003));
#2451=CARTESIAN_POINT('',(-0.019,0.035,0.0075));
#2452=CARTESIAN_POINT('',(-0.019,0.035,0.009));
#2453=CARTESIAN_POINT('',(-0.019,0.035,0.009));
#2454=CARTESIAN_POINT('',(-0.018,0.035,0.009));
#2455=CARTESIAN_POINT('',(-0.016,0.035,0.007));
#2456=CARTESIAN_POINT('',(-0.018,0.015,0.006));
#2457=CARTESIAN_POINT('',(-0.016,0.015,0.007));
#2458=CARTESIAN_POINT('',(-0.018,0.015,0.009));
#2459=CARTESIAN_POINT('',(-0.019,0.015,0.009));
#2460=CARTESIAN_POINT('',(-0.019,0.015,0.009));
#2461=CARTESIAN_POINT('',(-0.019,0.015,0.006));
#2462=CARTESIAN_POINT('',(-0.019,0.015,0.003));
#2463=CARTESIAN_POINT('',(-0.019,0.015,0.003));
#2464=CARTESIAN_POINT('',(-0.018,0.015,0.003));
#2465=CARTESIAN_POINT('',(-0.018,0.015,0.003));
#2466=CARTESIAN_POINT('',(-0.019,0.025,0.003));
#2467=CARTESIAN_POINT('',(-0.018,0.025,0.003));
#2468=CARTESIAN_POINT('',(-0.019,0.025,0.003));
#2469=CARTESIAN_POINT('',(-0.019,0.025,0.009));
#2470=CARTESIAN_POINT('',(-0.018,0.025,0.009));
#2471=CARTESIAN_POINT('',(-0.019,0.025,0.009));
#2472=CARTESIAN_POINT('',(-0.019,0.025,0.006));
#2473=CARTESIAN_POINT('',(-0.00375,0.035,0.006));
#2474=CARTESIAN_POINT('',(-0.00375,0.035,0.006));
#2475=CARTESIAN_POINT('',(-0.00375,0.035,0.00275));
#2476=CARTESIAN_POINT('',(-0.00375,0.035,0.00925));
#2477=CARTESIAN_POINT('',(-0.00375,0.035,0.00275));
#2478=CARTESIAN_POINT('',(-0.0015,0.035,0.00275));
#2479=CARTESIAN_POINT('',(-0.001,0.035,0.00325));
#2480=CARTESIAN_POINT('',(-0.000426776695296632,0.035,0.00382322330470336));
#2481=CARTESIAN_POINT('',(-0.00025,0.035,0.00364644660940673));
#2482=CARTESIAN_POINT('',(-0.00025,0.035,0.00835355339059328));
#2483=CARTESIAN_POINT('',(-0.000426776695296639,0.035,0.00817677669529664));
#2484=CARTESIAN_POINT('',(-0.001,0.035,0.00875));
#2485=CARTESIAN_POINT('',(-0.0015,0.035,0.00925));
#2486=CARTESIAN_POINT('',(-0.00375,0.035,0.00925));
#2487=CARTESIAN_POINT('',(-0.00375,0.0245,0.03));
#2488=CARTESIAN_POINT('',(-0.00375,0.0175,0.00275));
#2489=CARTESIAN_POINT('',(-0.00375,0.0138334889640714,0.00925));
#2490=CARTESIAN_POINT('',(-0.00182773455348282,0.0138334889640714,0.00925));
#2491=CARTESIAN_POINT('',(-0.0015,0.0138334889640714,0.00925));
#2492=CARTESIAN_POINT('',(-0.0015,0.00134343813414551,0.00925));
#2493=CARTESIAN_POINT('',(-0.0015,0.0013434381341455,0.00925));
#2494=CARTESIAN_POINT('',(-0.00150000000000001,0.00122125234524377,0.00925));
#2495=CARTESIAN_POINT('',(-0.00136372766694675,0.00114584899750255,0.00925));
#2496=CARTESIAN_POINT('',(-0.00124227994274007,0.00114584899750255,0.00925));
#2497=CARTESIAN_POINT('',(-0.00182792861873259,0.0185491823327247,0.00275));
#2498=CARTESIAN_POINT('',(-0.0015,0.0185491823327247,0.00275));
#2499=CARTESIAN_POINT('',(-0.0015,0.00719083902529633,0.00275));
#2500=CARTESIAN_POINT('',(-0.0015,0.00719083902528708,0.00275));
#2501=CARTESIAN_POINT('',(-0.00149999999999762,0.00700400733332087,0.00275));
#2502=CARTESIAN_POINT('',(-0.00141589072255486,0.00673142811611656,0.00275));
#2503=CARTESIAN_POINT('',(-0.00119267342217419,0.0064366136102542,0.00275));
#2504=CARTESIAN_POINT('',(-0.00101633624713554,0.00633613208032489,0.00275));
#2505=CARTESIAN_POINT('',(-0.000923779178168241,0.0063483968352823,0.00275));
#2506=CARTESIAN_POINT('',(0.0005,0.0175,0.00475));
#2507=CARTESIAN_POINT('',(-0.0015,0.00719083902529633,0.00275));
#2508=CARTESIAN_POINT('',(-0.00143126076773239,0.00701975332732735,0.00281873923226761));
#2509=CARTESIAN_POINT('',(-0.00127581579074309,0.00669261969269528,0.00297418420925691));
#2510=CARTESIAN_POINT('',(-0.0010238457367449,0.00635089282251137,0.0032261542632551));
#2511=CARTESIAN_POINT('',(-0.000766906072123557,0.0061803277321861,0.00348309392787644));
#2512=CARTESIAN_POINT('',(-0.000541002781334075,0.00623124276599548,0.00370899721866592));
#2513=CARTESIAN_POINT('',(-0.000437443259315283,0.00651569946718167,0.00381255674068471));
#2514=CARTESIAN_POINT('',(-0.000426776695296637,0.00670988672815544,0.00382322330470336));
#2515=CARTESIAN_POINT('',(-0.000426776695296637,0.00680873481036368,0.00382322330470336));
#2516=CARTESIAN_POINT('',(-0.000426776695296633,0.00680873481036368,0.00382322330470336));
#2517=CARTESIAN_POINT('',(-0.000426776695296633,0.0175,0.00382322330470336));
#2518=CARTESIAN_POINT('',(-0.0015,0.0138334889640714,0.00925));
#2519=CARTESIAN_POINT('',(-0.000426776695296637,0.00267828147260677,0.00817677669529663));
#2520=CARTESIAN_POINT('',(-0.000426776695296635,0.00239160119462814,0.00817677669529663));
#2521=CARTESIAN_POINT('',(-0.00064299487062173,0.00187250200681347,0.00839299487062171));
#2522=CARTESIAN_POINT('',(-0.000984349749668286,0.00156377322948152,0.00873434974966828));
#2523=CARTESIAN_POINT('',(-0.00117677669529663,0.00147985142898142,0.00892677669529662));
#2524=CARTESIAN_POINT('',(-0.000426776695296638,0.00267828147260677,0.00817677669529663));
#2525=CARTESIAN_POINT('',(-0.00117677669529663,0.00147985142898142,0.00892677669529662));
#2526=CARTESIAN_POINT('',(-0.00707322330470337,0.015,0.0148232233047034));
#2527=CARTESIAN_POINT('',(-0.000426776695296638,0.0138334889640714,0.00817677669529663));
#2528=CARTESIAN_POINT('',(-0.018,0.025,0.003));
#2529=CARTESIAN_POINT('',(-0.016,0.025,0.007));
#2530=CARTESIAN_POINT('',(-0.00025,0.025,0.00835355339059327));
#2531=CARTESIAN_POINT('',(-0.00025,0.00267828147260677,0.00835355339059326));
#2532=CARTESIAN_POINT('',(-0.00117677669529664,0.00147985142898142,0.00892677669529662));
#2533=CARTESIAN_POINT('',(-0.00113781905662956,0.00130119702993549,0.00888781905662954));
#2534=CARTESIAN_POINT('',(-0.001,0.00125069636845568,0.00900361361755247));
#2535=CARTESIAN_POINT('',(-0.000984060487332219,0.00156389944369425,0.0087340604873322));
#2536=CARTESIAN_POINT('',(-0.000897387682500765,0.00136674180008289,0.0086473876825009));
#2537=CARTESIAN_POINT('',(-0.000743045056047742,0.00133616887538251,0.00880763100820524));
#2538=CARTESIAN_POINT('',(-0.000725497955727475,0.00179661183503711,0.00847549795572746));
#2539=CARTESIAN_POINT('',(-0.000563641281250705,0.00160654164380583,0.00831364128125059));
#2540=CARTESIAN_POINT('',(-0.000398294971775721,0.0016026130311876,0.00855779675892252));
#2541=CARTESIAN_POINT('',(-0.000486802489681099,0.00225791528335924,0.00823680248968109));
#2542=CARTESIAN_POINT('',(-0.000203956702496476,0.00208237816531761,0.0079539567024966));
#2543=CARTESIAN_POINT('',(-8.00344627327649E-5,0.00215674268123246,0.00836056381269989));
#2544=CARTESIAN_POINT('',(-0.000426776811159417,0.00253480728449098,0.0081767768111594));
#2545=CARTESIAN_POINT('',(-4.39980285600385E-5,0.00243208017830027,0.00779399802855968));
#2546=CARTESIAN_POINT('',(8.81291927583495E-19,0.00249776149881662,0.00833357067280398));
#2547=CARTESIAN_POINT('',(-0.000426776695296637,0.00267828147260677,0.00817677669529662));
#2548=CARTESIAN_POINT('',(0.,0.00267828147260678,0.00774999999999999));
#2549=CARTESIAN_POINT('',(0.,0.00267828147260677,0.00835355339059326));
#2550=CARTESIAN_POINT('',(-0.001,0.00147985142898142,0.00910355339059326));
#2551=CARTESIAN_POINT('',(-0.00150905387866376,0.00133974675936326,0.00925905387866375));
#2552=CARTESIAN_POINT('',(-0.00147182930239522,0.00115697118239255,0.00922182930239521));
#2553=CARTESIAN_POINT('',(-0.00133227718336712,0.00110821704342027,0.00934152261758683));
#2554=CARTESIAN_POINT('',(-0.00139772944197516,0.00138509204074886,0.00914772944197515));
#2555=CARTESIAN_POINT('',(-0.00136015217761215,0.0012035950139475,0.00911015217761143));
#2556=CARTESIAN_POINT('',(-0.00122095274667867,0.00115433088889712,0.00922831132603892));
#2557=CARTESIAN_POINT('',(-0.00128695934689996,0.00143179824975467,0.00903695934689995));
#2558=CARTESIAN_POINT('',(-0.00124879775988953,0.00125167119859661,0.00899879775988936));
#2559=CARTESIAN_POINT('',(-0.00111018265160322,0.00120182872856369,0.00911566377172506));
#2560=CARTESIAN_POINT('',(-0.00117677669529665,0.00147985142898139,0.00892677669529664));
#2561=CARTESIAN_POINT('',(-0.00113781905662957,0.00130119702993546,0.00888781905662956));
#2562=CARTESIAN_POINT('',(-0.00100000000000001,0.00125069636845565,0.00900361361755249));
#2563=CARTESIAN_POINT('',(-0.00025,0.025,0.00364644660940673));
#2564=CARTESIAN_POINT('',(-0.00025,0.00680873481036368,0.00364644660940673));
#2565=CARTESIAN_POINT('',(-0.000426776695296637,0.00680873481036368,0.00382322330470336));
#2566=CARTESIAN_POINT('',(-4.22838847269347E-18,0.00680873481036368,0.00424999999999999));
#2567=CARTESIAN_POINT('',(0.,0.00680873481036368,0.00364644660940672));
#2568=CARTESIAN_POINT('',(-0.000426776680970782,0.00675896857898108,0.00382322331902921));
#2569=CARTESIAN_POINT('',(1.97534827304906E-5,0.00673684775346518,0.0042697534827305));
#2570=CARTESIAN_POINT('',(3.11102164998321E-19,0.00675328974411043,0.00363857543967913));
#2571=CARTESIAN_POINT('',(-0.000430115607463964,0.00666014932378432,0.00381988439253603));
#2572=CARTESIAN_POINT('',(6.00279183596097E-5,0.00658038097005038,0.0043100279183596));
#2573=CARTESIAN_POINT('',(-4.45187402490002E-6,0.00664246186878809,0.0036188785112275));
#2574=CARTESIAN_POINT('',(-0.000448930608655194,0.0065138657518427,0.0038010693913448));
#2575=CARTESIAN_POINT('',(0.000112940623764107,0.00628963371378004,0.0043629406237641));
#2576=CARTESIAN_POINT('',(-2.95385535200787E-5,0.00647562940584257,0.00357289588106267));
#2577=CARTESIAN_POINT('',(-0.00048879730159282,0.00637353432405832,0.00376120269840717));
#2578=CARTESIAN_POINT('',(0.000126293228461272,0.00586976722513429,0.00437629322846126));
#2579=CARTESIAN_POINT('',(-8.26941410917718E-5,0.00631161691526902,0.00350237502106714));
#2580=CARTESIAN_POINT('',(-0.000558651414720664,0.00625832273596961,0.00369134858527933));
#2581=CARTESIAN_POINT('',(-5.87879708737405E-5,0.00530900813663621,0.00419121202912625));
#2582=CARTESIAN_POINT('',(-0.00017583295940259,0.00617077805987582,0.00339952150151751));
#2583=CARTESIAN_POINT('',(-0.00065910451348895,0.00619942272058609,0.00359089548651105));
#2584=CARTESIAN_POINT('',(-0.000534796837196107,0.00508870753305832,0.00371520316280389));
#2585=CARTESIAN_POINT('',(-0.000309770424210673,0.00608864006279812,0.00326833282290378));
#2586=CARTESIAN_POINT('',(-0.000766731814811036,0.00620447585456288,0.00348326818518896));
#2587=CARTESIAN_POINT('',(-0.000885126790758526,0.00529329269420291,0.00336487320924147));
#2588=CARTESIAN_POINT('',(-0.000453273492698289,0.00607779626671086,0.00313814508976817));
#2589=CARTESIAN_POINT('',(-0.000867920507016452,0.00624942632799946,0.00338207949298354));
#2590=CARTESIAN_POINT('',(-0.00107879812453869,0.00553481344864,0.00317120187546131));
#2591=CARTESIAN_POINT('',(-0.000588191748955941,0.00611311700954873,0.00302162940867578));
#2592=CARTESIAN_POINT('',(-0.000961062060451602,0.00631832653670255,0.00328893793954839));
#2593=CARTESIAN_POINT('',(-0.00120377585928841,0.00574964860483444,0.00304622414071158));
#2594=CARTESIAN_POINT('',(-0.000712380486876126,0.00617670057250416,0.00291826983654952));
#2595=CARTESIAN_POINT('',(-0.00104743485275039,0.00640337972348094,0.00320256514724961));
#2596=CARTESIAN_POINT('',(-0.00129753687285835,0.00594057563411852,0.00295246312714164));
#2597=CARTESIAN_POINT('',(-0.000827544209930785,0.00625944047210105,0.00282531751027516));
#2598=CARTESIAN_POINT('',(-0.00115431962742144,0.00653217299325792,0.00309568037257855));
#2599=CARTESIAN_POINT('',(-0.00139782784021522,0.0061676526497489,0.00285217215978478));
#2600=CARTESIAN_POINT('',(-0.000970057242872049,0.00638813493673558,0.00271342532141063));
#2601=CARTESIAN_POINT('',(-0.00127249367156628,0.0067114445868171,0.00297750632843371));
#2602=CARTESIAN_POINT('',(-0.00150076905854698,0.00642887217926991,0.00274923094145304));
#2603=CARTESIAN_POINT('',(-0.0011276226347137,0.0065713707413933,0.00259450470422922));
#2604=CARTESIAN_POINT('',(-0.00139823265587215,0.0069502377463842,0.00285176734412785));
#2605=CARTESIAN_POINT('',(-0.00160814631059486,0.00673884707289708,0.00264185368940505));
#2606=CARTESIAN_POINT('',(-0.00129527461524137,0.0068190404359582,0.00247398503374218));
#2607=CARTESIAN_POINT('',(-0.00147089983465675,0.00711774481735223,0.00277910016534324));
#2608=CARTESIAN_POINT('',(-0.00167071193146048,0.0069458916229897,0.00257928806853969));
#2609=CARTESIAN_POINT('',(-0.00139216418336019,0.00699419757884194,0.00240794084248168));
#2610=CARTESIAN_POINT('',(-0.00150488013733054,0.00720303669232939,0.00274511986266946));
#2611=CARTESIAN_POINT('',(-0.0016993984023339,0.00704804443314845,0.00255060159766609));
#2612=CARTESIAN_POINT('',(-0.00143747125604514,0.00708358938306881,0.0023778936423831));
#2613=CARTESIAN_POINT('',(-0.0145,0.0372054674155075,0.0315));
#2614=CARTESIAN_POINT('',(-0.0145,0.025,0.0285));
#2615=CARTESIAN_POINT('',(-0.0145,0.0265,0.0177945325844925));
#2616=CARTESIAN_POINT('',(-0.0145,0.0235,0.03));
#2617=CARTESIAN_POINT('',(-0.0145,0.025,0.0315));
#2618=CARTESIAN_POINT('',(-0.0145,0.0127945325844925,0.0285));
#2619=CARTESIAN_POINT('',(-0.0145,0.0235,0.0422054674155075));
#2620=CARTESIAN_POINT('',(-0.0145,0.0265,0.03));
#2621=MECHANICAL_DESIGN_GEOMETRIC_PRESENTATION_REPRESENTATION('',(#1442),
#2622);
#2622=(
GEOMETRIC_REPRESENTATION_CONTEXT(3)
GLOBAL_UNCERTAINTY_ASSIGNED_CONTEXT((#2623))
GLOBAL_UNIT_ASSIGNED_CONTEXT((#2626,#2625,#2624))
REPRESENTATION_CONTEXT('Small Reel','TOP_LEVEL_ASSEMBLY_PART')
);
#2623=UNCERTAINTY_MEASURE_WITH_UNIT(LENGTH_MEASURE(2.E-5),#2626,
'DISTANCE_ACCURACY_VALUE','Maximum Tolerance applied to model');
#2624=(
NAMED_UNIT(*)
SI_UNIT($,.STERADIAN.)
SOLID_ANGLE_UNIT()
);
#2625=(
NAMED_UNIT(*)
PLANE_ANGLE_UNIT()
SI_UNIT($,.RADIAN.)
);
#2626=(
LENGTH_UNIT()
NAMED_UNIT(*)
SI_UNIT($,.METRE.)
);
#2627=PRODUCT_DEFINITION_SHAPE('','',#2628);
#2628=PRODUCT_DEFINITION('','',#2630,#2629);
#2629=PRODUCT_DEFINITION_CONTEXT('',#2636,'design');
#2630=PRODUCT_DEFINITION_FORMATION_WITH_SPECIFIED_SOURCE('','',#2632,
 .NOT_KNOWN.);
#2631=PRODUCT_RELATED_PRODUCT_CATEGORY('','',(#2632));
#2632=PRODUCT('Small Reel','Small Reel','Small Reel',(#2634));
#2633=PRODUCT_CATEGORY('','');
#2634=PRODUCT_CONTEXT('',#2636,'mechanical');
#2635=APPLICATION_PROTOCOL_DEFINITION('international standard',
'ap242_managed_model_based_3d_engineering',2020,#2636);
#2636=APPLICATION_CONTEXT('managed model based 3d engineering');
ENDSEC;
END-ISO-10303-21;
