ISO-10303-21;
HEADER;
/* Generated by software containing ST-Developer
 * from STEP Tools, Inc. (www.steptools.com) 
 */
/* OPTION: using custom renumber hook */

FILE_DESCRIPTION(
/* description */ ('STEP AP242 Edition 2',
'CAx-IF Rec.Pracs.---Representation and Presentation of Product Manufa
cturing Information (PMI)---4.0---2014-10-13',
'CAx-IF Rec.Pracs.---3D Tessellated Geometry---0.4---2014-09-14','2;1',
'CAx-IF Rec.Pracs.---User Defined Attributes---1.5---2016-08-15'),
/* implementation_level */ '2;1');

FILE_NAME(
/* name */ '6928f3cce7e94998ccb60b14',
/* time_stamp */ '2025-11-28T00:58:53Z',
/* author */ (''),
/* organization */ (''),
/* preprocessor_version */ 'ST-DEVELOPER v20',
/* originating_system */ 'ONSHAPE BY PTC INC, 1.207',
/* authorisation */ '  ');

FILE_SCHEMA (('AP242_MANAGED_MODEL_BASED_3D_ENGINEERING_MIM_LF { 1 0 10303 442 3 1 4 }'));
ENDSEC;

DATA;
#10=SHAPE_REPRESENTATION_RELATIONSHIP('','',#1916,#11);
#11=ADVANCED_BREP_SHAPE_REPRESENTATION('',(#1914),#3385);
#12=(
BOUNDED_SURFACE()
B_SPLINE_SURFACE(3,2,((#3291,#3292,#3293),(#3294,#3295,#3296),(#3297,#3298,
#3299),(#3300,#3301,#3302),(#3303,#3304,#3305),(#3306,#3307,#3308),(#3309,
#3310,#3311),(#3312,#3313,#3314),(#3315,#3316,#3317),(#3318,#3319,#3320),
(#3321,#3322,#3323),(#3324,#3325,#3326),(#3327,#3328,#3329),(#3330,#3331,
#3332),(#3333,#3334,#3335),(#3336,#3337,#3338)),.UNSPECIFIED.,.F.,.F.,.F.)
B_SPLINE_SURFACE_WITH_KNOTS((4,1,1,1,1,1,1,1,1,1,1,1,1,4),(3,3),(0.00515458976379966,
0.00530230847626697,0.00545002718873428,0.00559774590120159,0.0057454646136689,
0.00589318332613621,0.00604090203860352,0.00618862075107083,0.00633633946353814,
0.00648405817600545,0.00663177688847276,0.00692721431340738,0.007222651738342,
0.00751808916327662),(0.,1.),.UNSPECIFIED.)
GEOMETRIC_REPRESENTATION_ITEM()
RATIONAL_B_SPLINE_SURFACE(((1.,0.382683432365081,1.),(1.,0.368139375708587,
1.),(1.,0.338311676624631,1.),(1.,0.291487479355952,1.),(1.,0.245396262035945,
1.),(1.,0.21426258209721,1.),(1.,0.223605005844503,1.),(1.,0.263272979349296,
1.),(1.,0.30876037594132,1.),(1.,0.353172665177317,1.),(1.,0.395053385783299,
1.),(1.,0.447141168587722,1.),(1.,0.504861395154287,1.),(1.,0.56680249656558,
1.),(1.,0.603369359885331,1.),(1.,0.620752079878813,1.)))
REPRESENTATION_ITEM('')
SURFACE()
);
#13=(
BOUNDED_SURFACE()
B_SPLINE_SURFACE(3,2,((#3341,#3342,#3343),(#3344,#3345,#3346),(#3347,#3348,
#3349),(#3350,#3351,#3352),(#3353,#3354,#3355),(#3356,#3357,#3358)),
 .UNSPECIFIED.,.F.,.F.,.F.)
B_SPLINE_SURFACE_WITH_KNOTS((4,1,1,4),(3,3),(-3.98986399474666E-17,0.000843351237275431,
0.00126502685591317,0.0016867024745509),(0.,1.),.UNSPECIFIED.)
GEOMETRIC_REPRESENTATION_ITEM()
RATIONAL_B_SPLINE_SURFACE(((1.,0.800834678604001,1.),(1.,0.746998386900989,
1.),(1.,0.655451207165753,1.),(1.,0.504834270882706,1.),(1.,0.419606987681709,
1.),(1.,0.382683432365078,1.)))
REPRESENTATION_ITEM('')
SURFACE()
);
#14=(
BOUNDED_SURFACE()
B_SPLINE_SURFACE(3,2,((#3360,#3361,#3362),(#3363,#3364,#3365),(#3366,#3367,
#3368),(#3369,#3370,#3371)),.UNSPECIFIED.,.F.,.F.,.F.)
B_SPLINE_SURFACE_WITH_KNOTS((4,4),(3,3),(5.09919444498426,5.12364298952488),
(0.,1.),.PIECEWISE_BEZIER_KNOTS.)
GEOMETRIC_REPRESENTATION_ITEM()
RATIONAL_B_SPLINE_SURFACE(((1.,0.79584646191534,1.),(1.,0.797522925817256,
1.),(1.,0.799185744353725,1.),(1.,0.800834678604002,1.)))
REPRESENTATION_ITEM('')
SURFACE()
);
#15=CONICAL_SURFACE('',#2022,0.009,0.785398163397448);
#16=CONICAL_SURFACE('',#2023,0.009,0.785398163397449);
#17=CONICAL_SURFACE('',#2026,0.009,0.785398163397448);
#18=CONICAL_SURFACE('',#2029,0.009,0.785398163397448);
#19=CONICAL_SURFACE('',#2032,0.0185,0.785398163397448);
#20=CONICAL_SURFACE('',#2035,0.0185,0.785398163397448);
#21=B_SPLINE_CURVE_WITH_KNOTS('',3,(#2678,#2679,#2680,#2681,#2682),
 .UNSPECIFIED.,.F.,.F.,(4,1,4),(0.,0.000992421410475308,0.00198484282095062),
 .UNSPECIFIED.);
#22=B_SPLINE_CURVE_WITH_KNOTS('',3,(#2766,#2767,#2768,#2769),
 .UNSPECIFIED.,.F.,.F.,(4,4),(0.,0.000782220944586423),.UNSPECIFIED.);
#23=B_SPLINE_CURVE_WITH_KNOTS('',3,(#2779,#2780,#2781,#2782),
 .UNSPECIFIED.,.F.,.F.,(4,4),(0.,0.000782220944586464),.UNSPECIFIED.);
#24=B_SPLINE_CURVE_WITH_KNOTS('',3,(#2794,#2795,#2796,#2797),
 .UNSPECIFIED.,.F.,.F.,(4,4),(0.,0.000782221290537889),.UNSPECIFIED.);
#25=B_SPLINE_CURVE_WITH_KNOTS('',3,(#2819,#2820,#2821,#2822),
 .UNSPECIFIED.,.F.,.F.,(4,4),(0.,0.000782220944586383),.UNSPECIFIED.);
#26=B_SPLINE_CURVE_WITH_KNOTS('',3,(#2826,#2827,#2828,#2829),
 .UNSPECIFIED.,.F.,.F.,(4,4),(0.,0.000782221290537891),.UNSPECIFIED.);
#27=B_SPLINE_CURVE_WITH_KNOTS('',3,(#2834,#2835,#2836,#2837),
 .UNSPECIFIED.,.F.,.F.,(4,4),(0.,0.000782220944586423),.UNSPECIFIED.);
#28=B_SPLINE_CURVE_WITH_KNOTS('',3,(#2862,#2863,#2864,#2865),
 .UNSPECIFIED.,.F.,.F.,(4,4),(0.,0.000806731321788764),.UNSPECIFIED.);
#29=B_SPLINE_CURVE_WITH_KNOTS('',3,(#2899,#2900,#2901,#2902),
 .UNSPECIFIED.,.F.,.F.,(4,4),(0.,0.000806731321788708),.UNSPECIFIED.);
#30=B_SPLINE_CURVE_WITH_KNOTS('',3,(#3007,#3008,#3009,#3010),
 .UNSPECIFIED.,.F.,.F.,(4,4),(0.,0.0065101796881977),.UNSPECIFIED.);
#31=B_SPLINE_CURVE_WITH_KNOTS('',3,(#3026,#3027,#3028,#3029),
 .UNSPECIFIED.,.F.,.F.,(4,4),(0.,0.00637981353351261),.UNSPECIFIED.);
#32=B_SPLINE_CURVE_WITH_KNOTS('',3,(#3041,#3042,#3043,#3044),
 .UNSPECIFIED.,.F.,.F.,(4,4),(-0.00071568894711572,0.00579449074108043),
 .UNSPECIFIED.);
#33=B_SPLINE_CURVE_WITH_KNOTS('',3,(#3046,#3047,#3048,#3049),
 .UNSPECIFIED.,.F.,.F.,(4,4),(0.,0.0065101796881977),.UNSPECIFIED.);
#34=B_SPLINE_CURVE_WITH_KNOTS('',3,(#3057,#3058,#3059,#3060),
 .UNSPECIFIED.,.F.,.F.,(4,4),(0.,0.00637981353351265),.UNSPECIFIED.);
#35=B_SPLINE_CURVE_WITH_KNOTS('',3,(#3084,#3085,#3086,#3087),
 .UNSPECIFIED.,.F.,.F.,(4,4),(0.,0.00651017968819776),.UNSPECIFIED.);
#36=B_SPLINE_CURVE_WITH_KNOTS('',3,(#3091,#3092,#3093,#3094),
 .UNSPECIFIED.,.F.,.F.,(4,4),(0.,0.00651017968819773),.UNSPECIFIED.);
#37=B_SPLINE_CURVE_WITH_KNOTS('',3,(#3100,#3101,#3102,#3103),
 .UNSPECIFIED.,.F.,.F.,(4,4),(-0.000715688947116265,0.00579449074108053),
 .UNSPECIFIED.);
#38=B_SPLINE_CURVE_WITH_KNOTS('',3,(#3105,#3106,#3107,#3108,#3109),
 .UNSPECIFIED.,.F.,.F.,(4,1,4),(0.,0.0004580792676216,0.000916158535243199),
 .UNSPECIFIED.);
#39=B_SPLINE_CURVE_WITH_KNOTS('',3,(#3110,#3111,#3112,#3113,#3114),
 .UNSPECIFIED.,.F.,.F.,(4,1,4),(0.,0.000460834008199853,0.000921668016399706),
 .UNSPECIFIED.);
#40=B_SPLINE_CURVE_WITH_KNOTS('',3,(#3116,#3117,#3118,#3119,#3120),
 .UNSPECIFIED.,.F.,.F.,(4,1,4),(0.,0.000458079267621849,0.000916158535243699),
 .UNSPECIFIED.);
#41=B_SPLINE_CURVE_WITH_KNOTS('',3,(#3121,#3122,#3123,#3124,#3125),
 .UNSPECIFIED.,.F.,.F.,(4,1,4),(0.,0.000460834008199858,0.000921668016399716),
 .UNSPECIFIED.);
#42=B_SPLINE_CURVE_WITH_KNOTS('',3,(#3130,#3131,#3132,#3133,#3134),
 .UNSPECIFIED.,.F.,.F.,(4,1,4),(0.,0.000460834008199857,0.000921668016399714),
 .UNSPECIFIED.);
#43=B_SPLINE_CURVE_WITH_KNOTS('',3,(#3139,#3140,#3141,#3142,#3143),
 .UNSPECIFIED.,.F.,.F.,(4,1,4),(0.,0.000460834008199878,0.000921668016399756),
 .UNSPECIFIED.);
#44=B_SPLINE_CURVE_WITH_KNOTS('',3,(#3148,#3149,#3150,#3151,#3152),
 .UNSPECIFIED.,.F.,.F.,(4,1,4),(0.,0.000487219309710799,0.000974438619421598),
 .UNSPECIFIED.);
#45=B_SPLINE_CURVE_WITH_KNOTS('',3,(#3157,#3158,#3159,#3160,#3161),
 .UNSPECIFIED.,.F.,.F.,(4,1,4),(0.,0.000487219309710794,0.000974438619421588),
 .UNSPECIFIED.);
#46=B_SPLINE_CURVE_WITH_KNOTS('',3,(#3188,#3189,#3190,#3191,#3192,#3193,
#3194),.UNSPECIFIED.,.F.,.F.,(4,1,1,1,4),(9.69739903612216E-19,0.000444269819591751,
0.000888539639183501,0.00133280945877525,0.001777079278367),
 .UNSPECIFIED.);
#47=B_SPLINE_CURVE_WITH_KNOTS('',3,(#3196,#3197,#3198,#3199),
 .UNSPECIFIED.,.F.,.F.,(4,4),(0.,7.57748898514522E-5),.UNSPECIFIED.);
#48=B_SPLINE_CURVE_WITH_KNOTS('',3,(#3252,#3253,#3254,#3255),
 .UNSPECIFIED.,.F.,.F.,(4,4),(3.41725733618207E-16,0.000361721143905814),
 .UNSPECIFIED.);
#49=B_SPLINE_CURVE_WITH_KNOTS('',3,(#3259,#3260,#3261,#3262,#3263,#3264),
 .UNSPECIFIED.,.F.,.F.,(4,1,1,4),(9.09930414973151E-15,0.000551950338993043,
0.000827925508485015,0.00110390067797699),.UNSPECIFIED.);
#50=B_SPLINE_CURVE_WITH_KNOTS('',3,(#3266,#3267,#3268,#3269,#3270,#3271,
#3272,#3273,#3274),.UNSPECIFIED.,.F.,.F.,(4,1,1,1,1,1,4),(0.,0.000589607291303986,
0.00117921458260797,0.00147401822825997,0.00176882187391196,0.00206362551956395,
0.00235842916521595),.UNSPECIFIED.);
#51=B_SPLINE_CURVE_WITH_KNOTS('',3,(#3278,#3279,#3280,#3281,#3282),
 .UNSPECIFIED.,.F.,.F.,(4,1,4),(1.30104260698261E-18,0.000848045909468437,
0.00169609181893687),.UNSPECIFIED.);
#52=TOROIDAL_SURFACE('',#1930,0.014,0.001);
#53=TOROIDAL_SURFACE('',#2036,0.014,0.001);
#54=TOROIDAL_SURFACE('',#2043,0.014,0.001);
#55=TOROIDAL_SURFACE('',#2045,0.014,0.001);
#56=TOROIDAL_SURFACE('',#2051,0.004,0.001);
#57=TOROIDAL_SURFACE('',#2052,0.014,0.001);
#58=TOROIDAL_SURFACE('',#2059,0.014,0.001);
#59=TOROIDAL_SURFACE('',#2061,0.014,0.001);
#60=TOROIDAL_SURFACE('',#2066,0.004,0.001);
#61=PLANE('',#1924);
#62=PLANE('',#1932);
#63=PLANE('',#1953);
#64=PLANE('',#1960);
#65=PLANE('',#1967);
#66=PLANE('',#1974);
#67=PLANE('',#1976);
#68=PLANE('',#1979);
#69=PLANE('',#1980);
#70=PLANE('',#1981);
#71=PLANE('',#1982);
#72=PLANE('',#1983);
#73=PLANE('',#1987);
#74=PLANE('',#1988);
#75=PLANE('',#2000);
#76=PLANE('',#2002);
#77=PLANE('',#2003);
#78=PLANE('',#2004);
#79=PLANE('',#2006);
#80=PLANE('',#2007);
#81=PLANE('',#2008);
#82=PLANE('',#2010);
#83=PLANE('',#2011);
#84=PLANE('',#2012);
#85=PLANE('',#2013);
#86=PLANE('',#2014);
#87=PLANE('',#2016);
#88=PLANE('',#2018);
#89=PLANE('',#2019);
#90=PLANE('',#2020);
#91=PLANE('',#2021);
#92=PLANE('',#2024);
#93=PLANE('',#2027);
#94=PLANE('',#2030);
#95=PLANE('',#2033);
#96=PLANE('',#2067);
#97=PLANE('',#2068);
#98=PLANE('',#2069);
#99=PLANE('',#2070);
#100=PLANE('',#2071);
#101=PLANE('',#2072);
#102=PLANE('',#2075);
#103=PLANE('',#2076);
#104=PLANE('',#2077);
#105=PLANE('',#2078);
#106=PLANE('',#2079);
#107=PLANE('',#2081);
#108=PLANE('',#2082);
#109=ELLIPSE('',#1921,0.0210371694864115,0.015);
#110=ELLIPSE('',#2025,0.000707106781186548,0.0005);
#111=ELLIPSE('',#2028,0.000707106781186548,0.0005);
#112=ELLIPSE('',#2031,0.000707106781186548,0.0005);
#113=ELLIPSE('',#2034,0.000707106781186548,0.0005);
#114=ELLIPSE('',#2080,0.0208596500450032,0.01475);
#115=LINE('',#2637,#281);
#116=LINE('',#2641,#282);
#117=LINE('',#2647,#283);
#118=LINE('',#2651,#284);
#119=LINE('',#2653,#285);
#120=LINE('',#2656,#286);
#121=LINE('',#2660,#287);
#122=LINE('',#2664,#288);
#123=LINE('',#2668,#289);
#124=LINE('',#2672,#290);
#125=LINE('',#2676,#291);
#126=LINE('',#2685,#292);
#127=LINE('',#2690,#293);
#128=LINE('',#2694,#294);
#129=LINE('',#2698,#295);
#130=LINE('',#2704,#296);
#131=LINE('',#2708,#297);
#132=LINE('',#2712,#298);
#133=LINE('',#2716,#299);
#134=LINE('',#2717,#300);
#135=LINE('',#2720,#301);
#136=LINE('',#2722,#302);
#137=LINE('',#2724,#303);
#138=LINE('',#2725,#304);
#139=LINE('',#2728,#305);
#140=LINE('',#2730,#306);
#141=LINE('',#2732,#307);
#142=LINE('',#2736,#308);
#143=LINE('',#2740,#309);
#144=LINE('',#2744,#310);
#145=LINE('',#2748,#311);
#146=LINE('',#2749,#312);
#147=LINE('',#2752,#313);
#148=LINE('',#2754,#314);
#149=LINE('',#2756,#315);
#150=LINE('',#2758,#316);
#151=LINE('',#2763,#317);
#152=LINE('',#2764,#318);
#153=LINE('',#2773,#319);
#154=LINE('',#2777,#320);
#155=LINE('',#2786,#321);
#156=LINE('',#2790,#322);
#157=LINE('',#2799,#323);
#158=LINE('',#2801,#324);
#159=LINE('',#2803,#325);
#160=LINE('',#2805,#326);
#161=LINE('',#2807,#327);
#162=LINE('',#2808,#328);
#163=LINE('',#2812,#329);
#164=LINE('',#2816,#330);
#165=LINE('',#2817,#331);
#166=LINE('',#2831,#332);
#167=LINE('',#2832,#333);
#168=LINE('',#2841,#334);
#169=LINE('',#2845,#335);
#170=LINE('',#2847,#336);
#171=LINE('',#2848,#337);
#172=LINE('',#2849,#338);
#173=LINE('',#2853,#339);
#174=LINE('',#2855,#340);
#175=LINE('',#2859,#341);
#176=LINE('',#2860,#342);
#177=LINE('',#2869,#343);
#178=LINE('',#2873,#344);
#179=LINE('',#2877,#345);
#180=LINE('',#2879,#346);
#181=LINE('',#2881,#347);
#182=LINE('',#2882,#348);
#183=LINE('',#2884,#349);
#184=LINE('',#2886,#350);
#185=LINE('',#2890,#351);
#186=LINE('',#2892,#352);
#187=LINE('',#2896,#353);
#188=LINE('',#2897,#354);
#189=LINE('',#2907,#355);
#190=LINE('',#2911,#356);
#191=LINE('',#2913,#357);
#192=LINE('',#2915,#358);
#193=LINE('',#2916,#359);
#194=LINE('',#2917,#360);
#195=LINE('',#2921,#361);
#196=LINE('',#2923,#362);
#197=LINE('',#2927,#363);
#198=LINE('',#2931,#364);
#199=LINE('',#2933,#365);
#200=LINE('',#2936,#366);
#201=LINE('',#2937,#367);
#202=LINE('',#2938,#368);
#203=LINE('',#2940,#369);
#204=LINE('',#2942,#370);
#205=LINE('',#2944,#371);
#206=LINE('',#2947,#372);
#207=LINE('',#2949,#373);
#208=LINE('',#2951,#374);
#209=LINE('',#2953,#375);
#210=LINE('',#2956,#376);
#211=LINE('',#2958,#377);
#212=LINE('',#2960,#378);
#213=LINE('',#2962,#379);
#214=LINE('',#2964,#380);
#215=LINE('',#2966,#381);
#216=LINE('',#2971,#382);
#217=LINE('',#2972,#383);
#218=LINE('',#2977,#384);
#219=LINE('',#2978,#385);
#220=LINE('',#2980,#386);
#221=LINE('',#2982,#387);
#222=LINE('',#2995,#388);
#223=LINE('',#2998,#389);
#224=LINE('',#2999,#390);
#225=LINE('',#3003,#391);
#226=LINE('',#3005,#392);
#227=LINE('',#3012,#393);
#228=LINE('',#3014,#394);
#229=LINE('',#3017,#395);
#230=LINE('',#3018,#396);
#231=LINE('',#3022,#397);
#232=LINE('',#3024,#398);
#233=LINE('',#3031,#399);
#234=LINE('',#3036,#400);
#235=LINE('',#3037,#401);
#236=LINE('',#3039,#402);
#237=LINE('',#3051,#403);
#238=LINE('',#3053,#404);
#239=LINE('',#3055,#405);
#240=LINE('',#3062,#406);
#241=LINE('',#3064,#407);
#242=LINE('',#3068,#408);
#243=LINE('',#3070,#409);
#244=LINE('',#3072,#410);
#245=LINE('',#3075,#411);
#246=LINE('',#3076,#412);
#247=LINE('',#3080,#413);
#248=LINE('',#3082,#414);
#249=LINE('',#3089,#415);
#250=LINE('',#3096,#416);
#251=LINE('',#3098,#417);
#252=LINE('',#3128,#418);
#253=LINE('',#3137,#419);
#254=LINE('',#3146,#420);
#255=LINE('',#3155,#421);
#256=LINE('',#3206,#422);
#257=LINE('',#3208,#423);
#258=LINE('',#3210,#424);
#259=LINE('',#3212,#425);
#260=LINE('',#3214,#426);
#261=LINE('',#3216,#427);
#262=LINE('',#3218,#428);
#263=LINE('',#3220,#429);
#264=LINE('',#3222,#430);
#265=LINE('',#3224,#431);
#266=LINE('',#3226,#432);
#267=LINE('',#3227,#433);
#268=LINE('',#3229,#434);
#269=LINE('',#3230,#435);
#270=LINE('',#3235,#436);
#271=LINE('',#3237,#437);
#272=LINE('',#3239,#438);
#273=LINE('',#3241,#439);
#274=LINE('',#3243,#440);
#275=LINE('',#3247,#441);
#276=LINE('',#3248,#442);
#277=LINE('',#3250,#443);
#278=LINE('',#3257,#444);
#279=LINE('',#3276,#445);
#280=LINE('',#3286,#446);
#281=VECTOR('',#2106,1.);
#282=VECTOR('',#2109,1.);
#283=VECTOR('',#2114,1.);
#284=VECTOR('',#2117,1.);
#285=VECTOR('',#2120,1.);
#286=VECTOR('',#2121,1.);
#287=VECTOR('',#2124,1.);
#288=VECTOR('',#2127,1.);
#289=VECTOR('',#2130,1.);
#290=VECTOR('',#2133,1.);
#291=VECTOR('',#2136,1.);
#292=VECTOR('',#2143,1.);
#293=VECTOR('',#2146,1.);
#294=VECTOR('',#2149,1.);
#295=VECTOR('',#2152,1.);
#296=VECTOR('',#2157,1.);
#297=VECTOR('',#2160,1.);
#298=VECTOR('',#2163,1.);
#299=VECTOR('',#2166,1.);
#300=VECTOR('',#2167,1.);
#301=VECTOR('',#2168,1.);
#302=VECTOR('',#2169,1.);
#303=VECTOR('',#2170,1.);
#304=VECTOR('',#2171,1.);
#305=VECTOR('',#2172,1.);
#306=VECTOR('',#2173,1.);
#307=VECTOR('',#2174,1.);
#308=VECTOR('',#2177,1.);
#309=VECTOR('',#2180,1.);
#310=VECTOR('',#2183,1.);
#311=VECTOR('',#2186,1.);
#312=VECTOR('',#2187,1.);
#313=VECTOR('',#2188,1.);
#314=VECTOR('',#2189,1.);
#315=VECTOR('',#2190,1.);
#316=VECTOR('',#2193,1.);
#317=VECTOR('',#2196,1.);
#318=VECTOR('',#2197,1.);
#319=VECTOR('',#2200,1.);
#320=VECTOR('',#2205,1.);
#321=VECTOR('',#2208,1.);
#322=VECTOR('',#2211,1.);
#323=VECTOR('',#2214,1.);
#324=VECTOR('',#2217,1.);
#325=VECTOR('',#2218,1.);
#326=VECTOR('',#2219,1.);
#327=VECTOR('',#2220,1.);
#328=VECTOR('',#2221,1.);
#329=VECTOR('',#2224,1.);
#330=VECTOR('',#2229,1.);
#331=VECTOR('',#2230,1.);
#332=VECTOR('',#2233,1.);
#333=VECTOR('',#2234,1.);
#334=VECTOR('',#2237,1.);
#335=VECTOR('',#2242,1.);
#336=VECTOR('',#2243,1.);
#337=VECTOR('',#2244,1.);
#338=VECTOR('',#2245,1.);
#339=VECTOR('',#2248,1.);
#340=VECTOR('',#2251,1.);
#341=VECTOR('',#2254,1.);
#342=VECTOR('',#2255,1.);
#343=VECTOR('',#2258,1.);
#344=VECTOR('',#2261,1.);
#345=VECTOR('',#2264,1.);
#346=VECTOR('',#2267,1.);
#347=VECTOR('',#2268,1.);
#348=VECTOR('',#2269,1.);
#349=VECTOR('',#2270,1.);
#350=VECTOR('',#2271,1.);
#351=VECTOR('',#2274,1.);
#352=VECTOR('',#2277,1.);
#353=VECTOR('',#2280,1.);
#354=VECTOR('',#2281,1.);
#355=VECTOR('',#2286,1.);
#356=VECTOR('',#2289,1.);
#357=VECTOR('',#2292,1.);
#358=VECTOR('',#2293,1.);
#359=VECTOR('',#2294,1.);
#360=VECTOR('',#2295,1.);
#361=VECTOR('',#2298,1.);
#362=VECTOR('',#2301,1.);
#363=VECTOR('',#2304,1.);
#364=VECTOR('',#2307,1.);
#365=VECTOR('',#2310,1.);
#366=VECTOR('',#2311,1.);
#367=VECTOR('',#2312,1.);
#368=VECTOR('',#2313,1.);
#369=VECTOR('',#2314,1.);
#370=VECTOR('',#2315,1.);
#371=VECTOR('',#2318,1.);
#372=VECTOR('',#2319,1.);
#373=VECTOR('',#2320,1.);
#374=VECTOR('',#2321,1.);
#375=VECTOR('',#2324,1.);
#376=VECTOR('',#2325,1.);
#377=VECTOR('',#2326,1.);
#378=VECTOR('',#2327,1.);
#379=VECTOR('',#2330,1.);
#380=VECTOR('',#2331,1.);
#381=VECTOR('',#2332,1.);
#382=VECTOR('',#2337,1.);
#383=VECTOR('',#2338,1.);
#384=VECTOR('',#2343,1.);
#385=VECTOR('',#2344,1.);
#386=VECTOR('',#2347,1.);
#387=VECTOR('',#2350,1.);
#388=VECTOR('',#2375,1.);
#389=VECTOR('',#2376,1.);
#390=VECTOR('',#2377,1.);
#391=VECTOR('',#2382,1.);
#392=VECTOR('',#2383,1.);
#393=VECTOR('',#2386,1.);
#394=VECTOR('',#2389,1.);
#395=VECTOR('',#2390,1.);
#396=VECTOR('',#2391,1.);
#397=VECTOR('',#2396,1.);
#398=VECTOR('',#2397,1.);
#399=VECTOR('',#2400,1.);
#400=VECTOR('',#2405,1.);
#401=VECTOR('',#2406,1.);
#402=VECTOR('',#2409,1.);
#403=VECTOR('',#2412,1.);
#404=VECTOR('',#2415,1.);
#405=VECTOR('',#2416,1.);
#406=VECTOR('',#2419,1.);
#407=VECTOR('',#2422,1.);
#408=VECTOR('',#2425,1.);
#409=VECTOR('',#2426,1.);
#410=VECTOR('',#2429,1.);
#411=VECTOR('',#2430,1.);
#412=VECTOR('',#2431,1.);
#413=VECTOR('',#2436,1.);
#414=VECTOR('',#2437,1.);
#415=VECTOR('',#2440,1.);
#416=VECTOR('',#2443,1.);
#417=VECTOR('',#2446,1.);
#418=VECTOR('',#2455,1.);
#419=VECTOR('',#2462,1.);
#420=VECTOR('',#2469,1.);
#421=VECTOR('',#2476,1.);
#422=VECTOR('',#2543,1.);
#423=VECTOR('',#2544,1.);
#424=VECTOR('',#2545,1.);
#425=VECTOR('',#2546,1.);
#426=VECTOR('',#2547,1.);
#427=VECTOR('',#2550,1.);
#428=VECTOR('',#2551,1.);
#429=VECTOR('',#2552,1.);
#430=VECTOR('',#2553,1.);
#431=VECTOR('',#2554,1.);
#432=VECTOR('',#2557,1.);
#433=VECTOR('',#2558,1.);
#434=VECTOR('',#2561,1.);
#435=VECTOR('',#2562,1.);
#436=VECTOR('',#2569,1.);
#437=VECTOR('',#2570,1.);
#438=VECTOR('',#2571,1.);
#439=VECTOR('',#2572,1.);
#440=VECTOR('',#2573,1.);
#441=VECTOR('',#2578,1.);
#442=VECTOR('',#2579,1.);
#443=VECTOR('',#2582,1.);
#444=VECTOR('',#2585,1.);
#445=VECTOR('',#2588,1.);
#446=VECTOR('',#2593,1.);
#447=ORIENTED_EDGE('',*,*,#1013,.T.);
#448=ORIENTED_EDGE('',*,*,#1014,.T.);
#449=ORIENTED_EDGE('',*,*,#1015,.T.);
#450=ORIENTED_EDGE('',*,*,#1016,.T.);
#451=ORIENTED_EDGE('',*,*,#1017,.T.);
#452=ORIENTED_EDGE('',*,*,#1018,.T.);
#453=ORIENTED_EDGE('',*,*,#1019,.F.);
#454=ORIENTED_EDGE('',*,*,#1020,.T.);
#455=ORIENTED_EDGE('',*,*,#1021,.F.);
#456=ORIENTED_EDGE('',*,*,#1022,.F.);
#457=ORIENTED_EDGE('',*,*,#1023,.T.);
#458=ORIENTED_EDGE('',*,*,#1024,.T.);
#459=ORIENTED_EDGE('',*,*,#1025,.T.);
#460=ORIENTED_EDGE('',*,*,#1026,.T.);
#461=ORIENTED_EDGE('',*,*,#1027,.T.);
#462=ORIENTED_EDGE('',*,*,#1028,.T.);
#463=ORIENTED_EDGE('',*,*,#1029,.T.);
#464=ORIENTED_EDGE('',*,*,#1030,.T.);
#465=ORIENTED_EDGE('',*,*,#1031,.T.);
#466=ORIENTED_EDGE('',*,*,#1032,.T.);
#467=ORIENTED_EDGE('',*,*,#1033,.T.);
#468=ORIENTED_EDGE('',*,*,#1018,.F.);
#469=ORIENTED_EDGE('',*,*,#1034,.T.);
#470=ORIENTED_EDGE('',*,*,#1032,.F.);
#471=ORIENTED_EDGE('',*,*,#1035,.F.);
#472=ORIENTED_EDGE('',*,*,#1036,.T.);
#473=ORIENTED_EDGE('',*,*,#1037,.T.);
#474=ORIENTED_EDGE('',*,*,#1038,.T.);
#475=ORIENTED_EDGE('',*,*,#1039,.T.);
#476=ORIENTED_EDGE('',*,*,#1040,.T.);
#477=ORIENTED_EDGE('',*,*,#1041,.T.);
#478=ORIENTED_EDGE('',*,*,#1042,.T.);
#479=ORIENTED_EDGE('',*,*,#1043,.T.);
#480=ORIENTED_EDGE('',*,*,#1044,.F.);
#481=ORIENTED_EDGE('',*,*,#1045,.F.);
#482=ORIENTED_EDGE('',*,*,#1046,.T.);
#483=ORIENTED_EDGE('',*,*,#1047,.F.);
#484=ORIENTED_EDGE('',*,*,#1048,.F.);
#485=ORIENTED_EDGE('',*,*,#1049,.F.);
#486=ORIENTED_EDGE('',*,*,#1050,.T.);
#487=ORIENTED_EDGE('',*,*,#1051,.T.);
#488=ORIENTED_EDGE('',*,*,#1052,.T.);
#489=ORIENTED_EDGE('',*,*,#1053,.F.);
#490=ORIENTED_EDGE('',*,*,#1054,.F.);
#491=ORIENTED_EDGE('',*,*,#1055,.F.);
#492=ORIENTED_EDGE('',*,*,#1056,.F.);
#493=ORIENTED_EDGE('',*,*,#1057,.T.);
#494=ORIENTED_EDGE('',*,*,#1058,.F.);
#495=ORIENTED_EDGE('',*,*,#1059,.F.);
#496=ORIENTED_EDGE('',*,*,#1060,.F.);
#497=ORIENTED_EDGE('',*,*,#1061,.F.);
#498=ORIENTED_EDGE('',*,*,#1062,.T.);
#499=ORIENTED_EDGE('',*,*,#1063,.T.);
#500=ORIENTED_EDGE('',*,*,#1064,.F.);
#501=ORIENTED_EDGE('',*,*,#1065,.T.);
#502=ORIENTED_EDGE('',*,*,#1066,.T.);
#503=ORIENTED_EDGE('',*,*,#1067,.T.);
#504=ORIENTED_EDGE('',*,*,#1068,.F.);
#505=ORIENTED_EDGE('',*,*,#1069,.F.);
#506=ORIENTED_EDGE('',*,*,#1070,.F.);
#507=ORIENTED_EDGE('',*,*,#1071,.F.);
#508=ORIENTED_EDGE('',*,*,#1072,.T.);
#509=ORIENTED_EDGE('',*,*,#1073,.T.);
#510=ORIENTED_EDGE('',*,*,#1074,.F.);
#511=ORIENTED_EDGE('',*,*,#1044,.T.);
#512=ORIENTED_EDGE('',*,*,#1075,.F.);
#513=ORIENTED_EDGE('',*,*,#1076,.T.);
#514=ORIENTED_EDGE('',*,*,#1077,.F.);
#515=ORIENTED_EDGE('',*,*,#1078,.F.);
#516=ORIENTED_EDGE('',*,*,#1079,.F.);
#517=ORIENTED_EDGE('',*,*,#1048,.T.);
#518=ORIENTED_EDGE('',*,*,#1080,.T.);
#519=ORIENTED_EDGE('',*,*,#1081,.T.);
#520=ORIENTED_EDGE('',*,*,#1082,.F.);
#521=ORIENTED_EDGE('',*,*,#1083,.F.);
#522=ORIENTED_EDGE('',*,*,#1084,.F.);
#523=ORIENTED_EDGE('',*,*,#1085,.F.);
#524=ORIENTED_EDGE('',*,*,#1086,.F.);
#525=ORIENTED_EDGE('',*,*,#1087,.T.);
#526=ORIENTED_EDGE('',*,*,#1088,.F.);
#527=ORIENTED_EDGE('',*,*,#1089,.T.);
#528=ORIENTED_EDGE('',*,*,#1090,.T.);
#529=ORIENTED_EDGE('',*,*,#1091,.F.);
#530=ORIENTED_EDGE('',*,*,#1092,.T.);
#531=ORIENTED_EDGE('',*,*,#1083,.T.);
#532=ORIENTED_EDGE('',*,*,#1093,.T.);
#533=ORIENTED_EDGE('',*,*,#1094,.T.);
#534=ORIENTED_EDGE('',*,*,#1095,.T.);
#535=ORIENTED_EDGE('',*,*,#1052,.F.);
#536=ORIENTED_EDGE('',*,*,#1091,.T.);
#537=ORIENTED_EDGE('',*,*,#1096,.T.);
#538=ORIENTED_EDGE('',*,*,#1097,.F.);
#539=ORIENTED_EDGE('',*,*,#1060,.T.);
#540=ORIENTED_EDGE('',*,*,#1098,.T.);
#541=ORIENTED_EDGE('',*,*,#1099,.T.);
#542=ORIENTED_EDGE('',*,*,#1100,.F.);
#543=ORIENTED_EDGE('',*,*,#1101,.T.);
#544=ORIENTED_EDGE('',*,*,#1102,.T.);
#545=ORIENTED_EDGE('',*,*,#1064,.T.);
#546=ORIENTED_EDGE('',*,*,#1103,.T.);
#547=ORIENTED_EDGE('',*,*,#1104,.T.);
#548=ORIENTED_EDGE('',*,*,#1105,.F.);
#549=ORIENTED_EDGE('',*,*,#1106,.F.);
#550=ORIENTED_EDGE('',*,*,#1107,.F.);
#551=ORIENTED_EDGE('',*,*,#1108,.T.);
#552=ORIENTED_EDGE('',*,*,#1109,.T.);
#553=ORIENTED_EDGE('',*,*,#1072,.F.);
#554=ORIENTED_EDGE('',*,*,#1110,.T.);
#555=ORIENTED_EDGE('',*,*,#1106,.T.);
#556=ORIENTED_EDGE('',*,*,#1111,.T.);
#557=ORIENTED_EDGE('',*,*,#1112,.T.);
#558=ORIENTED_EDGE('',*,*,#1113,.T.);
#559=ORIENTED_EDGE('',*,*,#1057,.F.);
#560=ORIENTED_EDGE('',*,*,#1114,.F.);
#561=ORIENTED_EDGE('',*,*,#1115,.T.);
#562=ORIENTED_EDGE('',*,*,#1116,.F.);
#563=ORIENTED_EDGE('',*,*,#1046,.F.);
#564=ORIENTED_EDGE('',*,*,#1117,.F.);
#565=ORIENTED_EDGE('',*,*,#1118,.T.);
#566=ORIENTED_EDGE('',*,*,#1119,.F.);
#567=ORIENTED_EDGE('',*,*,#1120,.T.);
#568=ORIENTED_EDGE('',*,*,#1121,.T.);
#569=ORIENTED_EDGE('',*,*,#1122,.F.);
#570=ORIENTED_EDGE('',*,*,#1123,.T.);
#571=ORIENTED_EDGE('',*,*,#1124,.T.);
#572=ORIENTED_EDGE('',*,*,#1050,.F.);
#573=ORIENTED_EDGE('',*,*,#1125,.T.);
#574=ORIENTED_EDGE('',*,*,#1126,.T.);
#575=ORIENTED_EDGE('',*,*,#1122,.T.);
#576=ORIENTED_EDGE('',*,*,#1127,.F.);
#577=ORIENTED_EDGE('',*,*,#1128,.F.);
#578=ORIENTED_EDGE('',*,*,#1129,.T.);
#579=ORIENTED_EDGE('',*,*,#1130,.T.);
#580=ORIENTED_EDGE('',*,*,#1131,.T.);
#581=ORIENTED_EDGE('',*,*,#1054,.T.);
#582=ORIENTED_EDGE('',*,*,#1132,.T.);
#583=ORIENTED_EDGE('',*,*,#1133,.T.);
#584=ORIENTED_EDGE('',*,*,#1134,.T.);
#585=ORIENTED_EDGE('',*,*,#1062,.F.);
#586=ORIENTED_EDGE('',*,*,#1135,.F.);
#587=ORIENTED_EDGE('',*,*,#1136,.T.);
#588=ORIENTED_EDGE('',*,*,#1137,.F.);
#589=ORIENTED_EDGE('',*,*,#1128,.T.);
#590=ORIENTED_EDGE('',*,*,#1138,.T.);
#591=ORIENTED_EDGE('',*,*,#1139,.F.);
#592=ORIENTED_EDGE('',*,*,#1140,.T.);
#593=ORIENTED_EDGE('',*,*,#1141,.T.);
#594=ORIENTED_EDGE('',*,*,#1066,.F.);
#595=ORIENTED_EDGE('',*,*,#1142,.T.);
#596=ORIENTED_EDGE('',*,*,#1143,.T.);
#597=ORIENTED_EDGE('',*,*,#1139,.T.);
#598=ORIENTED_EDGE('',*,*,#1144,.F.);
#599=ORIENTED_EDGE('',*,*,#1120,.F.);
#600=ORIENTED_EDGE('',*,*,#1145,.T.);
#601=ORIENTED_EDGE('',*,*,#1146,.T.);
#602=ORIENTED_EDGE('',*,*,#1147,.T.);
#603=ORIENTED_EDGE('',*,*,#1059,.T.);
#604=ORIENTED_EDGE('',*,*,#1079,.T.);
#605=ORIENTED_EDGE('',*,*,#1148,.T.);
#606=ORIENTED_EDGE('',*,*,#1149,.T.);
#607=ORIENTED_EDGE('',*,*,#1150,.F.);
#608=ORIENTED_EDGE('',*,*,#1151,.T.);
#609=ORIENTED_EDGE('',*,*,#1152,.F.);
#610=ORIENTED_EDGE('',*,*,#1084,.T.);
#611=ORIENTED_EDGE('',*,*,#1092,.F.);
#612=ORIENTED_EDGE('',*,*,#1107,.T.);
#613=ORIENTED_EDGE('',*,*,#1110,.F.);
#614=ORIENTED_EDGE('',*,*,#1127,.T.);
#615=ORIENTED_EDGE('',*,*,#1121,.F.);
#616=ORIENTED_EDGE('',*,*,#1144,.T.);
#617=ORIENTED_EDGE('',*,*,#1138,.F.);
#618=ORIENTED_EDGE('',*,*,#1153,.T.);
#619=ORIENTED_EDGE('',*,*,#1154,.T.);
#620=ORIENTED_EDGE('',*,*,#1019,.T.);
#621=ORIENTED_EDGE('',*,*,#1155,.T.);
#622=ORIENTED_EDGE('',*,*,#1156,.T.);
#623=ORIENTED_EDGE('',*,*,#1150,.T.);
#624=ORIENTED_EDGE('',*,*,#1157,.T.);
#625=ORIENTED_EDGE('',*,*,#1158,.T.);
#626=ORIENTED_EDGE('',*,*,#1159,.T.);
#627=ORIENTED_EDGE('',*,*,#1160,.T.);
#628=ORIENTED_EDGE('',*,*,#1161,.T.);
#629=ORIENTED_EDGE('',*,*,#1162,.T.);
#630=ORIENTED_EDGE('',*,*,#1163,.T.);
#631=ORIENTED_EDGE('',*,*,#1164,.T.);
#632=ORIENTED_EDGE('',*,*,#1165,.T.);
#633=ORIENTED_EDGE('',*,*,#1166,.T.);
#634=ORIENTED_EDGE('',*,*,#1021,.T.);
#635=ORIENTED_EDGE('',*,*,#1167,.T.);
#636=ORIENTED_EDGE('',*,*,#1168,.T.);
#637=ORIENTED_EDGE('',*,*,#1169,.T.);
#638=ORIENTED_EDGE('',*,*,#1170,.T.);
#639=ORIENTED_EDGE('',*,*,#1171,.T.);
#640=ORIENTED_EDGE('',*,*,#1086,.T.);
#641=ORIENTED_EDGE('',*,*,#1172,.T.);
#642=ORIENTED_EDGE('',*,*,#1173,.T.);
#643=ORIENTED_EDGE('',*,*,#1158,.F.);
#644=ORIENTED_EDGE('',*,*,#1174,.T.);
#645=ORIENTED_EDGE('',*,*,#1175,.F.);
#646=ORIENTED_EDGE('',*,*,#1077,.T.);
#647=ORIENTED_EDGE('',*,*,#1176,.T.);
#648=ORIENTED_EDGE('',*,*,#1175,.T.);
#649=ORIENTED_EDGE('',*,*,#1177,.T.);
#650=ORIENTED_EDGE('',*,*,#1148,.F.);
#651=ORIENTED_EDGE('',*,*,#1078,.T.);
#652=ORIENTED_EDGE('',*,*,#1152,.T.);
#653=ORIENTED_EDGE('',*,*,#1178,.T.);
#654=ORIENTED_EDGE('',*,*,#1172,.F.);
#655=ORIENTED_EDGE('',*,*,#1085,.T.);
#656=ORIENTED_EDGE('',*,*,#1168,.F.);
#657=ORIENTED_EDGE('',*,*,#1179,.T.);
#658=ORIENTED_EDGE('',*,*,#1159,.F.);
#659=ORIENTED_EDGE('',*,*,#1180,.T.);
#660=ORIENTED_EDGE('',*,*,#1161,.F.);
#661=ORIENTED_EDGE('',*,*,#1181,.T.);
#662=ORIENTED_EDGE('',*,*,#1163,.F.);
#663=ORIENTED_EDGE('',*,*,#1182,.T.);
#664=ORIENTED_EDGE('',*,*,#1165,.F.);
#665=ORIENTED_EDGE('',*,*,#1183,.T.);
#666=ORIENTED_EDGE('',*,*,#1153,.F.);
#667=ORIENTED_EDGE('',*,*,#1184,.T.);
#668=ORIENTED_EDGE('',*,*,#1173,.F.);
#669=ORIENTED_EDGE('',*,*,#1178,.F.);
#670=ORIENTED_EDGE('',*,*,#1151,.F.);
#671=ORIENTED_EDGE('',*,*,#1156,.F.);
#672=ORIENTED_EDGE('',*,*,#1149,.F.);
#673=ORIENTED_EDGE('',*,*,#1177,.F.);
#674=ORIENTED_EDGE('',*,*,#1174,.F.);
#675=ORIENTED_EDGE('',*,*,#1157,.F.);
#676=ORIENTED_EDGE('',*,*,#1185,.T.);
#677=ORIENTED_EDGE('',*,*,#1186,.T.);
#678=ORIENTED_EDGE('',*,*,#1111,.F.);
#679=ORIENTED_EDGE('',*,*,#1105,.T.);
#680=ORIENTED_EDGE('',*,*,#1187,.T.);
#681=ORIENTED_EDGE('',*,*,#1188,.T.);
#682=ORIENTED_EDGE('',*,*,#1113,.F.);
#683=ORIENTED_EDGE('',*,*,#1189,.T.);
#684=ORIENTED_EDGE('',*,*,#1190,.T.);
#685=ORIENTED_EDGE('',*,*,#1142,.F.);
#686=ORIENTED_EDGE('',*,*,#1058,.T.);
#687=ORIENTED_EDGE('',*,*,#1191,.T.);
#688=ORIENTED_EDGE('',*,*,#1192,.T.);
#689=ORIENTED_EDGE('',*,*,#1103,.F.);
#690=ORIENTED_EDGE('',*,*,#1067,.F.);
#691=ORIENTED_EDGE('',*,*,#1141,.F.);
#692=ORIENTED_EDGE('',*,*,#1193,.T.);
#693=ORIENTED_EDGE('',*,*,#1194,.T.);
#694=ORIENTED_EDGE('',*,*,#1145,.F.);
#695=ORIENTED_EDGE('',*,*,#1119,.T.);
#696=ORIENTED_EDGE('',*,*,#1195,.T.);
#697=ORIENTED_EDGE('',*,*,#1196,.T.);
#698=ORIENTED_EDGE('',*,*,#1147,.F.);
#699=ORIENTED_EDGE('',*,*,#1197,.T.);
#700=ORIENTED_EDGE('',*,*,#1198,.T.);
#701=ORIENTED_EDGE('',*,*,#1108,.F.);
#702=ORIENTED_EDGE('',*,*,#1056,.T.);
#703=ORIENTED_EDGE('',*,*,#1199,.T.);
#704=ORIENTED_EDGE('',*,*,#1200,.T.);
#705=ORIENTED_EDGE('',*,*,#1117,.T.);
#706=ORIENTED_EDGE('',*,*,#1045,.T.);
#707=ORIENTED_EDGE('',*,*,#1074,.T.);
#708=ORIENTED_EDGE('',*,*,#1201,.T.);
#709=ORIENTED_EDGE('',*,*,#1202,.T.);
#710=ORIENTED_EDGE('',*,*,#1100,.T.);
#711=ORIENTED_EDGE('',*,*,#1203,.T.);
#712=ORIENTED_EDGE('',*,*,#1102,.F.);
#713=ORIENTED_EDGE('',*,*,#1204,.T.);
#714=ORIENTED_EDGE('',*,*,#1205,.T.);
#715=ORIENTED_EDGE('',*,*,#1132,.F.);
#716=ORIENTED_EDGE('',*,*,#1065,.F.);
#717=ORIENTED_EDGE('',*,*,#1206,.T.);
#718=ORIENTED_EDGE('',*,*,#1207,.T.);
#719=ORIENTED_EDGE('',*,*,#1098,.F.);
#720=ORIENTED_EDGE('',*,*,#1063,.F.);
#721=ORIENTED_EDGE('',*,*,#1134,.F.);
#722=ORIENTED_EDGE('',*,*,#1131,.F.);
#723=ORIENTED_EDGE('',*,*,#1208,.T.);
#724=ORIENTED_EDGE('',*,*,#1209,.T.);
#725=ORIENTED_EDGE('',*,*,#1089,.F.);
#726=ORIENTED_EDGE('',*,*,#1055,.T.);
#727=ORIENTED_EDGE('',*,*,#1210,.T.);
#728=ORIENTED_EDGE('',*,*,#1211,.T.);
#729=ORIENTED_EDGE('',*,*,#1135,.T.);
#730=ORIENTED_EDGE('',*,*,#1061,.T.);
#731=ORIENTED_EDGE('',*,*,#1097,.T.);
#732=ORIENTED_EDGE('',*,*,#1137,.T.);
#733=ORIENTED_EDGE('',*,*,#1212,.T.);
#734=ORIENTED_EDGE('',*,*,#1213,.T.);
#735=ORIENTED_EDGE('',*,*,#1214,.T.);
#736=ORIENTED_EDGE('',*,*,#1215,.T.);
#737=ORIENTED_EDGE('',*,*,#1129,.F.);
#738=ORIENTED_EDGE('',*,*,#1216,.T.);
#739=ORIENTED_EDGE('',*,*,#1217,.T.);
#740=ORIENTED_EDGE('',*,*,#1093,.F.);
#741=ORIENTED_EDGE('',*,*,#1082,.T.);
#742=ORIENTED_EDGE('',*,*,#1218,.T.);
#743=ORIENTED_EDGE('',*,*,#1219,.T.);
#744=ORIENTED_EDGE('',*,*,#1095,.F.);
#745=ORIENTED_EDGE('',*,*,#1220,.T.);
#746=ORIENTED_EDGE('',*,*,#1221,.T.);
#747=ORIENTED_EDGE('',*,*,#1125,.F.);
#748=ORIENTED_EDGE('',*,*,#1053,.T.);
#749=ORIENTED_EDGE('',*,*,#1222,.T.);
#750=ORIENTED_EDGE('',*,*,#1223,.T.);
#751=ORIENTED_EDGE('',*,*,#1080,.F.);
#752=ORIENTED_EDGE('',*,*,#1051,.F.);
#753=ORIENTED_EDGE('',*,*,#1124,.F.);
#754=ORIENTED_EDGE('',*,*,#1224,.T.);
#755=ORIENTED_EDGE('',*,*,#1225,.T.);
#756=ORIENTED_EDGE('',*,*,#1075,.T.);
#757=ORIENTED_EDGE('',*,*,#1047,.T.);
#758=ORIENTED_EDGE('',*,*,#1116,.T.);
#759=ORIENTED_EDGE('',*,*,#1088,.T.);
#760=ORIENTED_EDGE('',*,*,#1226,.T.);
#761=ORIENTED_EDGE('',*,*,#1227,.T.);
#762=ORIENTED_EDGE('',*,*,#1114,.T.);
#763=ORIENTED_EDGE('',*,*,#1049,.T.);
#764=ORIENTED_EDGE('',*,*,#1206,.F.);
#765=ORIENTED_EDGE('',*,*,#1133,.F.);
#766=ORIENTED_EDGE('',*,*,#1205,.F.);
#767=ORIENTED_EDGE('',*,*,#1228,.T.);
#768=ORIENTED_EDGE('',*,*,#1201,.F.);
#769=ORIENTED_EDGE('',*,*,#1229,.T.);
#770=ORIENTED_EDGE('',*,*,#1224,.F.);
#771=ORIENTED_EDGE('',*,*,#1115,.F.);
#772=ORIENTED_EDGE('',*,*,#1227,.F.);
#773=ORIENTED_EDGE('',*,*,#1230,.T.);
#774=ORIENTED_EDGE('',*,*,#1170,.F.);
#775=ORIENTED_EDGE('',*,*,#1231,.T.);
#776=ORIENTED_EDGE('',*,*,#1190,.F.);
#777=ORIENTED_EDGE('',*,*,#1232,.T.);
#778=ORIENTED_EDGE('',*,*,#1185,.F.);
#779=ORIENTED_EDGE('',*,*,#1233,.F.);
#780=ORIENTED_EDGE('',*,*,#1143,.F.);
#781=ORIENTED_EDGE('',*,*,#1191,.F.);
#782=ORIENTED_EDGE('',*,*,#1140,.F.);
#783=ORIENTED_EDGE('',*,*,#1233,.T.);
#784=ORIENTED_EDGE('',*,*,#1188,.F.);
#785=ORIENTED_EDGE('',*,*,#1234,.T.);
#786=ORIENTED_EDGE('',*,*,#1221,.F.);
#787=ORIENTED_EDGE('',*,*,#1235,.T.);
#788=ORIENTED_EDGE('',*,*,#1216,.F.);
#789=ORIENTED_EDGE('',*,*,#1236,.F.);
#790=ORIENTED_EDGE('',*,*,#1126,.F.);
#791=ORIENTED_EDGE('',*,*,#1222,.F.);
#792=ORIENTED_EDGE('',*,*,#1123,.F.);
#793=ORIENTED_EDGE('',*,*,#1236,.T.);
#794=ORIENTED_EDGE('',*,*,#1219,.F.);
#795=ORIENTED_EDGE('',*,*,#1237,.T.);
#796=ORIENTED_EDGE('',*,*,#1198,.F.);
#797=ORIENTED_EDGE('',*,*,#1238,.T.);
#798=ORIENTED_EDGE('',*,*,#1193,.F.);
#799=ORIENTED_EDGE('',*,*,#1239,.F.);
#800=ORIENTED_EDGE('',*,*,#1109,.F.);
#801=ORIENTED_EDGE('',*,*,#1199,.F.);
#802=ORIENTED_EDGE('',*,*,#1073,.F.);
#803=ORIENTED_EDGE('',*,*,#1239,.T.);
#804=ORIENTED_EDGE('',*,*,#1196,.F.);
#805=ORIENTED_EDGE('',*,*,#1240,.T.);
#806=ORIENTED_EDGE('',*,*,#1209,.F.);
#807=ORIENTED_EDGE('',*,*,#1241,.T.);
#808=ORIENTED_EDGE('',*,*,#1214,.F.);
#809=ORIENTED_EDGE('',*,*,#1242,.F.);
#810=ORIENTED_EDGE('',*,*,#1090,.F.);
#811=ORIENTED_EDGE('',*,*,#1210,.F.);
#812=ORIENTED_EDGE('',*,*,#1096,.F.);
#813=ORIENTED_EDGE('',*,*,#1242,.T.);
#814=ORIENTED_EDGE('',*,*,#1213,.F.);
#815=ORIENTED_EDGE('',*,*,#1243,.T.);
#816=ORIENTED_EDGE('',*,*,#1244,.F.);
#817=ORIENTED_EDGE('',*,*,#1179,.F.);
#818=ORIENTED_EDGE('',*,*,#1245,.F.);
#819=ORIENTED_EDGE('',*,*,#1041,.F.);
#820=ORIENTED_EDGE('',*,*,#1245,.T.);
#821=ORIENTED_EDGE('',*,*,#1167,.F.);
#822=ORIENTED_EDGE('',*,*,#1246,.F.);
#823=ORIENTED_EDGE('',*,*,#1042,.F.);
#824=ORIENTED_EDGE('',*,*,#1244,.T.);
#825=ORIENTED_EDGE('',*,*,#1040,.F.);
#826=ORIENTED_EDGE('',*,*,#1247,.F.);
#827=ORIENTED_EDGE('',*,*,#1160,.F.);
#828=ORIENTED_EDGE('',*,*,#1246,.T.);
#829=ORIENTED_EDGE('',*,*,#1020,.F.);
#830=ORIENTED_EDGE('',*,*,#1248,.F.);
#831=ORIENTED_EDGE('',*,*,#1043,.F.);
#832=ORIENTED_EDGE('',*,*,#1247,.T.);
#833=ORIENTED_EDGE('',*,*,#1039,.F.);
#834=ORIENTED_EDGE('',*,*,#1249,.F.);
#835=ORIENTED_EDGE('',*,*,#1181,.F.);
#836=ORIENTED_EDGE('',*,*,#1248,.T.);
#837=ORIENTED_EDGE('',*,*,#1154,.F.);
#838=ORIENTED_EDGE('',*,*,#1250,.F.);
#839=ORIENTED_EDGE('',*,*,#1036,.F.);
#840=ORIENTED_EDGE('',*,*,#1249,.T.);
#841=ORIENTED_EDGE('',*,*,#1038,.F.);
#842=ORIENTED_EDGE('',*,*,#1251,.F.);
#843=ORIENTED_EDGE('',*,*,#1164,.F.);
#844=ORIENTED_EDGE('',*,*,#1250,.T.);
#845=ORIENTED_EDGE('',*,*,#1183,.F.);
#846=ORIENTED_EDGE('',*,*,#1251,.T.);
#847=ORIENTED_EDGE('',*,*,#1037,.F.);
#848=ORIENTED_EDGE('',*,*,#1252,.F.);
#849=ORIENTED_EDGE('',*,*,#1180,.F.);
#850=ORIENTED_EDGE('',*,*,#1253,.F.);
#851=ORIENTED_EDGE('',*,*,#1026,.F.);
#852=ORIENTED_EDGE('',*,*,#1253,.T.);
#853=ORIENTED_EDGE('',*,*,#1162,.F.);
#854=ORIENTED_EDGE('',*,*,#1254,.F.);
#855=ORIENTED_EDGE('',*,*,#1027,.F.);
#856=ORIENTED_EDGE('',*,*,#1252,.T.);
#857=ORIENTED_EDGE('',*,*,#1025,.F.);
#858=ORIENTED_EDGE('',*,*,#1255,.F.);
#859=ORIENTED_EDGE('',*,*,#1169,.F.);
#860=ORIENTED_EDGE('',*,*,#1254,.T.);
#861=ORIENTED_EDGE('',*,*,#1182,.F.);
#862=ORIENTED_EDGE('',*,*,#1256,.F.);
#863=ORIENTED_EDGE('',*,*,#1028,.F.);
#864=ORIENTED_EDGE('',*,*,#1024,.F.);
#865=ORIENTED_EDGE('',*,*,#1257,.T.);
#866=ORIENTED_EDGE('',*,*,#1258,.T.);
#867=ORIENTED_EDGE('',*,*,#1013,.F.);
#868=ORIENTED_EDGE('',*,*,#1255,.T.);
#869=ORIENTED_EDGE('',*,*,#1256,.T.);
#870=ORIENTED_EDGE('',*,*,#1166,.F.);
#871=ORIENTED_EDGE('',*,*,#1259,.F.);
#872=ORIENTED_EDGE('',*,*,#1029,.F.);
#873=ORIENTED_EDGE('',*,*,#1035,.T.);
#874=ORIENTED_EDGE('',*,*,#1031,.F.);
#875=ORIENTED_EDGE('',*,*,#1260,.F.);
#876=ORIENTED_EDGE('',*,*,#1155,.F.);
#877=ORIENTED_EDGE('',*,*,#1259,.T.);
#878=ORIENTED_EDGE('',*,*,#1184,.F.);
#879=ORIENTED_EDGE('',*,*,#1260,.T.);
#880=ORIENTED_EDGE('',*,*,#1030,.F.);
#881=ORIENTED_EDGE('',*,*,#1068,.T.);
#882=ORIENTED_EDGE('',*,*,#1261,.T.);
#883=ORIENTED_EDGE('',*,*,#1262,.F.);
#884=ORIENTED_EDGE('',*,*,#1263,.T.);
#885=ORIENTED_EDGE('',*,*,#1264,.T.);
#886=ORIENTED_EDGE('',*,*,#1265,.T.);
#887=ORIENTED_EDGE('',*,*,#1070,.T.);
#888=ORIENTED_EDGE('',*,*,#1266,.T.);
#889=ORIENTED_EDGE('',*,*,#1267,.F.);
#890=ORIENTED_EDGE('',*,*,#1268,.T.);
#891=ORIENTED_EDGE('',*,*,#1269,.T.);
#892=ORIENTED_EDGE('',*,*,#1270,.T.);
#893=ORIENTED_EDGE('',*,*,#1271,.F.);
#894=ORIENTED_EDGE('',*,*,#1264,.F.);
#895=ORIENTED_EDGE('',*,*,#1272,.T.);
#896=ORIENTED_EDGE('',*,*,#1267,.T.);
#897=ORIENTED_EDGE('',*,*,#1273,.F.);
#898=ORIENTED_EDGE('',*,*,#1269,.F.);
#899=ORIENTED_EDGE('',*,*,#1274,.T.);
#900=ORIENTED_EDGE('',*,*,#1262,.T.);
#901=ORIENTED_EDGE('',*,*,#1268,.F.);
#902=ORIENTED_EDGE('',*,*,#1272,.F.);
#903=ORIENTED_EDGE('',*,*,#1263,.F.);
#904=ORIENTED_EDGE('',*,*,#1274,.F.);
#905=ORIENTED_EDGE('',*,*,#1022,.T.);
#906=ORIENTED_EDGE('',*,*,#1275,.T.);
#907=ORIENTED_EDGE('',*,*,#1276,.T.);
#908=ORIENTED_EDGE('',*,*,#1277,.F.);
#909=ORIENTED_EDGE('',*,*,#1278,.F.);
#910=ORIENTED_EDGE('',*,*,#1279,.T.);
#911=ORIENTED_EDGE('',*,*,#1280,.T.);
#912=ORIENTED_EDGE('',*,*,#1281,.T.);
#913=ORIENTED_EDGE('',*,*,#1015,.F.);
#914=ORIENTED_EDGE('',*,*,#1282,.F.);
#915=ORIENTED_EDGE('',*,*,#1278,.T.);
#916=ORIENTED_EDGE('',*,*,#1283,.T.);
#917=ORIENTED_EDGE('',*,*,#1283,.F.);
#918=ORIENTED_EDGE('',*,*,#1277,.T.);
#919=ORIENTED_EDGE('',*,*,#1284,.T.);
#920=ORIENTED_EDGE('',*,*,#1285,.T.);
#921=ORIENTED_EDGE('',*,*,#1016,.F.);
#922=ORIENTED_EDGE('',*,*,#1286,.F.);
#923=ORIENTED_EDGE('',*,*,#1279,.F.);
#924=ORIENTED_EDGE('',*,*,#1282,.T.);
#925=ORIENTED_EDGE('',*,*,#1014,.F.);
#926=ORIENTED_EDGE('',*,*,#1258,.F.);
#927=ORIENTED_EDGE('',*,*,#1287,.T.);
#928=ORIENTED_EDGE('',*,*,#1286,.T.);
#929=ORIENTED_EDGE('',*,*,#1288,.T.);
#930=ORIENTED_EDGE('',*,*,#1289,.T.);
#931=ORIENTED_EDGE('',*,*,#1280,.F.);
#932=ORIENTED_EDGE('',*,*,#1290,.T.);
#933=ORIENTED_EDGE('',*,*,#1291,.T.);
#934=ORIENTED_EDGE('',*,*,#1284,.F.);
#935=ORIENTED_EDGE('',*,*,#1276,.F.);
#936=ORIENTED_EDGE('',*,*,#1292,.T.);
#937=ORIENTED_EDGE('',*,*,#1261,.F.);
#938=ORIENTED_EDGE('',*,*,#1071,.T.);
#939=ORIENTED_EDGE('',*,*,#1270,.F.);
#940=ORIENTED_EDGE('',*,*,#1273,.T.);
#941=ORIENTED_EDGE('',*,*,#1266,.F.);
#942=ORIENTED_EDGE('',*,*,#1069,.T.);
#943=ORIENTED_EDGE('',*,*,#1265,.F.);
#944=ORIENTED_EDGE('',*,*,#1271,.T.);
#945=ORIENTED_EDGE('',*,*,#1281,.F.);
#946=ORIENTED_EDGE('',*,*,#1289,.F.);
#947=ORIENTED_EDGE('',*,*,#1293,.F.);
#948=ORIENTED_EDGE('',*,*,#1023,.F.);
#949=ORIENTED_EDGE('',*,*,#1293,.T.);
#950=ORIENTED_EDGE('',*,*,#1288,.F.);
#951=ORIENTED_EDGE('',*,*,#1287,.F.);
#952=ORIENTED_EDGE('',*,*,#1257,.F.);
#953=ORIENTED_EDGE('',*,*,#1275,.F.);
#954=ORIENTED_EDGE('',*,*,#1033,.F.);
#955=ORIENTED_EDGE('',*,*,#1294,.F.);
#956=ORIENTED_EDGE('',*,*,#1292,.F.);
#957=ORIENTED_EDGE('',*,*,#1294,.T.);
#958=ORIENTED_EDGE('',*,*,#1034,.F.);
#959=ORIENTED_EDGE('',*,*,#1295,.F.);
#960=ORIENTED_EDGE('',*,*,#1290,.F.);
#961=ORIENTED_EDGE('',*,*,#1285,.F.);
#962=ORIENTED_EDGE('',*,*,#1291,.F.);
#963=ORIENTED_EDGE('',*,*,#1295,.T.);
#964=ORIENTED_EDGE('',*,*,#1017,.F.);
#965=ORIENTED_EDGE('',*,*,#1238,.F.);
#966=ORIENTED_EDGE('',*,*,#1197,.F.);
#967=ORIENTED_EDGE('',*,*,#1146,.F.);
#968=ORIENTED_EDGE('',*,*,#1194,.F.);
#969=ORIENTED_EDGE('',*,*,#1232,.F.);
#970=ORIENTED_EDGE('',*,*,#1189,.F.);
#971=ORIENTED_EDGE('',*,*,#1112,.F.);
#972=ORIENTED_EDGE('',*,*,#1186,.F.);
#973=ORIENTED_EDGE('',*,*,#1234,.F.);
#974=ORIENTED_EDGE('',*,*,#1187,.F.);
#975=ORIENTED_EDGE('',*,*,#1104,.F.);
#976=ORIENTED_EDGE('',*,*,#1192,.F.);
#977=ORIENTED_EDGE('',*,*,#1101,.F.);
#978=ORIENTED_EDGE('',*,*,#1202,.F.);
#979=ORIENTED_EDGE('',*,*,#1228,.F.);
#980=ORIENTED_EDGE('',*,*,#1204,.F.);
#981=ORIENTED_EDGE('',*,*,#1229,.F.);
#982=ORIENTED_EDGE('',*,*,#1203,.F.);
#983=ORIENTED_EDGE('',*,*,#1099,.F.);
#984=ORIENTED_EDGE('',*,*,#1207,.F.);
#985=ORIENTED_EDGE('',*,*,#1136,.F.);
#986=ORIENTED_EDGE('',*,*,#1211,.F.);
#987=ORIENTED_EDGE('',*,*,#1243,.F.);
#988=ORIENTED_EDGE('',*,*,#1212,.F.);
#989=ORIENTED_EDGE('',*,*,#1241,.F.);
#990=ORIENTED_EDGE('',*,*,#1208,.F.);
#991=ORIENTED_EDGE('',*,*,#1130,.F.);
#992=ORIENTED_EDGE('',*,*,#1215,.F.);
#993=ORIENTED_EDGE('',*,*,#1235,.F.);
#994=ORIENTED_EDGE('',*,*,#1220,.F.);
#995=ORIENTED_EDGE('',*,*,#1094,.F.);
#996=ORIENTED_EDGE('',*,*,#1217,.F.);
#997=ORIENTED_EDGE('',*,*,#1237,.F.);
#998=ORIENTED_EDGE('',*,*,#1218,.F.);
#999=ORIENTED_EDGE('',*,*,#1081,.F.);
#1000=ORIENTED_EDGE('',*,*,#1223,.F.);
#1001=ORIENTED_EDGE('',*,*,#1230,.F.);
#1002=ORIENTED_EDGE('',*,*,#1226,.F.);
#1003=ORIENTED_EDGE('',*,*,#1087,.F.);
#1004=ORIENTED_EDGE('',*,*,#1171,.F.);
#1005=ORIENTED_EDGE('',*,*,#1076,.F.);
#1006=ORIENTED_EDGE('',*,*,#1225,.F.);
#1007=ORIENTED_EDGE('',*,*,#1231,.F.);
#1008=ORIENTED_EDGE('',*,*,#1176,.F.);
#1009=ORIENTED_EDGE('',*,*,#1118,.F.);
#1010=ORIENTED_EDGE('',*,*,#1200,.F.);
#1011=ORIENTED_EDGE('',*,*,#1240,.F.);
#1012=ORIENTED_EDGE('',*,*,#1195,.F.);
#1013=EDGE_CURVE('',#1296,#1297,#1477,.T.);
#1014=EDGE_CURVE('',#1297,#1298,#115,.F.);
#1015=EDGE_CURVE('',#1298,#1299,#1478,.F.);
#1016=EDGE_CURVE('',#1299,#1300,#116,.T.);
#1017=EDGE_CURVE('',#1300,#1301,#109,.F.);
#1018=EDGE_CURVE('',#1301,#1302,#1479,.T.);
#1019=EDGE_CURVE('',#1303,#1302,#117,.T.);
#1020=EDGE_CURVE('',#1303,#1304,#1480,.F.);
#1021=EDGE_CURVE('',#1296,#1304,#118,.F.);
#1022=EDGE_CURVE('',#1305,#1306,#119,.T.);
#1023=EDGE_CURVE('',#1305,#1307,#120,.T.);
#1024=EDGE_CURVE('',#1307,#1308,#1481,.F.);
#1025=EDGE_CURVE('',#1308,#1309,#121,.T.);
#1026=EDGE_CURVE('',#1309,#1310,#1482,.F.);
#1027=EDGE_CURVE('',#1310,#1311,#122,.F.);
#1028=EDGE_CURVE('',#1311,#1312,#1483,.F.);
#1029=EDGE_CURVE('',#1312,#1313,#123,.F.);
#1030=EDGE_CURVE('',#1313,#1314,#1484,.F.);
#1031=EDGE_CURVE('',#1314,#1315,#124,.T.);
#1032=EDGE_CURVE('',#1315,#1316,#1485,.F.);
#1033=EDGE_CURVE('',#1316,#1306,#125,.F.);
#1034=EDGE_CURVE('',#1301,#1316,#21,.T.);
#1035=EDGE_CURVE('',#1302,#1315,#1486,.T.);
#1036=EDGE_CURVE('',#1317,#1318,#126,.F.);
#1037=EDGE_CURVE('',#1318,#1319,#1487,.T.);
#1038=EDGE_CURVE('',#1319,#1320,#127,.T.);
#1039=EDGE_CURVE('',#1320,#1321,#1488,.T.);
#1040=EDGE_CURVE('',#1321,#1322,#128,.T.);
#1041=EDGE_CURVE('',#1322,#1323,#1489,.T.);
#1042=EDGE_CURVE('',#1323,#1324,#129,.F.);
#1043=EDGE_CURVE('',#1324,#1317,#1490,.T.);
#1044=EDGE_CURVE('',#1325,#1326,#1491,.T.);
#1045=EDGE_CURVE('',#1327,#1325,#130,.T.);
#1046=EDGE_CURVE('',#1327,#1328,#1492,.T.);
#1047=EDGE_CURVE('',#1326,#1328,#131,.T.);
#1048=EDGE_CURVE('',#1329,#1330,#1493,.T.);
#1049=EDGE_CURVE('',#1331,#1329,#132,.T.);
#1050=EDGE_CURVE('',#1331,#1332,#1494,.T.);
#1051=EDGE_CURVE('',#1332,#1330,#133,.T.);
#1052=EDGE_CURVE('',#1333,#1334,#134,.T.);
#1053=EDGE_CURVE('',#1335,#1334,#135,.T.);
#1054=EDGE_CURVE('',#1336,#1335,#136,.T.);
#1055=EDGE_CURVE('',#1333,#1336,#137,.T.);
#1056=EDGE_CURVE('',#1337,#1338,#138,.T.);
#1057=EDGE_CURVE('',#1337,#1339,#139,.T.);
#1058=EDGE_CURVE('',#1340,#1339,#140,.T.);
#1059=EDGE_CURVE('',#1338,#1340,#141,.T.);
#1060=EDGE_CURVE('',#1341,#1342,#1495,.T.);
#1061=EDGE_CURVE('',#1343,#1341,#142,.T.);
#1062=EDGE_CURVE('',#1343,#1344,#1496,.T.);
#1063=EDGE_CURVE('',#1344,#1342,#143,.T.);
#1064=EDGE_CURVE('',#1345,#1346,#1497,.T.);
#1065=EDGE_CURVE('',#1345,#1347,#144,.T.);
#1066=EDGE_CURVE('',#1347,#1348,#1498,.T.);
#1067=EDGE_CURVE('',#1348,#1346,#145,.T.);
#1068=EDGE_CURVE('',#1349,#1350,#146,.T.);
#1069=EDGE_CURVE('',#1351,#1349,#147,.T.);
#1070=EDGE_CURVE('',#1352,#1351,#148,.T.);
#1071=EDGE_CURVE('',#1350,#1352,#149,.T.);
#1072=EDGE_CURVE('',#1353,#1354,#150,.T.);
#1073=EDGE_CURVE('',#1354,#1355,#1499,.T.);
#1074=EDGE_CURVE('',#1325,#1355,#151,.F.);
#1075=EDGE_CURVE('',#1356,#1326,#152,.T.);
#1076=EDGE_CURVE('',#1356,#1357,#22,.T.);
#1077=EDGE_CURVE('',#1358,#1357,#1500,.F.);
#1078=EDGE_CURVE('',#1359,#1358,#153,.T.);
#1079=EDGE_CURVE('',#1353,#1359,#1501,.T.);
#1080=EDGE_CURVE('',#1330,#1360,#154,.F.);
#1081=EDGE_CURVE('',#1360,#1361,#23,.T.);
#1082=EDGE_CURVE('',#1362,#1361,#1502,.F.);
#1083=EDGE_CURVE('',#1363,#1362,#155,.T.);
#1084=EDGE_CURVE('',#1364,#1363,#1503,.T.);
#1085=EDGE_CURVE('',#1365,#1364,#156,.T.);
#1086=EDGE_CURVE('',#1366,#1365,#1504,.F.);
#1087=EDGE_CURVE('',#1366,#1367,#24,.T.);
#1088=EDGE_CURVE('',#1329,#1367,#157,.F.);
#1089=EDGE_CURVE('',#1333,#1368,#158,.T.);
#1090=EDGE_CURVE('',#1368,#1369,#159,.T.);
#1091=EDGE_CURVE('',#1370,#1369,#160,.T.);
#1092=EDGE_CURVE('',#1370,#1363,#161,.T.);
#1093=EDGE_CURVE('',#1362,#1371,#162,.T.);
#1094=EDGE_CURVE('',#1371,#1372,#1505,.F.);
#1095=EDGE_CURVE('',#1372,#1334,#163,.T.);
#1096=EDGE_CURVE('',#1369,#1373,#1506,.T.);
#1097=EDGE_CURVE('',#1341,#1373,#164,.F.);
#1098=EDGE_CURVE('',#1342,#1374,#165,.F.);
#1099=EDGE_CURVE('',#1374,#1375,#25,.T.);
#1100=EDGE_CURVE('',#1376,#1375,#1507,.F.);
#1101=EDGE_CURVE('',#1376,#1377,#26,.T.);
#1102=EDGE_CURVE('',#1377,#1345,#166,.T.);
#1103=EDGE_CURVE('',#1346,#1378,#167,.F.);
#1104=EDGE_CURVE('',#1378,#1379,#27,.T.);
#1105=EDGE_CURVE('',#1380,#1379,#1508,.F.);
#1106=EDGE_CURVE('',#1381,#1380,#168,.T.);
#1107=EDGE_CURVE('',#1370,#1381,#1509,.T.);
#1108=EDGE_CURVE('',#1337,#1382,#169,.T.);
#1109=EDGE_CURVE('',#1382,#1354,#170,.T.);
#1110=EDGE_CURVE('',#1353,#1381,#171,.T.);
#1111=EDGE_CURVE('',#1380,#1383,#172,.T.);
#1112=EDGE_CURVE('',#1383,#1384,#1510,.F.);
#1113=EDGE_CURVE('',#1384,#1339,#173,.T.);
#1114=EDGE_CURVE('',#1385,#1331,#174,.F.);
#1115=EDGE_CURVE('',#1385,#1386,#1511,.T.);
#1116=EDGE_CURVE('',#1328,#1386,#175,.T.);
#1117=EDGE_CURVE('',#1387,#1327,#176,.F.);
#1118=EDGE_CURVE('',#1387,#1388,#28,.T.);
#1119=EDGE_CURVE('',#1389,#1388,#1512,.T.);
#1120=EDGE_CURVE('',#1389,#1390,#177,.T.);
#1121=EDGE_CURVE('',#1390,#1391,#1513,.T.);
#1122=EDGE_CURVE('',#1392,#1391,#178,.T.);
#1123=EDGE_CURVE('',#1392,#1393,#1514,.F.);
#1124=EDGE_CURVE('',#1393,#1332,#179,.F.);
#1125=EDGE_CURVE('',#1335,#1394,#180,.T.);
#1126=EDGE_CURVE('',#1394,#1392,#181,.T.);
#1127=EDGE_CURVE('',#1395,#1391,#182,.T.);
#1128=EDGE_CURVE('',#1396,#1395,#183,.T.);
#1129=EDGE_CURVE('',#1396,#1397,#184,.T.);
#1130=EDGE_CURVE('',#1397,#1398,#1515,.F.);
#1131=EDGE_CURVE('',#1398,#1336,#185,.T.);
#1132=EDGE_CURVE('',#1347,#1399,#186,.T.);
#1133=EDGE_CURVE('',#1399,#1400,#1516,.F.);
#1134=EDGE_CURVE('',#1400,#1344,#187,.F.);
#1135=EDGE_CURVE('',#1401,#1343,#188,.F.);
#1136=EDGE_CURVE('',#1401,#1402,#29,.T.);
#1137=EDGE_CURVE('',#1396,#1402,#1517,.T.);
#1138=EDGE_CURVE('',#1395,#1403,#1518,.T.);
#1139=EDGE_CURVE('',#1404,#1403,#189,.T.);
#1140=EDGE_CURVE('',#1404,#1405,#1519,.F.);
#1141=EDGE_CURVE('',#1405,#1348,#190,.F.);
#1142=EDGE_CURVE('',#1340,#1406,#191,.T.);
#1143=EDGE_CURVE('',#1406,#1404,#192,.T.);
#1144=EDGE_CURVE('',#1390,#1403,#193,.T.);
#1145=EDGE_CURVE('',#1389,#1407,#194,.T.);
#1146=EDGE_CURVE('',#1407,#1408,#1520,.F.);
#1147=EDGE_CURVE('',#1408,#1338,#195,.T.);
#1148=EDGE_CURVE('',#1359,#1409,#196,.T.);
#1149=EDGE_CURVE('',#1409,#1410,#1521,.F.);
#1150=EDGE_CURVE('',#1411,#1410,#197,.T.);
#1151=EDGE_CURVE('',#1411,#1412,#1522,.F.);
#1152=EDGE_CURVE('',#1364,#1412,#198,.T.);
#1153=EDGE_CURVE('',#1413,#1414,#199,.F.);
#1154=EDGE_CURVE('',#1414,#1303,#200,.T.);
#1155=EDGE_CURVE('',#1302,#1413,#201,.F.);
#1156=EDGE_CURVE('',#1415,#1411,#202,.T.);
#1157=EDGE_CURVE('',#1410,#1416,#203,.T.);
#1158=EDGE_CURVE('',#1416,#1415,#204,.T.);
#1159=EDGE_CURVE('',#1417,#1418,#205,.F.);
#1160=EDGE_CURVE('',#1418,#1419,#206,.F.);
#1161=EDGE_CURVE('',#1419,#1420,#207,.T.);
#1162=EDGE_CURVE('',#1420,#1417,#208,.T.);
#1163=EDGE_CURVE('',#1421,#1422,#209,.F.);
#1164=EDGE_CURVE('',#1422,#1423,#210,.F.);
#1165=EDGE_CURVE('',#1423,#1424,#211,.T.);
#1166=EDGE_CURVE('',#1424,#1421,#212,.T.);
#1167=EDGE_CURVE('',#1304,#1425,#213,.T.);
#1168=EDGE_CURVE('',#1425,#1426,#214,.T.);
#1169=EDGE_CURVE('',#1426,#1296,#215,.F.);
#1170=EDGE_CURVE('',#1427,#1428,#1523,.F.);
#1171=EDGE_CURVE('',#1428,#1366,#216,.T.);
#1172=EDGE_CURVE('',#1365,#1429,#217,.T.);
#1173=EDGE_CURVE('',#1429,#1415,#1524,.F.);
#1174=EDGE_CURVE('',#1416,#1430,#1525,.F.);
#1175=EDGE_CURVE('',#1358,#1430,#218,.T.);
#1176=EDGE_CURVE('',#1357,#1427,#219,.T.);
#1177=EDGE_CURVE('',#1430,#1409,#220,.F.);
#1178=EDGE_CURVE('',#1412,#1429,#221,.F.);
#1179=EDGE_CURVE('',#1425,#1418,#1526,.F.);
#1180=EDGE_CURVE('',#1417,#1426,#1527,.T.);
#1181=EDGE_CURVE('',#1419,#1422,#1528,.F.);
#1182=EDGE_CURVE('',#1421,#1420,#1529,.T.);
#1183=EDGE_CURVE('',#1423,#1414,#1530,.F.);
#1184=EDGE_CURVE('',#1413,#1424,#1531,.T.);
#1185=EDGE_CURVE('',#1431,#1432,#222,.T.);
#1186=EDGE_CURVE('',#1432,#1383,#223,.T.);
#1187=EDGE_CURVE('',#1379,#1433,#224,.F.);
#1188=EDGE_CURVE('',#1433,#1431,#1532,.T.);
#1189=EDGE_CURVE('',#1384,#1434,#225,.F.);
#1190=EDGE_CURVE('',#1434,#1406,#226,.T.);
#1191=EDGE_CURVE('',#1405,#1435,#30,.T.);
#1192=EDGE_CURVE('',#1435,#1378,#227,.T.);
#1193=EDGE_CURVE('',#1436,#1437,#228,.T.);
#1194=EDGE_CURVE('',#1437,#1407,#229,.T.);
#1195=EDGE_CURVE('',#1388,#1438,#230,.T.);
#1196=EDGE_CURVE('',#1438,#1436,#1533,.F.);
#1197=EDGE_CURVE('',#1408,#1439,#231,.F.);
#1198=EDGE_CURVE('',#1439,#1382,#232,.T.);
#1199=EDGE_CURVE('',#1355,#1440,#31,.T.);
#1200=EDGE_CURVE('',#1440,#1387,#233,.F.);
#1201=EDGE_CURVE('',#1441,#1442,#1534,.T.);
#1202=EDGE_CURVE('',#1442,#1376,#234,.F.);
#1203=EDGE_CURVE('',#1375,#1441,#235,.F.);
#1204=EDGE_CURVE('',#1377,#1443,#236,.T.);
#1205=EDGE_CURVE('',#1443,#1399,#32,.T.);
#1206=EDGE_CURVE('',#1400,#1444,#33,.T.);
#1207=EDGE_CURVE('',#1444,#1374,#237,.T.);
#1208=EDGE_CURVE('',#1398,#1445,#238,.F.);
#1209=EDGE_CURVE('',#1445,#1368,#239,.T.);
#1210=EDGE_CURVE('',#1373,#1446,#34,.T.);
#1211=EDGE_CURVE('',#1446,#1401,#240,.F.);
#1212=EDGE_CURVE('',#1402,#1447,#241,.T.);
#1213=EDGE_CURVE('',#1447,#1448,#1535,.F.);
#1214=EDGE_CURVE('',#1448,#1449,#242,.T.);
#1215=EDGE_CURVE('',#1449,#1397,#243,.T.);
#1216=EDGE_CURVE('',#1450,#1451,#244,.T.);
#1217=EDGE_CURVE('',#1451,#1371,#245,.T.);
#1218=EDGE_CURVE('',#1361,#1452,#246,.F.);
#1219=EDGE_CURVE('',#1452,#1450,#1536,.T.);
#1220=EDGE_CURVE('',#1372,#1453,#247,.F.);
#1221=EDGE_CURVE('',#1453,#1394,#248,.T.);
#1222=EDGE_CURVE('',#1393,#1454,#35,.T.);
#1223=EDGE_CURVE('',#1454,#1360,#249,.T.);
#1224=EDGE_CURVE('',#1386,#1455,#36,.T.);
#1225=EDGE_CURVE('',#1455,#1356,#250,.F.);
#1226=EDGE_CURVE('',#1367,#1456,#251,.F.);
#1227=EDGE_CURVE('',#1456,#1385,#37,.T.);
#1228=EDGE_CURVE('',#1443,#1442,#38,.T.);
#1229=EDGE_CURVE('',#1441,#1444,#39,.T.);
#1230=EDGE_CURVE('',#1456,#1428,#40,.T.);
#1231=EDGE_CURVE('',#1427,#1455,#41,.T.);
#1232=EDGE_CURVE('',#1434,#1432,#110,.T.);
#1233=EDGE_CURVE('',#1404,#1431,#252,.T.);
#1234=EDGE_CURVE('',#1433,#1435,#42,.T.);
#1235=EDGE_CURVE('',#1453,#1451,#111,.T.);
#1236=EDGE_CURVE('',#1392,#1450,#253,.T.);
#1237=EDGE_CURVE('',#1452,#1454,#43,.T.);
#1238=EDGE_CURVE('',#1439,#1437,#112,.T.);
#1239=EDGE_CURVE('',#1354,#1436,#254,.T.);
#1240=EDGE_CURVE('',#1438,#1440,#44,.T.);
#1241=EDGE_CURVE('',#1445,#1449,#113,.T.);
#1242=EDGE_CURVE('',#1369,#1448,#255,.T.);
#1243=EDGE_CURVE('',#1447,#1446,#45,.T.);
#1244=EDGE_CURVE('',#1418,#1322,#1537,.T.);
#1245=EDGE_CURVE('',#1323,#1425,#1538,.T.);
#1246=EDGE_CURVE('',#1324,#1304,#1539,.T.);
#1247=EDGE_CURVE('',#1419,#1321,#1540,.T.);
#1248=EDGE_CURVE('',#1317,#1303,#1541,.T.);
#1249=EDGE_CURVE('',#1422,#1320,#1542,.T.);
#1250=EDGE_CURVE('',#1318,#1414,#1543,.T.);
#1251=EDGE_CURVE('',#1423,#1319,#1544,.T.);
#1252=EDGE_CURVE('',#1426,#1309,#1545,.T.);
#1253=EDGE_CURVE('',#1310,#1417,#1546,.T.);
#1254=EDGE_CURVE('',#1311,#1420,#1547,.T.);
#1255=EDGE_CURVE('',#1296,#1308,#1548,.T.);
#1256=EDGE_CURVE('',#1312,#1421,#1549,.T.);
#1257=EDGE_CURVE('',#1307,#1457,#46,.T.);
#1258=EDGE_CURVE('',#1457,#1297,#47,.T.);
#1259=EDGE_CURVE('',#1313,#1424,#1550,.T.);
#1260=EDGE_CURVE('',#1413,#1314,#1551,.T.);
#1261=EDGE_CURVE('',#1350,#1458,#256,.F.);
#1262=EDGE_CURVE('',#1459,#1458,#257,.T.);
#1263=EDGE_CURVE('',#1459,#1460,#258,.T.);
#1264=EDGE_CURVE('',#1460,#1461,#259,.T.);
#1265=EDGE_CURVE('',#1461,#1349,#260,.F.);
#1266=EDGE_CURVE('',#1351,#1462,#261,.F.);
#1267=EDGE_CURVE('',#1463,#1462,#262,.T.);
#1268=EDGE_CURVE('',#1463,#1464,#263,.T.);
#1269=EDGE_CURVE('',#1464,#1465,#264,.T.);
#1270=EDGE_CURVE('',#1465,#1352,#265,.F.);
#1271=EDGE_CURVE('',#1461,#1462,#266,.T.);
#1272=EDGE_CURVE('',#1460,#1463,#267,.T.);
#1273=EDGE_CURVE('',#1465,#1458,#268,.T.);
#1274=EDGE_CURVE('',#1464,#1459,#269,.T.);
#1275=EDGE_CURVE('',#1306,#1466,#1552,.T.);
#1276=EDGE_CURVE('',#1466,#1467,#270,.F.);
#1277=EDGE_CURVE('',#1468,#1467,#271,.T.);
#1278=EDGE_CURVE('',#1469,#1468,#272,.T.);
#1279=EDGE_CURVE('',#1469,#1470,#273,.T.);
#1280=EDGE_CURVE('',#1470,#1471,#274,.T.);
#1281=EDGE_CURVE('',#1471,#1305,#1553,.T.);
#1282=EDGE_CURVE('',#1469,#1298,#275,.T.);
#1283=EDGE_CURVE('',#1468,#1299,#276,.T.);
#1284=EDGE_CURVE('',#1467,#1472,#277,.T.);
#1285=EDGE_CURVE('',#1472,#1300,#48,.T.);
#1286=EDGE_CURVE('',#1470,#1473,#278,.T.);
#1287=EDGE_CURVE('',#1457,#1473,#49,.F.);
#1288=EDGE_CURVE('',#1473,#1474,#50,.T.);
#1289=EDGE_CURVE('',#1474,#1471,#279,.F.);
#1290=EDGE_CURVE('',#1475,#1476,#51,.T.);
#1291=EDGE_CURVE('',#1476,#1472,#114,.F.);
#1292=EDGE_CURVE('',#1466,#1475,#280,.F.);
#1293=EDGE_CURVE('',#1307,#1474,#1554,.T.);
#1294=EDGE_CURVE('',#1475,#1316,#1555,.T.);
#1295=EDGE_CURVE('',#1476,#1301,#1556,.T.);
#1296=VERTEX_POINT('',#2635);
#1297=VERTEX_POINT('',#2636);
#1298=VERTEX_POINT('',#2638);
#1299=VERTEX_POINT('',#2640);
#1300=VERTEX_POINT('',#2642);
#1301=VERTEX_POINT('',#2644);
#1302=VERTEX_POINT('',#2646);
#1303=VERTEX_POINT('',#2648);
#1304=VERTEX_POINT('',#2650);
#1305=VERTEX_POINT('',#2654);
#1306=VERTEX_POINT('',#2655);
#1307=VERTEX_POINT('',#2657);
#1308=VERTEX_POINT('',#2659);
#1309=VERTEX_POINT('',#2661);
#1310=VERTEX_POINT('',#2663);
#1311=VERTEX_POINT('',#2665);
#1312=VERTEX_POINT('',#2667);
#1313=VERTEX_POINT('',#2669);
#1314=VERTEX_POINT('',#2671);
#1315=VERTEX_POINT('',#2673);
#1316=VERTEX_POINT('',#2675);
#1317=VERTEX_POINT('',#2686);
#1318=VERTEX_POINT('',#2687);
#1319=VERTEX_POINT('',#2689);
#1320=VERTEX_POINT('',#2691);
#1321=VERTEX_POINT('',#2693);
#1322=VERTEX_POINT('',#2695);
#1323=VERTEX_POINT('',#2697);
#1324=VERTEX_POINT('',#2699);
#1325=VERTEX_POINT('',#2702);
#1326=VERTEX_POINT('',#2703);
#1327=VERTEX_POINT('',#2705);
#1328=VERTEX_POINT('',#2707);
#1329=VERTEX_POINT('',#2710);
#1330=VERTEX_POINT('',#2711);
#1331=VERTEX_POINT('',#2713);
#1332=VERTEX_POINT('',#2715);
#1333=VERTEX_POINT('',#2718);
#1334=VERTEX_POINT('',#2719);
#1335=VERTEX_POINT('',#2721);
#1336=VERTEX_POINT('',#2723);
#1337=VERTEX_POINT('',#2726);
#1338=VERTEX_POINT('',#2727);
#1339=VERTEX_POINT('',#2729);
#1340=VERTEX_POINT('',#2731);
#1341=VERTEX_POINT('',#2734);
#1342=VERTEX_POINT('',#2735);
#1343=VERTEX_POINT('',#2737);
#1344=VERTEX_POINT('',#2739);
#1345=VERTEX_POINT('',#2742);
#1346=VERTEX_POINT('',#2743);
#1347=VERTEX_POINT('',#2745);
#1348=VERTEX_POINT('',#2747);
#1349=VERTEX_POINT('',#2750);
#1350=VERTEX_POINT('',#2751);
#1351=VERTEX_POINT('',#2753);
#1352=VERTEX_POINT('',#2755);
#1353=VERTEX_POINT('',#2759);
#1354=VERTEX_POINT('',#2760);
#1355=VERTEX_POINT('',#2762);
#1356=VERTEX_POINT('',#2765);
#1357=VERTEX_POINT('',#2770);
#1358=VERTEX_POINT('',#2772);
#1359=VERTEX_POINT('',#2774);
#1360=VERTEX_POINT('',#2778);
#1361=VERTEX_POINT('',#2783);
#1362=VERTEX_POINT('',#2785);
#1363=VERTEX_POINT('',#2787);
#1364=VERTEX_POINT('',#2789);
#1365=VERTEX_POINT('',#2791);
#1366=VERTEX_POINT('',#2793);
#1367=VERTEX_POINT('',#2798);
#1368=VERTEX_POINT('',#2802);
#1369=VERTEX_POINT('',#2804);
#1370=VERTEX_POINT('',#2806);
#1371=VERTEX_POINT('',#2809);
#1372=VERTEX_POINT('',#2811);
#1373=VERTEX_POINT('',#2815);
#1374=VERTEX_POINT('',#2818);
#1375=VERTEX_POINT('',#2823);
#1376=VERTEX_POINT('',#2825);
#1377=VERTEX_POINT('',#2830);
#1378=VERTEX_POINT('',#2833);
#1379=VERTEX_POINT('',#2838);
#1380=VERTEX_POINT('',#2840);
#1381=VERTEX_POINT('',#2842);
#1382=VERTEX_POINT('',#2846);
#1383=VERTEX_POINT('',#2850);
#1384=VERTEX_POINT('',#2852);
#1385=VERTEX_POINT('',#2856);
#1386=VERTEX_POINT('',#2858);
#1387=VERTEX_POINT('',#2861);
#1388=VERTEX_POINT('',#2866);
#1389=VERTEX_POINT('',#2868);
#1390=VERTEX_POINT('',#2870);
#1391=VERTEX_POINT('',#2872);
#1392=VERTEX_POINT('',#2874);
#1393=VERTEX_POINT('',#2876);
#1394=VERTEX_POINT('',#2880);
#1395=VERTEX_POINT('',#2883);
#1396=VERTEX_POINT('',#2885);
#1397=VERTEX_POINT('',#2887);
#1398=VERTEX_POINT('',#2889);
#1399=VERTEX_POINT('',#2893);
#1400=VERTEX_POINT('',#2895);
#1401=VERTEX_POINT('',#2898);
#1402=VERTEX_POINT('',#2903);
#1403=VERTEX_POINT('',#2906);
#1404=VERTEX_POINT('',#2908);
#1405=VERTEX_POINT('',#2910);
#1406=VERTEX_POINT('',#2914);
#1407=VERTEX_POINT('',#2918);
#1408=VERTEX_POINT('',#2920);
#1409=VERTEX_POINT('',#2924);
#1410=VERTEX_POINT('',#2926);
#1411=VERTEX_POINT('',#2928);
#1412=VERTEX_POINT('',#2930);
#1413=VERTEX_POINT('',#2934);
#1414=VERTEX_POINT('',#2935);
#1415=VERTEX_POINT('',#2939);
#1416=VERTEX_POINT('',#2941);
#1417=VERTEX_POINT('',#2945);
#1418=VERTEX_POINT('',#2946);
#1419=VERTEX_POINT('',#2948);
#1420=VERTEX_POINT('',#2950);
#1421=VERTEX_POINT('',#2954);
#1422=VERTEX_POINT('',#2955);
#1423=VERTEX_POINT('',#2957);
#1424=VERTEX_POINT('',#2959);
#1425=VERTEX_POINT('',#2963);
#1426=VERTEX_POINT('',#2965);
#1427=VERTEX_POINT('',#2969);
#1428=VERTEX_POINT('',#2970);
#1429=VERTEX_POINT('',#2973);
#1430=VERTEX_POINT('',#2976);
#1431=VERTEX_POINT('',#2996);
#1432=VERTEX_POINT('',#2997);
#1433=VERTEX_POINT('',#3000);
#1434=VERTEX_POINT('',#3004);
#1435=VERTEX_POINT('',#3011);
#1436=VERTEX_POINT('',#3015);
#1437=VERTEX_POINT('',#3016);
#1438=VERTEX_POINT('',#3019);
#1439=VERTEX_POINT('',#3023);
#1440=VERTEX_POINT('',#3030);
#1441=VERTEX_POINT('',#3034);
#1442=VERTEX_POINT('',#3035);
#1443=VERTEX_POINT('',#3040);
#1444=VERTEX_POINT('',#3050);
#1445=VERTEX_POINT('',#3054);
#1446=VERTEX_POINT('',#3061);
#1447=VERTEX_POINT('',#3065);
#1448=VERTEX_POINT('',#3067);
#1449=VERTEX_POINT('',#3069);
#1450=VERTEX_POINT('',#3073);
#1451=VERTEX_POINT('',#3074);
#1452=VERTEX_POINT('',#3077);
#1453=VERTEX_POINT('',#3081);
#1454=VERTEX_POINT('',#3088);
#1455=VERTEX_POINT('',#3095);
#1456=VERTEX_POINT('',#3099);
#1457=VERTEX_POINT('',#3195);
#1458=VERTEX_POINT('',#3207);
#1459=VERTEX_POINT('',#3209);
#1460=VERTEX_POINT('',#3211);
#1461=VERTEX_POINT('',#3213);
#1462=VERTEX_POINT('',#3217);
#1463=VERTEX_POINT('',#3219);
#1464=VERTEX_POINT('',#3221);
#1465=VERTEX_POINT('',#3223);
#1466=VERTEX_POINT('',#3234);
#1467=VERTEX_POINT('',#3236);
#1468=VERTEX_POINT('',#3238);
#1469=VERTEX_POINT('',#3240);
#1470=VERTEX_POINT('',#3242);
#1471=VERTEX_POINT('',#3244);
#1472=VERTEX_POINT('',#3251);
#1473=VERTEX_POINT('',#3258);
#1474=VERTEX_POINT('',#3275);
#1475=VERTEX_POINT('',#3283);
#1476=VERTEX_POINT('',#3284);
#1477=CIRCLE('',#1919,0.015);
#1478=CIRCLE('',#1920,0.015);
#1479=CIRCLE('',#1922,0.015);
#1480=CIRCLE('',#1923,0.015);
#1481=CIRCLE('',#1925,0.014);
#1482=CIRCLE('',#1926,0.014);
#1483=CIRCLE('',#1927,0.014);
#1484=CIRCLE('',#1928,0.004);
#1485=CIRCLE('',#1929,0.014);
#1486=CIRCLE('',#1931,0.001);
#1487=CIRCLE('',#1933,0.004);
#1488=CIRCLE('',#1934,0.014);
#1489=CIRCLE('',#1935,0.014);
#1490=CIRCLE('',#1936,0.014);
#1491=CIRCLE('',#1937,0.0225);
#1492=CIRCLE('',#1938,0.005);
#1493=CIRCLE('',#1939,0.0225);
#1494=CIRCLE('',#1940,0.005);
#1495=CIRCLE('',#1941,0.0225);
#1496=CIRCLE('',#1942,0.005);
#1497=CIRCLE('',#1943,0.0225);
#1498=CIRCLE('',#1944,0.005);
#1499=CIRCLE('',#1946,0.0225);
#1500=CIRCLE('',#1947,0.0225);
#1501=CIRCLE('',#1948,0.0225);
#1502=CIRCLE('',#1950,0.0225);
#1503=CIRCLE('',#1951,0.0225);
#1504=CIRCLE('',#1952,0.0225);
#1505=CIRCLE('',#1954,0.0005);
#1506=CIRCLE('',#1956,0.0225);
#1507=CIRCLE('',#1957,0.0225);
#1508=CIRCLE('',#1958,0.0225);
#1509=CIRCLE('',#1959,0.0225);
#1510=CIRCLE('',#1961,0.0005);
#1511=CIRCLE('',#1963,0.005);
#1512=CIRCLE('',#1964,0.005);
#1513=CIRCLE('',#1965,0.005);
#1514=CIRCLE('',#1966,0.005);
#1515=CIRCLE('',#1968,0.0005);
#1516=CIRCLE('',#1970,0.005);
#1517=CIRCLE('',#1971,0.005);
#1518=CIRCLE('',#1972,0.005);
#1519=CIRCLE('',#1973,0.005);
#1520=CIRCLE('',#1975,0.0005);
#1521=CIRCLE('',#1977,0.002);
#1522=CIRCLE('',#1978,0.002);
#1523=CIRCLE('',#1984,0.009);
#1524=CIRCLE('',#1985,0.002);
#1525=CIRCLE('',#1986,0.002);
#1526=CIRCLE('',#1990,0.015);
#1527=CIRCLE('',#1991,0.015);
#1528=CIRCLE('',#1993,0.015);
#1529=CIRCLE('',#1994,0.015);
#1530=CIRCLE('',#1996,0.005);
#1531=CIRCLE('',#1997,0.005);
#1532=CIRCLE('',#2001,0.009);
#1533=CIRCLE('',#2005,0.0185);
#1534=CIRCLE('',#2009,0.009);
#1535=CIRCLE('',#2015,0.0185);
#1536=CIRCLE('',#2017,0.009);
#1537=CIRCLE('',#2037,0.001);
#1538=CIRCLE('',#2038,0.001);
#1539=CIRCLE('',#2040,0.001);
#1540=CIRCLE('',#2042,0.001);
#1541=CIRCLE('',#2044,0.001);
#1542=CIRCLE('',#2046,0.001);
#1543=CIRCLE('',#2048,0.001);
#1544=CIRCLE('',#2050,0.001);
#1545=CIRCLE('',#2053,0.001);
#1546=CIRCLE('',#2054,0.001);
#1547=CIRCLE('',#2056,0.001);
#1548=CIRCLE('',#2058,0.001);
#1549=CIRCLE('',#2060,0.001);
#1550=CIRCLE('',#2063,0.001);
#1551=CIRCLE('',#2065,0.001);
#1552=CIRCLE('',#2073,0.00025);
#1553=CIRCLE('',#2074,0.00025);
#1554=CIRCLE('',#2084,0.00025);
#1555=CIRCLE('',#2086,0.00025);
#1556=CIRCLE('',#2087,0.00025);
#1557=EDGE_LOOP('',(#447,#448,#449,#450,#451,#452,#453,#454,#455));
#1558=EDGE_LOOP('',(#456,#457,#458,#459,#460,#461,#462,#463,#464,#465,#466,
#467));
#1559=EDGE_LOOP('',(#468,#469,#470,#471));
#1560=EDGE_LOOP('',(#472,#473,#474,#475,#476,#477,#478,#479));
#1561=EDGE_LOOP('',(#480,#481,#482,#483));
#1562=EDGE_LOOP('',(#484,#485,#486,#487));
#1563=EDGE_LOOP('',(#488,#489,#490,#491));
#1564=EDGE_LOOP('',(#492,#493,#494,#495));
#1565=EDGE_LOOP('',(#496,#497,#498,#499));
#1566=EDGE_LOOP('',(#500,#501,#502,#503));
#1567=EDGE_LOOP('',(#504,#505,#506,#507));
#1568=EDGE_LOOP('',(#508,#509,#510,#511,#512,#513,#514,#515,#516));
#1569=EDGE_LOOP('',(#517,#518,#519,#520,#521,#522,#523,#524,#525,#526));
#1570=EDGE_LOOP('',(#527,#528,#529,#530,#531,#532,#533,#534,#535));
#1571=EDGE_LOOP('',(#536,#537,#538,#539,#540,#541,#542,#543,#544,#545,#546,
#547,#548,#549,#550));
#1572=EDGE_LOOP('',(#551,#552,#553,#554,#555,#556,#557,#558,#559));
#1573=EDGE_LOOP('',(#560,#561,#562,#563,#564,#565,#566,#567,#568,#569,#570,
#571,#572));
#1574=EDGE_LOOP('',(#573,#574,#575,#576,#577,#578,#579,#580,#581));
#1575=EDGE_LOOP('',(#582,#583,#584,#585,#586,#587,#588,#589,#590,#591,#592,
#593,#594));
#1576=EDGE_LOOP('',(#595,#596,#597,#598,#599,#600,#601,#602,#603));
#1577=EDGE_LOOP('',(#604,#605,#606,#607,#608,#609,#610,#611,#612,#613));
#1578=EDGE_LOOP('',(#614,#615,#616,#617));
#1579=EDGE_LOOP('',(#618,#619,#620,#621));
#1580=EDGE_LOOP('',(#622,#623,#624,#625));
#1581=EDGE_LOOP('',(#626,#627,#628,#629));
#1582=EDGE_LOOP('',(#630,#631,#632,#633));
#1583=EDGE_LOOP('',(#634,#635,#636,#637));
#1584=EDGE_LOOP('',(#638,#639,#640,#641,#642,#643,#644,#645,#646,#647));
#1585=EDGE_LOOP('',(#648,#649,#650,#651));
#1586=EDGE_LOOP('',(#652,#653,#654,#655));
#1587=EDGE_LOOP('',(#656,#657,#658,#659));
#1588=EDGE_LOOP('',(#660,#661,#662,#663));
#1589=EDGE_LOOP('',(#664,#665,#666,#667));
#1590=EDGE_LOOP('',(#668,#669,#670,#671));
#1591=EDGE_LOOP('',(#672,#673,#674,#675));
#1592=EDGE_LOOP('',(#676,#677,#678,#679,#680,#681));
#1593=EDGE_LOOP('',(#682,#683,#684,#685,#686));
#1594=EDGE_LOOP('',(#687,#688,#689,#690,#691));
#1595=EDGE_LOOP('',(#692,#693,#694,#695,#696,#697));
#1596=EDGE_LOOP('',(#698,#699,#700,#701,#702));
#1597=EDGE_LOOP('',(#703,#704,#705,#706,#707));
#1598=EDGE_LOOP('',(#708,#709,#710,#711));
#1599=EDGE_LOOP('',(#712,#713,#714,#715,#716));
#1600=EDGE_LOOP('',(#717,#718,#719,#720,#721));
#1601=EDGE_LOOP('',(#722,#723,#724,#725,#726));
#1602=EDGE_LOOP('',(#727,#728,#729,#730,#731));
#1603=EDGE_LOOP('',(#732,#733,#734,#735,#736,#737));
#1604=EDGE_LOOP('',(#738,#739,#740,#741,#742,#743));
#1605=EDGE_LOOP('',(#744,#745,#746,#747,#748));
#1606=EDGE_LOOP('',(#749,#750,#751,#752,#753));
#1607=EDGE_LOOP('',(#754,#755,#756,#757,#758));
#1608=EDGE_LOOP('',(#759,#760,#761,#762,#763));
#1609=EDGE_LOOP('',(#764,#765,#766,#767,#768,#769));
#1610=EDGE_LOOP('',(#770,#771,#772,#773,#774,#775));
#1611=EDGE_LOOP('',(#776,#777,#778,#779,#780));
#1612=EDGE_LOOP('',(#781,#782,#783,#784,#785));
#1613=EDGE_LOOP('',(#786,#787,#788,#789,#790));
#1614=EDGE_LOOP('',(#791,#792,#793,#794,#795));
#1615=EDGE_LOOP('',(#796,#797,#798,#799,#800));
#1616=EDGE_LOOP('',(#801,#802,#803,#804,#805));
#1617=EDGE_LOOP('',(#806,#807,#808,#809,#810));
#1618=EDGE_LOOP('',(#811,#812,#813,#814,#815));
#1619=EDGE_LOOP('',(#816,#817,#818,#819));
#1620=EDGE_LOOP('',(#820,#821,#822,#823));
#1621=EDGE_LOOP('',(#824,#825,#826,#827));
#1622=EDGE_LOOP('',(#828,#829,#830,#831));
#1623=EDGE_LOOP('',(#832,#833,#834,#835));
#1624=EDGE_LOOP('',(#836,#837,#838,#839));
#1625=EDGE_LOOP('',(#840,#841,#842,#843));
#1626=EDGE_LOOP('',(#844,#845,#846,#847));
#1627=EDGE_LOOP('',(#848,#849,#850,#851));
#1628=EDGE_LOOP('',(#852,#853,#854,#855));
#1629=EDGE_LOOP('',(#856,#857,#858,#859));
#1630=EDGE_LOOP('',(#860,#861,#862,#863));
#1631=EDGE_LOOP('',(#864,#865,#866,#867,#868));
#1632=EDGE_LOOP('',(#869,#870,#871,#872));
#1633=EDGE_LOOP('',(#873,#874,#875,#876));
#1634=EDGE_LOOP('',(#877,#878,#879,#880));
#1635=EDGE_LOOP('',(#881,#882,#883,#884,#885,#886));
#1636=EDGE_LOOP('',(#887,#888,#889,#890,#891,#892));
#1637=EDGE_LOOP('',(#893,#894,#895,#896));
#1638=EDGE_LOOP('',(#897,#898,#899,#900));
#1639=EDGE_LOOP('',(#901,#902,#903,#904));
#1640=EDGE_LOOP('',(#905,#906,#907,#908,#909,#910,#911,#912));
#1641=EDGE_LOOP('',(#913,#914,#915,#916));
#1642=EDGE_LOOP('',(#917,#918,#919,#920,#921));
#1643=EDGE_LOOP('',(#922,#923,#924,#925,#926,#927));
#1644=EDGE_LOOP('',(#928,#929,#930,#931));
#1645=EDGE_LOOP('',(#932,#933,#934,#935,#936));
#1646=EDGE_LOOP('',(#937,#938,#939,#940));
#1647=EDGE_LOOP('',(#941,#942,#943,#944));
#1648=EDGE_LOOP('',(#945,#946,#947,#948));
#1649=EDGE_LOOP('',(#949,#950,#951,#952));
#1650=EDGE_LOOP('',(#953,#954,#955,#956));
#1651=EDGE_LOOP('',(#957,#958,#959,#960));
#1652=EDGE_LOOP('',(#961,#962,#963,#964));
#1653=EDGE_LOOP('',(#965,#966,#967,#968));
#1654=EDGE_LOOP('',(#969,#970,#971,#972));
#1655=EDGE_LOOP('',(#973,#974,#975,#976));
#1656=EDGE_LOOP('',(#977,#978,#979,#980));
#1657=EDGE_LOOP('',(#981,#982,#983,#984));
#1658=EDGE_LOOP('',(#985,#986,#987,#988));
#1659=EDGE_LOOP('',(#989,#990,#991,#992));
#1660=EDGE_LOOP('',(#993,#994,#995,#996));
#1661=EDGE_LOOP('',(#997,#998,#999,#1000));
#1662=EDGE_LOOP('',(#1001,#1002,#1003,#1004));
#1663=EDGE_LOOP('',(#1005,#1006,#1007,#1008));
#1664=EDGE_LOOP('',(#1009,#1010,#1011,#1012));
#1665=FACE_BOUND('',#1557,.T.);
#1666=FACE_BOUND('',#1558,.T.);
#1667=FACE_BOUND('',#1559,.T.);
#1668=FACE_BOUND('',#1560,.T.);
#1669=FACE_BOUND('',#1561,.T.);
#1670=FACE_BOUND('',#1562,.T.);
#1671=FACE_BOUND('',#1563,.T.);
#1672=FACE_BOUND('',#1564,.T.);
#1673=FACE_BOUND('',#1565,.T.);
#1674=FACE_BOUND('',#1566,.T.);
#1675=FACE_BOUND('',#1567,.T.);
#1676=FACE_BOUND('',#1568,.T.);
#1677=FACE_BOUND('',#1569,.T.);
#1678=FACE_BOUND('',#1570,.T.);
#1679=FACE_BOUND('',#1571,.T.);
#1680=FACE_BOUND('',#1572,.T.);
#1681=FACE_BOUND('',#1573,.T.);
#1682=FACE_BOUND('',#1574,.T.);
#1683=FACE_BOUND('',#1575,.T.);
#1684=FACE_BOUND('',#1576,.T.);
#1685=FACE_BOUND('',#1577,.T.);
#1686=FACE_BOUND('',#1578,.T.);
#1687=FACE_BOUND('',#1579,.T.);
#1688=FACE_BOUND('',#1580,.T.);
#1689=FACE_BOUND('',#1581,.T.);
#1690=FACE_BOUND('',#1582,.T.);
#1691=FACE_BOUND('',#1583,.T.);
#1692=FACE_BOUND('',#1584,.T.);
#1693=FACE_BOUND('',#1585,.T.);
#1694=FACE_BOUND('',#1586,.T.);
#1695=FACE_BOUND('',#1587,.T.);
#1696=FACE_BOUND('',#1588,.T.);
#1697=FACE_BOUND('',#1589,.T.);
#1698=FACE_BOUND('',#1590,.T.);
#1699=FACE_BOUND('',#1591,.T.);
#1700=FACE_BOUND('',#1592,.T.);
#1701=FACE_BOUND('',#1593,.T.);
#1702=FACE_BOUND('',#1594,.T.);
#1703=FACE_BOUND('',#1595,.T.);
#1704=FACE_BOUND('',#1596,.T.);
#1705=FACE_BOUND('',#1597,.T.);
#1706=FACE_BOUND('',#1598,.T.);
#1707=FACE_BOUND('',#1599,.T.);
#1708=FACE_BOUND('',#1600,.T.);
#1709=FACE_BOUND('',#1601,.T.);
#1710=FACE_BOUND('',#1602,.T.);
#1711=FACE_BOUND('',#1603,.T.);
#1712=FACE_BOUND('',#1604,.T.);
#1713=FACE_BOUND('',#1605,.T.);
#1714=FACE_BOUND('',#1606,.T.);
#1715=FACE_BOUND('',#1607,.T.);
#1716=FACE_BOUND('',#1608,.T.);
#1717=FACE_BOUND('',#1609,.T.);
#1718=FACE_BOUND('',#1610,.T.);
#1719=FACE_BOUND('',#1611,.T.);
#1720=FACE_BOUND('',#1612,.T.);
#1721=FACE_BOUND('',#1613,.T.);
#1722=FACE_BOUND('',#1614,.T.);
#1723=FACE_BOUND('',#1615,.T.);
#1724=FACE_BOUND('',#1616,.T.);
#1725=FACE_BOUND('',#1617,.T.);
#1726=FACE_BOUND('',#1618,.T.);
#1727=FACE_BOUND('',#1619,.T.);
#1728=FACE_BOUND('',#1620,.T.);
#1729=FACE_BOUND('',#1621,.T.);
#1730=FACE_BOUND('',#1622,.T.);
#1731=FACE_BOUND('',#1623,.T.);
#1732=FACE_BOUND('',#1624,.T.);
#1733=FACE_BOUND('',#1625,.T.);
#1734=FACE_BOUND('',#1626,.T.);
#1735=FACE_BOUND('',#1627,.T.);
#1736=FACE_BOUND('',#1628,.T.);
#1737=FACE_BOUND('',#1629,.T.);
#1738=FACE_BOUND('',#1630,.T.);
#1739=FACE_BOUND('',#1631,.T.);
#1740=FACE_BOUND('',#1632,.T.);
#1741=FACE_BOUND('',#1633,.T.);
#1742=FACE_BOUND('',#1634,.T.);
#1743=FACE_BOUND('',#1635,.T.);
#1744=FACE_BOUND('',#1636,.T.);
#1745=FACE_BOUND('',#1637,.T.);
#1746=FACE_BOUND('',#1638,.T.);
#1747=FACE_BOUND('',#1639,.T.);
#1748=FACE_BOUND('',#1640,.T.);
#1749=FACE_BOUND('',#1641,.T.);
#1750=FACE_BOUND('',#1642,.T.);
#1751=FACE_BOUND('',#1643,.T.);
#1752=FACE_BOUND('',#1644,.T.);
#1753=FACE_BOUND('',#1645,.T.);
#1754=FACE_BOUND('',#1646,.T.);
#1755=FACE_BOUND('',#1647,.T.);
#1756=FACE_BOUND('',#1648,.T.);
#1757=FACE_BOUND('',#1649,.T.);
#1758=FACE_BOUND('',#1650,.T.);
#1759=FACE_BOUND('',#1651,.T.);
#1760=FACE_BOUND('',#1652,.T.);
#1761=FACE_BOUND('',#1653,.T.);
#1762=FACE_BOUND('',#1654,.T.);
#1763=FACE_BOUND('',#1655,.T.);
#1764=FACE_BOUND('',#1656,.T.);
#1765=FACE_BOUND('',#1657,.T.);
#1766=FACE_BOUND('',#1658,.T.);
#1767=FACE_BOUND('',#1659,.T.);
#1768=FACE_BOUND('',#1660,.T.);
#1769=FACE_BOUND('',#1661,.T.);
#1770=FACE_BOUND('',#1662,.T.);
#1771=FACE_BOUND('',#1663,.T.);
#1772=FACE_BOUND('',#1664,.T.);
#1773=CYLINDRICAL_SURFACE('',#1918,0.015);
#1774=CYLINDRICAL_SURFACE('',#1945,0.0225);
#1775=CYLINDRICAL_SURFACE('',#1949,0.0225);
#1776=CYLINDRICAL_SURFACE('',#1955,0.0225);
#1777=CYLINDRICAL_SURFACE('',#1962,0.005);
#1778=CYLINDRICAL_SURFACE('',#1969,0.005);
#1779=CYLINDRICAL_SURFACE('',#1989,0.015);
#1780=CYLINDRICAL_SURFACE('',#1992,0.015);
#1781=CYLINDRICAL_SURFACE('',#1995,0.005);
#1782=CYLINDRICAL_SURFACE('',#1998,0.002);
#1783=CYLINDRICAL_SURFACE('',#1999,0.002);
#1784=CYLINDRICAL_SURFACE('',#2039,0.001);
#1785=CYLINDRICAL_SURFACE('',#2041,0.001);
#1786=CYLINDRICAL_SURFACE('',#2047,0.001);
#1787=CYLINDRICAL_SURFACE('',#2049,0.001);
#1788=CYLINDRICAL_SURFACE('',#2055,0.001);
#1789=CYLINDRICAL_SURFACE('',#2057,0.001);
#1790=CYLINDRICAL_SURFACE('',#2062,0.001);
#1791=CYLINDRICAL_SURFACE('',#2064,0.001);
#1792=CYLINDRICAL_SURFACE('',#2083,0.00025);
#1793=CYLINDRICAL_SURFACE('',#2085,0.00025);
#1794=CYLINDRICAL_SURFACE('',#2088,0.0005);
#1795=CYLINDRICAL_SURFACE('',#2089,0.0005);
#1796=CYLINDRICAL_SURFACE('',#2090,0.0005);
#1797=CYLINDRICAL_SURFACE('',#2091,0.0005);
#1798=CYLINDRICAL_SURFACE('',#2092,0.0005);
#1799=CYLINDRICAL_SURFACE('',#2093,0.0005);
#1800=CYLINDRICAL_SURFACE('',#2094,0.0005);
#1801=CYLINDRICAL_SURFACE('',#2095,0.0005);
#1802=CYLINDRICAL_SURFACE('',#2096,0.0005);
#1803=CYLINDRICAL_SURFACE('',#2097,0.0005);
#1804=CYLINDRICAL_SURFACE('',#2098,0.0005);
#1805=CYLINDRICAL_SURFACE('',#2099,0.0005);
#1806=ADVANCED_FACE('',(#1665),#1773,.T.);
#1807=ADVANCED_FACE('',(#1666),#61,.F.);
#1808=ADVANCED_FACE('',(#1667),#52,.T.);
#1809=ADVANCED_FACE('',(#1668,#1669,#1670,#1671,#1672,#1673,#1674,#1675),
#62,.T.);
#1810=ADVANCED_FACE('',(#1676),#1774,.F.);
#1811=ADVANCED_FACE('',(#1677),#1775,.F.);
#1812=ADVANCED_FACE('',(#1678),#63,.T.);
#1813=ADVANCED_FACE('',(#1679),#1776,.F.);
#1814=ADVANCED_FACE('',(#1680),#64,.T.);
#1815=ADVANCED_FACE('',(#1681),#1777,.T.);
#1816=ADVANCED_FACE('',(#1682),#65,.T.);
#1817=ADVANCED_FACE('',(#1683),#1778,.T.);
#1818=ADVANCED_FACE('',(#1684),#66,.T.);
#1819=ADVANCED_FACE('',(#1685,#1686),#67,.T.);
#1820=ADVANCED_FACE('',(#1687,#1688),#68,.F.);
#1821=ADVANCED_FACE('',(#1689),#69,.T.);
#1822=ADVANCED_FACE('',(#1690),#70,.T.);
#1823=ADVANCED_FACE('',(#1691),#71,.F.);
#1824=ADVANCED_FACE('',(#1692),#72,.T.);
#1825=ADVANCED_FACE('',(#1693),#73,.T.);
#1826=ADVANCED_FACE('',(#1694),#74,.T.);
#1827=ADVANCED_FACE('',(#1695),#1779,.T.);
#1828=ADVANCED_FACE('',(#1696),#1780,.T.);
#1829=ADVANCED_FACE('',(#1697),#1781,.T.);
#1830=ADVANCED_FACE('',(#1698),#1782,.T.);
#1831=ADVANCED_FACE('',(#1699),#1783,.T.);
#1832=ADVANCED_FACE('',(#1700),#75,.F.);
#1833=ADVANCED_FACE('',(#1701),#76,.F.);
#1834=ADVANCED_FACE('',(#1702),#77,.T.);
#1835=ADVANCED_FACE('',(#1703),#78,.F.);
#1836=ADVANCED_FACE('',(#1704),#79,.F.);
#1837=ADVANCED_FACE('',(#1705),#80,.F.);
#1838=ADVANCED_FACE('',(#1706),#81,.F.);
#1839=ADVANCED_FACE('',(#1707),#82,.T.);
#1840=ADVANCED_FACE('',(#1708),#83,.T.);
#1841=ADVANCED_FACE('',(#1709),#84,.F.);
#1842=ADVANCED_FACE('',(#1710),#85,.F.);
#1843=ADVANCED_FACE('',(#1711),#86,.F.);
#1844=ADVANCED_FACE('',(#1712),#87,.F.);
#1845=ADVANCED_FACE('',(#1713),#88,.F.);
#1846=ADVANCED_FACE('',(#1714),#89,.T.);
#1847=ADVANCED_FACE('',(#1715),#90,.F.);
#1848=ADVANCED_FACE('',(#1716),#91,.F.);
#1849=ADVANCED_FACE('',(#1717),#15,.T.);
#1850=ADVANCED_FACE('',(#1718),#16,.T.);
#1851=ADVANCED_FACE('',(#1719),#92,.F.);
#1852=ADVANCED_FACE('',(#1720),#17,.T.);
#1853=ADVANCED_FACE('',(#1721),#93,.F.);
#1854=ADVANCED_FACE('',(#1722),#18,.T.);
#1855=ADVANCED_FACE('',(#1723),#94,.F.);
#1856=ADVANCED_FACE('',(#1724),#19,.F.);
#1857=ADVANCED_FACE('',(#1725),#95,.F.);
#1858=ADVANCED_FACE('',(#1726),#20,.F.);
#1859=ADVANCED_FACE('',(#1727),#53,.T.);
#1860=ADVANCED_FACE('',(#1728),#1784,.T.);
#1861=ADVANCED_FACE('',(#1729),#1785,.T.);
#1862=ADVANCED_FACE('',(#1730),#54,.T.);
#1863=ADVANCED_FACE('',(#1731),#55,.T.);
#1864=ADVANCED_FACE('',(#1732),#1786,.T.);
#1865=ADVANCED_FACE('',(#1733),#1787,.T.);
#1866=ADVANCED_FACE('',(#1734),#56,.T.);
#1867=ADVANCED_FACE('',(#1735),#57,.T.);
#1868=ADVANCED_FACE('',(#1736),#1788,.T.);
#1869=ADVANCED_FACE('',(#1737),#1789,.T.);
#1870=ADVANCED_FACE('',(#1738),#58,.T.);
#1871=ADVANCED_FACE('',(#1739),#59,.T.);
#1872=ADVANCED_FACE('',(#1740),#1790,.T.);
#1873=ADVANCED_FACE('',(#1741),#1791,.T.);
#1874=ADVANCED_FACE('',(#1742),#60,.T.);
#1875=ADVANCED_FACE('',(#1743),#96,.F.);
#1876=ADVANCED_FACE('',(#1744),#97,.F.);
#1877=ADVANCED_FACE('',(#1745),#98,.T.);
#1878=ADVANCED_FACE('',(#1746),#99,.T.);
#1879=ADVANCED_FACE('',(#1747),#100,.T.);
#1880=ADVANCED_FACE('',(#1748),#101,.F.);
#1881=ADVANCED_FACE('',(#1749),#102,.T.);
#1882=ADVANCED_FACE('',(#1750),#103,.T.);
#1883=ADVANCED_FACE('',(#1751),#104,.T.);
#1884=ADVANCED_FACE('',(#1752),#105,.T.);
#1885=ADVANCED_FACE('',(#1753),#106,.F.);
#1886=ADVANCED_FACE('',(#1754),#107,.T.);
#1887=ADVANCED_FACE('',(#1755),#108,.T.);
#1888=ADVANCED_FACE('',(#1756),#1792,.T.);
#1889=ADVANCED_FACE('',(#1757),#12,.T.);
#1890=ADVANCED_FACE('',(#1758),#1793,.T.);
#1891=ADVANCED_FACE('',(#1759),#13,.T.);
#1892=ADVANCED_FACE('',(#1760),#14,.T.);
#1893=ADVANCED_FACE('',(#1761),#1794,.T.);
#1894=ADVANCED_FACE('',(#1762),#1795,.T.);
#1895=ADVANCED_FACE('',(#1763),#1796,.T.);
#1896=ADVANCED_FACE('',(#1764),#1797,.T.);
#1897=ADVANCED_FACE('',(#1765),#1798,.T.);
#1898=ADVANCED_FACE('',(#1766),#1799,.T.);
#1899=ADVANCED_FACE('',(#1767),#1800,.T.);
#1900=ADVANCED_FACE('',(#1768),#1801,.T.);
#1901=ADVANCED_FACE('',(#1769),#1802,.T.);
#1902=ADVANCED_FACE('',(#1770),#1803,.T.);
#1903=ADVANCED_FACE('',(#1771),#1804,.T.);
#1904=ADVANCED_FACE('',(#1772),#1805,.T.);
#1905=CLOSED_SHELL('',(#1806,#1807,#1808,#1809,#1810,#1811,#1812,#1813,
#1814,#1815,#1816,#1817,#1818,#1819,#1820,#1821,#1822,#1823,#1824,#1825,
#1826,#1827,#1828,#1829,#1830,#1831,#1832,#1833,#1834,#1835,#1836,#1837,
#1838,#1839,#1840,#1841,#1842,#1843,#1844,#1845,#1846,#1847,#1848,#1849,
#1850,#1851,#1852,#1853,#1854,#1855,#1856,#1857,#1858,#1859,#1860,#1861,
#1862,#1863,#1864,#1865,#1866,#1867,#1868,#1869,#1870,#1871,#1872,#1873,
#1874,#1875,#1876,#1877,#1878,#1879,#1880,#1881,#1882,#1883,#1884,#1885,
#1886,#1887,#1888,#1889,#1890,#1891,#1892,#1893,#1894,#1895,#1896,#1897,
#1898,#1899,#1900,#1901,#1902,#1903,#1904));
#1906=STYLED_ITEM('',(#1907),#1914);
#1907=PRESENTATION_STYLE_ASSIGNMENT((#1908));
#1908=SURFACE_STYLE_USAGE(.BOTH.,#1909);
#1909=SURFACE_SIDE_STYLE('',(#1910));
#1910=SURFACE_STYLE_FILL_AREA(#1911);
#1911=FILL_AREA_STYLE('',(#1912));
#1912=FILL_AREA_STYLE_COLOUR('',#1913);
#1913=COLOUR_RGB('',0.647058823529412,0.647058823529412,0.647058823529412);
#1914=MANIFOLD_SOLID_BREP('Large Reel',#1905);
#1915=SHAPE_DEFINITION_REPRESENTATION(#3390,#1916);
#1916=SHAPE_REPRESENTATION('Large Reel',(#1917),#3385);
#1917=AXIS2_PLACEMENT_3D('',#2632,#2100,#2101);
#1918=AXIS2_PLACEMENT_3D('',#2633,#2102,#2103);
#1919=AXIS2_PLACEMENT_3D('',#2634,#2104,#2105);
#1920=AXIS2_PLACEMENT_3D('',#2639,#2107,#2108);
#1921=AXIS2_PLACEMENT_3D('',#2643,#2110,#2111);
#1922=AXIS2_PLACEMENT_3D('',#2645,#2112,#2113);
#1923=AXIS2_PLACEMENT_3D('',#2649,#2115,#2116);
#1924=AXIS2_PLACEMENT_3D('',#2652,#2118,#2119);
#1925=AXIS2_PLACEMENT_3D('',#2658,#2122,#2123);
#1926=AXIS2_PLACEMENT_3D('',#2662,#2125,#2126);
#1927=AXIS2_PLACEMENT_3D('',#2666,#2128,#2129);
#1928=AXIS2_PLACEMENT_3D('',#2670,#2131,#2132);
#1929=AXIS2_PLACEMENT_3D('',#2674,#2134,#2135);
#1930=AXIS2_PLACEMENT_3D('',#2677,#2137,#2138);
#1931=AXIS2_PLACEMENT_3D('',#2683,#2139,#2140);
#1932=AXIS2_PLACEMENT_3D('',#2684,#2141,#2142);
#1933=AXIS2_PLACEMENT_3D('',#2688,#2144,#2145);
#1934=AXIS2_PLACEMENT_3D('',#2692,#2147,#2148);
#1935=AXIS2_PLACEMENT_3D('',#2696,#2150,#2151);
#1936=AXIS2_PLACEMENT_3D('',#2700,#2153,#2154);
#1937=AXIS2_PLACEMENT_3D('',#2701,#2155,#2156);
#1938=AXIS2_PLACEMENT_3D('',#2706,#2158,#2159);
#1939=AXIS2_PLACEMENT_3D('',#2709,#2161,#2162);
#1940=AXIS2_PLACEMENT_3D('',#2714,#2164,#2165);
#1941=AXIS2_PLACEMENT_3D('',#2733,#2175,#2176);
#1942=AXIS2_PLACEMENT_3D('',#2738,#2178,#2179);
#1943=AXIS2_PLACEMENT_3D('',#2741,#2181,#2182);
#1944=AXIS2_PLACEMENT_3D('',#2746,#2184,#2185);
#1945=AXIS2_PLACEMENT_3D('',#2757,#2191,#2192);
#1946=AXIS2_PLACEMENT_3D('',#2761,#2194,#2195);
#1947=AXIS2_PLACEMENT_3D('',#2771,#2198,#2199);
#1948=AXIS2_PLACEMENT_3D('',#2775,#2201,#2202);
#1949=AXIS2_PLACEMENT_3D('',#2776,#2203,#2204);
#1950=AXIS2_PLACEMENT_3D('',#2784,#2206,#2207);
#1951=AXIS2_PLACEMENT_3D('',#2788,#2209,#2210);
#1952=AXIS2_PLACEMENT_3D('',#2792,#2212,#2213);
#1953=AXIS2_PLACEMENT_3D('',#2800,#2215,#2216);
#1954=AXIS2_PLACEMENT_3D('',#2810,#2222,#2223);
#1955=AXIS2_PLACEMENT_3D('',#2813,#2225,#2226);
#1956=AXIS2_PLACEMENT_3D('',#2814,#2227,#2228);
#1957=AXIS2_PLACEMENT_3D('',#2824,#2231,#2232);
#1958=AXIS2_PLACEMENT_3D('',#2839,#2235,#2236);
#1959=AXIS2_PLACEMENT_3D('',#2843,#2238,#2239);
#1960=AXIS2_PLACEMENT_3D('',#2844,#2240,#2241);
#1961=AXIS2_PLACEMENT_3D('',#2851,#2246,#2247);
#1962=AXIS2_PLACEMENT_3D('',#2854,#2249,#2250);
#1963=AXIS2_PLACEMENT_3D('',#2857,#2252,#2253);
#1964=AXIS2_PLACEMENT_3D('',#2867,#2256,#2257);
#1965=AXIS2_PLACEMENT_3D('',#2871,#2259,#2260);
#1966=AXIS2_PLACEMENT_3D('',#2875,#2262,#2263);
#1967=AXIS2_PLACEMENT_3D('',#2878,#2265,#2266);
#1968=AXIS2_PLACEMENT_3D('',#2888,#2272,#2273);
#1969=AXIS2_PLACEMENT_3D('',#2891,#2275,#2276);
#1970=AXIS2_PLACEMENT_3D('',#2894,#2278,#2279);
#1971=AXIS2_PLACEMENT_3D('',#2904,#2282,#2283);
#1972=AXIS2_PLACEMENT_3D('',#2905,#2284,#2285);
#1973=AXIS2_PLACEMENT_3D('',#2909,#2287,#2288);
#1974=AXIS2_PLACEMENT_3D('',#2912,#2290,#2291);
#1975=AXIS2_PLACEMENT_3D('',#2919,#2296,#2297);
#1976=AXIS2_PLACEMENT_3D('',#2922,#2299,#2300);
#1977=AXIS2_PLACEMENT_3D('',#2925,#2302,#2303);
#1978=AXIS2_PLACEMENT_3D('',#2929,#2305,#2306);
#1979=AXIS2_PLACEMENT_3D('',#2932,#2308,#2309);
#1980=AXIS2_PLACEMENT_3D('',#2943,#2316,#2317);
#1981=AXIS2_PLACEMENT_3D('',#2952,#2322,#2323);
#1982=AXIS2_PLACEMENT_3D('',#2961,#2328,#2329);
#1983=AXIS2_PLACEMENT_3D('',#2967,#2333,#2334);
#1984=AXIS2_PLACEMENT_3D('',#2968,#2335,#2336);
#1985=AXIS2_PLACEMENT_3D('',#2974,#2339,#2340);
#1986=AXIS2_PLACEMENT_3D('',#2975,#2341,#2342);
#1987=AXIS2_PLACEMENT_3D('',#2979,#2345,#2346);
#1988=AXIS2_PLACEMENT_3D('',#2981,#2348,#2349);
#1989=AXIS2_PLACEMENT_3D('',#2983,#2351,#2352);
#1990=AXIS2_PLACEMENT_3D('',#2984,#2353,#2354);
#1991=AXIS2_PLACEMENT_3D('',#2985,#2355,#2356);
#1992=AXIS2_PLACEMENT_3D('',#2986,#2357,#2358);
#1993=AXIS2_PLACEMENT_3D('',#2987,#2359,#2360);
#1994=AXIS2_PLACEMENT_3D('',#2988,#2361,#2362);
#1995=AXIS2_PLACEMENT_3D('',#2989,#2363,#2364);
#1996=AXIS2_PLACEMENT_3D('',#2990,#2365,#2366);
#1997=AXIS2_PLACEMENT_3D('',#2991,#2367,#2368);
#1998=AXIS2_PLACEMENT_3D('',#2992,#2369,#2370);
#1999=AXIS2_PLACEMENT_3D('',#2993,#2371,#2372);
#2000=AXIS2_PLACEMENT_3D('',#2994,#2373,#2374);
#2001=AXIS2_PLACEMENT_3D('',#3001,#2378,#2379);
#2002=AXIS2_PLACEMENT_3D('',#3002,#2380,#2381);
#2003=AXIS2_PLACEMENT_3D('',#3006,#2384,#2385);
#2004=AXIS2_PLACEMENT_3D('',#3013,#2387,#2388);
#2005=AXIS2_PLACEMENT_3D('',#3020,#2392,#2393);
#2006=AXIS2_PLACEMENT_3D('',#3021,#2394,#2395);
#2007=AXIS2_PLACEMENT_3D('',#3025,#2398,#2399);
#2008=AXIS2_PLACEMENT_3D('',#3032,#2401,#2402);
#2009=AXIS2_PLACEMENT_3D('',#3033,#2403,#2404);
#2010=AXIS2_PLACEMENT_3D('',#3038,#2407,#2408);
#2011=AXIS2_PLACEMENT_3D('',#3045,#2410,#2411);
#2012=AXIS2_PLACEMENT_3D('',#3052,#2413,#2414);
#2013=AXIS2_PLACEMENT_3D('',#3056,#2417,#2418);
#2014=AXIS2_PLACEMENT_3D('',#3063,#2420,#2421);
#2015=AXIS2_PLACEMENT_3D('',#3066,#2423,#2424);
#2016=AXIS2_PLACEMENT_3D('',#3071,#2427,#2428);
#2017=AXIS2_PLACEMENT_3D('',#3078,#2432,#2433);
#2018=AXIS2_PLACEMENT_3D('',#3079,#2434,#2435);
#2019=AXIS2_PLACEMENT_3D('',#3083,#2438,#2439);
#2020=AXIS2_PLACEMENT_3D('',#3090,#2441,#2442);
#2021=AXIS2_PLACEMENT_3D('',#3097,#2444,#2445);
#2022=AXIS2_PLACEMENT_3D('',#3104,#2447,#2448);
#2023=AXIS2_PLACEMENT_3D('',#3115,#2449,#2450);
#2024=AXIS2_PLACEMENT_3D('',#3126,#2451,#2452);
#2025=AXIS2_PLACEMENT_3D('',#3127,#2453,#2454);
#2026=AXIS2_PLACEMENT_3D('',#3129,#2456,#2457);
#2027=AXIS2_PLACEMENT_3D('',#3135,#2458,#2459);
#2028=AXIS2_PLACEMENT_3D('',#3136,#2460,#2461);
#2029=AXIS2_PLACEMENT_3D('',#3138,#2463,#2464);
#2030=AXIS2_PLACEMENT_3D('',#3144,#2465,#2466);
#2031=AXIS2_PLACEMENT_3D('',#3145,#2467,#2468);
#2032=AXIS2_PLACEMENT_3D('',#3147,#2470,#2471);
#2033=AXIS2_PLACEMENT_3D('',#3153,#2472,#2473);
#2034=AXIS2_PLACEMENT_3D('',#3154,#2474,#2475);
#2035=AXIS2_PLACEMENT_3D('',#3156,#2477,#2478);
#2036=AXIS2_PLACEMENT_3D('',#3162,#2479,#2480);
#2037=AXIS2_PLACEMENT_3D('',#3163,#2481,#2482);
#2038=AXIS2_PLACEMENT_3D('',#3164,#2483,#2484);
#2039=AXIS2_PLACEMENT_3D('',#3165,#2485,#2486);
#2040=AXIS2_PLACEMENT_3D('',#3166,#2487,#2488);
#2041=AXIS2_PLACEMENT_3D('',#3167,#2489,#2490);
#2042=AXIS2_PLACEMENT_3D('',#3168,#2491,#2492);
#2043=AXIS2_PLACEMENT_3D('',#3169,#2493,#2494);
#2044=AXIS2_PLACEMENT_3D('',#3170,#2495,#2496);
#2045=AXIS2_PLACEMENT_3D('',#3171,#2497,#2498);
#2046=AXIS2_PLACEMENT_3D('',#3172,#2499,#2500);
#2047=AXIS2_PLACEMENT_3D('',#3173,#2501,#2502);
#2048=AXIS2_PLACEMENT_3D('',#3174,#2503,#2504);
#2049=AXIS2_PLACEMENT_3D('',#3175,#2505,#2506);
#2050=AXIS2_PLACEMENT_3D('',#3176,#2507,#2508);
#2051=AXIS2_PLACEMENT_3D('',#3177,#2509,#2510);
#2052=AXIS2_PLACEMENT_3D('',#3178,#2511,#2512);
#2053=AXIS2_PLACEMENT_3D('',#3179,#2513,#2514);
#2054=AXIS2_PLACEMENT_3D('',#3180,#2515,#2516);
#2055=AXIS2_PLACEMENT_3D('',#3181,#2517,#2518);
#2056=AXIS2_PLACEMENT_3D('',#3182,#2519,#2520);
#2057=AXIS2_PLACEMENT_3D('',#3183,#2521,#2522);
#2058=AXIS2_PLACEMENT_3D('',#3184,#2523,#2524);
#2059=AXIS2_PLACEMENT_3D('',#3185,#2525,#2526);
#2060=AXIS2_PLACEMENT_3D('',#3186,#2527,#2528);
#2061=AXIS2_PLACEMENT_3D('',#3187,#2529,#2530);
#2062=AXIS2_PLACEMENT_3D('',#3200,#2531,#2532);
#2063=AXIS2_PLACEMENT_3D('',#3201,#2533,#2534);
#2064=AXIS2_PLACEMENT_3D('',#3202,#2535,#2536);
#2065=AXIS2_PLACEMENT_3D('',#3203,#2537,#2538);
#2066=AXIS2_PLACEMENT_3D('',#3204,#2539,#2540);
#2067=AXIS2_PLACEMENT_3D('',#3205,#2541,#2542);
#2068=AXIS2_PLACEMENT_3D('',#3215,#2548,#2549);
#2069=AXIS2_PLACEMENT_3D('',#3225,#2555,#2556);
#2070=AXIS2_PLACEMENT_3D('',#3228,#2559,#2560);
#2071=AXIS2_PLACEMENT_3D('',#3231,#2563,#2564);
#2072=AXIS2_PLACEMENT_3D('',#3232,#2565,#2566);
#2073=AXIS2_PLACEMENT_3D('',#3233,#2567,#2568);
#2074=AXIS2_PLACEMENT_3D('',#3245,#2574,#2575);
#2075=AXIS2_PLACEMENT_3D('',#3246,#2576,#2577);
#2076=AXIS2_PLACEMENT_3D('',#3249,#2580,#2581);
#2077=AXIS2_PLACEMENT_3D('',#3256,#2583,#2584);
#2078=AXIS2_PLACEMENT_3D('',#3265,#2586,#2587);
#2079=AXIS2_PLACEMENT_3D('',#3277,#2589,#2590);
#2080=AXIS2_PLACEMENT_3D('',#3285,#2591,#2592);
#2081=AXIS2_PLACEMENT_3D('',#3287,#2594,#2595);
#2082=AXIS2_PLACEMENT_3D('',#3288,#2596,#2597);
#2083=AXIS2_PLACEMENT_3D('',#3289,#2598,#2599);
#2084=AXIS2_PLACEMENT_3D('',#3290,#2600,#2601);
#2085=AXIS2_PLACEMENT_3D('',#3339,#2602,#2603);
#2086=AXIS2_PLACEMENT_3D('',#3340,#2604,#2605);
#2087=AXIS2_PLACEMENT_3D('',#3359,#2606,#2607);
#2088=AXIS2_PLACEMENT_3D('',#3372,#2608,#2609);
#2089=AXIS2_PLACEMENT_3D('',#3373,#2610,#2611);
#2090=AXIS2_PLACEMENT_3D('',#3374,#2612,#2613);
#2091=AXIS2_PLACEMENT_3D('',#3375,#2614,#2615);
#2092=AXIS2_PLACEMENT_3D('',#3376,#2616,#2617);
#2093=AXIS2_PLACEMENT_3D('',#3377,#2618,#2619);
#2094=AXIS2_PLACEMENT_3D('',#3378,#2620,#2621);
#2095=AXIS2_PLACEMENT_3D('',#3379,#2622,#2623);
#2096=AXIS2_PLACEMENT_3D('',#3380,#2624,#2625);
#2097=AXIS2_PLACEMENT_3D('',#3381,#2626,#2627);
#2098=AXIS2_PLACEMENT_3D('',#3382,#2628,#2629);
#2099=AXIS2_PLACEMENT_3D('',#3383,#2630,#2631);
#2100=DIRECTION('',(0.,0.,1.));
#2101=DIRECTION('',(1.,0.,0.));
#2102=DIRECTION('',(1.,0.,0.));
#2103=DIRECTION('',(0.,0.,-1.));
#2104=DIRECTION('',(-1.,0.,0.));
#2105=DIRECTION('',(0.,0.,1.));
#2106=DIRECTION('',(1.,0.,0.));
#2107=DIRECTION('',(1.,0.,0.));
#2108=DIRECTION('',(0.,0.,-1.));
#2109=DIRECTION('',(1.,0.,0.));
#2110=DIRECTION('',(-0.713023679810584,0.,-0.70113995181374));
#2111=DIRECTION('',(0.70113995181374,0.,-0.713023679810584));
#2112=DIRECTION('',(-1.,0.,0.));
#2113=DIRECTION('',(0.,0.,1.));
#2114=DIRECTION('',(1.,0.,0.));
#2115=DIRECTION('',(-1.,0.,0.));
#2116=DIRECTION('',(0.,0.,1.));
#2117=DIRECTION('',(1.,0.,0.));
#2118=DIRECTION('',(-1.,0.,0.));
#2119=DIRECTION('',(0.,0.,1.));
#2120=DIRECTION('',(0.,0.,1.));
#2121=DIRECTION('',(0.,-1.,0.));
#2122=DIRECTION('',(-1.,0.,0.));
#2123=DIRECTION('',(0.,0.,1.));
#2124=DIRECTION('',(0.,1.,0.));
#2125=DIRECTION('',(-1.,0.,0.));
#2126=DIRECTION('',(0.,0.,1.));
#2127=DIRECTION('',(0.,0.,-1.));
#2128=DIRECTION('',(-1.,0.,0.));
#2129=DIRECTION('',(0.,0.,1.));
#2130=DIRECTION('',(0.,1.,0.));
#2131=DIRECTION('',(-1.,0.,0.));
#2132=DIRECTION('',(0.,0.,1.));
#2133=DIRECTION('',(0.,0.,-1.));
#2134=DIRECTION('',(-1.,0.,0.));
#2135=DIRECTION('',(0.,0.,1.));
#2136=DIRECTION('',(0.,-1.,0.));
#2137=DIRECTION('',(-1.,0.,0.));
#2138=DIRECTION('',(0.,0.,1.));
#2139=DIRECTION('',(0.,0.,1.));
#2140=DIRECTION('',(1.,0.,0.));
#2141=DIRECTION('',(-1.,0.,0.));
#2142=DIRECTION('',(0.,0.,1.));
#2143=DIRECTION('',(0.,0.,-1.));
#2144=DIRECTION('',(-1.,0.,0.));
#2145=DIRECTION('',(0.,0.,1.));
#2146=DIRECTION('',(0.,1.,0.));
#2147=DIRECTION('',(-1.,0.,0.));
#2148=DIRECTION('',(0.,0.,1.));
#2149=DIRECTION('',(0.,0.,-1.));
#2150=DIRECTION('',(-1.,0.,0.));
#2151=DIRECTION('',(0.,0.,1.));
#2152=DIRECTION('',(0.,1.,0.));
#2153=DIRECTION('',(-1.,0.,0.));
#2154=DIRECTION('',(0.,0.,1.));
#2155=DIRECTION('',(-1.,0.,0.));
#2156=DIRECTION('',(0.,0.,1.));
#2157=DIRECTION('',(0.,-1.,0.));
#2158=DIRECTION('',(-1.,0.,0.));
#2159=DIRECTION('',(0.,0.,1.));
#2160=DIRECTION('',(0.,0.,-1.));
#2161=DIRECTION('',(-1.,0.,0.));
#2162=DIRECTION('',(0.,0.,1.));
#2163=DIRECTION('',(0.,0.,1.));
#2164=DIRECTION('',(-1.,0.,0.));
#2165=DIRECTION('',(0.,0.,1.));
#2166=DIRECTION('',(0.,1.,0.));
#2167=DIRECTION('',(0.,0.,1.));
#2168=DIRECTION('',(0.,1.,0.));
#2169=DIRECTION('',(0.,0.,1.));
#2170=DIRECTION('',(0.,-1.,0.));
#2171=DIRECTION('',(0.,1.,0.));
#2172=DIRECTION('',(0.,-1.19262238973405E-16,-1.));
#2173=DIRECTION('',(0.,-1.,0.));
#2174=DIRECTION('',(0.,0.,-1.));
#2175=DIRECTION('',(-1.,0.,0.));
#2176=DIRECTION('',(0.,0.,1.));
#2177=DIRECTION('',(0.,1.,0.));
#2178=DIRECTION('',(-1.,0.,0.));
#2179=DIRECTION('',(0.,0.,1.));
#2180=DIRECTION('',(0.,0.,-1.));
#2181=DIRECTION('',(-1.,0.,0.));
#2182=DIRECTION('',(0.,0.,1.));
#2183=DIRECTION('',(0.,0.,1.));
#2184=DIRECTION('',(-1.,0.,0.));
#2185=DIRECTION('',(0.,0.,1.));
#2186=DIRECTION('',(0.,-1.,0.));
#2187=DIRECTION('',(0.,0.,1.));
#2188=DIRECTION('',(0.,-1.,0.));
#2189=DIRECTION('',(0.,0.,-1.));
#2190=DIRECTION('',(0.,1.,0.));
#2191=DIRECTION('',(-1.,0.,0.));
#2192=DIRECTION('',(0.,0.,1.));
#2193=DIRECTION('',(-1.,0.,0.));
#2194=DIRECTION('',(-1.,0.,0.));
#2195=DIRECTION('',(0.,0.,1.));
#2196=DIRECTION('',(-1.,0.,0.));
#2197=DIRECTION('',(-1.,0.,0.));
#2198=DIRECTION('',(1.,0.,0.));
#2199=DIRECTION('',(0.,0.,-1.));
#2200=DIRECTION('',(-1.,0.,0.));
#2201=DIRECTION('',(-1.,0.,0.));
#2202=DIRECTION('',(0.,0.,1.));
#2203=DIRECTION('',(-1.,0.,0.));
#2204=DIRECTION('',(0.,0.,1.));
#2205=DIRECTION('',(-1.,0.,0.));
#2206=DIRECTION('',(-1.,0.,0.));
#2207=DIRECTION('',(0.,0.,1.));
#2208=DIRECTION('',(-1.,0.,0.));
#2209=DIRECTION('',(-1.,0.,0.));
#2210=DIRECTION('',(0.,0.,1.));
#2211=DIRECTION('',(1.,0.,0.));
#2212=DIRECTION('',(-1.,0.,0.));
#2213=DIRECTION('',(0.,0.,1.));
#2214=DIRECTION('',(-1.,0.,0.));
#2215=DIRECTION('',(0.,-1.,0.));
#2216=DIRECTION('',(0.,0.,-1.));
#2217=DIRECTION('',(1.,0.,0.));
#2218=DIRECTION('',(0.,0.,-1.));
#2219=DIRECTION('',(-1.,0.,0.));
#2220=DIRECTION('',(0.,0.,1.));
#2221=DIRECTION('',(0.,0.,-1.));
#2222=DIRECTION('',(0.,-1.,0.));
#2223=DIRECTION('',(0.,0.,-1.));
#2224=DIRECTION('',(-1.,0.,0.));
#2225=DIRECTION('',(-1.,0.,0.));
#2226=DIRECTION('',(0.,0.,1.));
#2227=DIRECTION('',(-1.,0.,0.));
#2228=DIRECTION('',(0.,0.,1.));
#2229=DIRECTION('',(-1.,0.,0.));
#2230=DIRECTION('',(-1.,0.,0.));
#2231=DIRECTION('',(-1.,0.,0.));
#2232=DIRECTION('',(0.,0.,1.));
#2233=DIRECTION('',(-1.,0.,0.));
#2234=DIRECTION('',(-1.,0.,0.));
#2235=DIRECTION('',(-1.,0.,0.));
#2236=DIRECTION('',(0.,0.,1.));
#2237=DIRECTION('',(-1.,0.,0.));
#2238=DIRECTION('',(-1.,0.,0.));
#2239=DIRECTION('',(0.,0.,1.));
#2240=DIRECTION('',(0.,1.,-1.19262238973405E-16));
#2241=DIRECTION('',(0.,1.19262238973405E-16,1.));
#2242=DIRECTION('',(1.,0.,0.));
#2243=DIRECTION('',(0.,1.19262238973405E-16,1.));
#2244=DIRECTION('',(0.,-1.19262238973405E-16,-1.));
#2245=DIRECTION('',(0.,1.19262238973405E-16,1.));
#2246=DIRECTION('',(0.,1.,-1.19262238973405E-16));
#2247=DIRECTION('',(0.,1.19262238973405E-16,1.));
#2248=DIRECTION('',(-1.,0.,0.));
#2249=DIRECTION('',(1.,0.,0.));
#2250=DIRECTION('',(0.,0.,-1.));
#2251=DIRECTION('',(1.,0.,0.));
#2252=DIRECTION('',(1.,0.,0.));
#2253=DIRECTION('',(0.,0.,-1.));
#2254=DIRECTION('',(1.,0.,0.));
#2255=DIRECTION('',(1.,0.,0.));
#2256=DIRECTION('',(-1.,0.,0.));
#2257=DIRECTION('',(0.,0.,1.));
#2258=DIRECTION('',(1.,0.,0.));
#2259=DIRECTION('',(-1.,0.,0.));
#2260=DIRECTION('',(0.,0.,1.));
#2261=DIRECTION('',(1.,0.,0.));
#2262=DIRECTION('',(-1.,0.,0.));
#2263=DIRECTION('',(0.,0.,1.));
#2264=DIRECTION('',(1.,0.,0.));
#2265=DIRECTION('',(0.,1.,0.));
#2266=DIRECTION('',(0.,0.,1.));
#2267=DIRECTION('',(1.,0.,0.));
#2268=DIRECTION('',(0.,0.,1.));
#2269=DIRECTION('',(0.,0.,1.));
#2270=DIRECTION('',(1.,0.,0.));
#2271=DIRECTION('',(0.,0.,1.));
#2272=DIRECTION('',(0.,1.,0.));
#2273=DIRECTION('',(0.,0.,1.));
#2274=DIRECTION('',(-1.,0.,0.));
#2275=DIRECTION('',(1.,0.,0.));
#2276=DIRECTION('',(0.,0.,-1.));
#2277=DIRECTION('',(1.,0.,0.));
#2278=DIRECTION('',(-1.,0.,0.));
#2279=DIRECTION('',(0.,0.,1.));
#2280=DIRECTION('',(1.,0.,0.));
#2281=DIRECTION('',(1.,0.,0.));
#2282=DIRECTION('',(-1.,0.,0.));
#2283=DIRECTION('',(0.,0.,1.));
#2284=DIRECTION('',(-1.,0.,0.));
#2285=DIRECTION('',(0.,0.,1.));
#2286=DIRECTION('',(1.,0.,0.));
#2287=DIRECTION('',(-1.,0.,0.));
#2288=DIRECTION('',(0.,0.,1.));
#2289=DIRECTION('',(1.,0.,0.));
#2290=DIRECTION('',(0.,-1.,0.));
#2291=DIRECTION('',(0.,0.,-1.));
#2292=DIRECTION('',(1.,0.,0.));
#2293=DIRECTION('',(0.,0.,-1.));
#2294=DIRECTION('',(0.,0.,-1.));
#2295=DIRECTION('',(0.,0.,-1.));
#2296=DIRECTION('',(0.,-1.,0.));
#2297=DIRECTION('',(0.,0.,-1.));
#2298=DIRECTION('',(-1.,0.,0.));
#2299=DIRECTION('',(-1.,0.,0.));
#2300=DIRECTION('',(0.,-1.,0.));
#2301=DIRECTION('',(0.,-1.,0.));
#2302=DIRECTION('',(-1.,0.,0.));
#2303=DIRECTION('',(0.,0.,1.));
#2304=DIRECTION('',(0.,0.,-1.));
#2305=DIRECTION('',(-1.,0.,0.));
#2306=DIRECTION('',(0.,0.,1.));
#2307=DIRECTION('',(0.,-1.,0.));
#2308=DIRECTION('',(0.,1.,0.));
#2309=DIRECTION('',(0.,0.,1.));
#2310=DIRECTION('',(1.,0.,0.));
#2311=DIRECTION('',(0.,0.,-1.));
#2312=DIRECTION('',(0.,0.,-1.));
#2313=DIRECTION('',(1.,0.,0.));
#2314=DIRECTION('',(-1.,0.,0.));
#2315=DIRECTION('',(0.,0.,1.));
#2316=DIRECTION('',(0.,1.,0.));
#2317=DIRECTION('',(0.,0.,1.));
#2318=DIRECTION('',(1.,0.,0.));
#2319=DIRECTION('',(0.,0.,-1.));
#2320=DIRECTION('',(1.,0.,0.));
#2321=DIRECTION('',(0.,0.,-1.));
#2322=DIRECTION('',(0.,0.,1.));
#2323=DIRECTION('',(1.,0.,0.));
#2324=DIRECTION('',(1.,0.,0.));
#2325=DIRECTION('',(0.,1.,0.));
#2326=DIRECTION('',(1.,0.,0.));
#2327=DIRECTION('',(0.,1.,0.));
#2328=DIRECTION('',(0.,0.,1.));
#2329=DIRECTION('',(1.,0.,0.));
#2330=DIRECTION('',(0.,1.,0.));
#2331=DIRECTION('',(1.,0.,0.));
#2332=DIRECTION('',(0.,1.,0.));
#2333=DIRECTION('',(1.,0.,0.));
#2334=DIRECTION('',(0.,0.,-1.));
#2335=DIRECTION('',(1.,0.,0.));
#2336=DIRECTION('',(0.,0.,-1.));
#2337=DIRECTION('',(0.,0.,1.));
#2338=DIRECTION('',(0.,-1.,0.));
#2339=DIRECTION('',(1.,0.,0.));
#2340=DIRECTION('',(0.,0.,-1.));
#2341=DIRECTION('',(1.,0.,0.));
#2342=DIRECTION('',(0.,0.,-1.));
#2343=DIRECTION('',(0.,-1.,0.));
#2344=DIRECTION('',(0.,0.,-1.));
#2345=DIRECTION('',(0.,0.,1.));
#2346=DIRECTION('',(1.,0.,0.));
#2347=DIRECTION('',(-1.,0.,0.));
#2348=DIRECTION('',(0.,0.,-1.));
#2349=DIRECTION('',(-1.,0.,0.));
#2350=DIRECTION('',(1.,0.,0.));
#2351=DIRECTION('',(-1.,0.,0.));
#2352=DIRECTION('',(0.,0.,1.));
#2353=DIRECTION('',(-1.,0.,0.));
#2354=DIRECTION('',(0.,0.,1.));
#2355=DIRECTION('',(-1.,0.,0.));
#2356=DIRECTION('',(0.,0.,1.));
#2357=DIRECTION('',(1.,0.,0.));
#2358=DIRECTION('',(0.,0.,-1.));
#2359=DIRECTION('',(-1.,0.,0.));
#2360=DIRECTION('',(0.,0.,1.));
#2361=DIRECTION('',(-1.,0.,0.));
#2362=DIRECTION('',(0.,0.,1.));
#2363=DIRECTION('',(-1.,0.,0.));
#2364=DIRECTION('',(0.,0.,1.));
#2365=DIRECTION('',(-1.,0.,0.));
#2366=DIRECTION('',(0.,0.,1.));
#2367=DIRECTION('',(-1.,0.,0.));
#2368=DIRECTION('',(0.,0.,1.));
#2369=DIRECTION('',(-1.,0.,0.));
#2370=DIRECTION('',(0.,0.,1.));
#2371=DIRECTION('',(1.,0.,0.));
#2372=DIRECTION('',(0.,0.,-1.));
#2373=DIRECTION('',(-1.,0.,0.));
#2374=DIRECTION('',(0.,-1.,0.));
#2375=DIRECTION('',(0.,0.,1.));
#2376=DIRECTION('',(0.,-1.,0.));
#2377=DIRECTION('',(0.,-1.,0.));
#2378=DIRECTION('',(-1.,0.,0.));
#2379=DIRECTION('',(0.,0.,1.));
#2380=DIRECTION('',(0.,0.,-1.));
#2381=DIRECTION('',(-1.,0.,0.));
#2382=DIRECTION('',(0.,-1.,0.));
#2383=DIRECTION('',(0.707106781186548,0.707106781186548,0.));
#2384=DIRECTION('',(0.,0.,-1.));
#2385=DIRECTION('',(-1.,0.,0.));
#2386=DIRECTION('',(0.,-1.,0.));
#2387=DIRECTION('',(-1.,0.,0.));
#2388=DIRECTION('',(0.,-1.,0.));
#2389=DIRECTION('',(0.,-1.19262238973405E-16,-1.));
#2390=DIRECTION('',(0.,1.,0.));
#2391=DIRECTION('',(0.,-1.,0.));
#2392=DIRECTION('',(-1.,0.,0.));
#2393=DIRECTION('',(0.,0.,1.));
#2394=DIRECTION('',(0.,0.,1.));
#2395=DIRECTION('',(1.,0.,0.));
#2396=DIRECTION('',(0.,1.,0.));
#2397=DIRECTION('',(0.707106781186548,-0.707106781186548,0.));
#2398=DIRECTION('',(0.,0.,-1.));
#2399=DIRECTION('',(-1.,0.,0.));
#2400=DIRECTION('',(0.,-1.,0.));
#2401=DIRECTION('',(-1.,0.,0.));
#2402=DIRECTION('',(0.,-1.,0.));
#2403=DIRECTION('',(-1.,0.,0.));
#2404=DIRECTION('',(0.,0.,1.));
#2405=DIRECTION('',(0.,0.,1.));
#2406=DIRECTION('',(0.,0.,-1.));
#2407=DIRECTION('',(0.,-1.,0.));
#2408=DIRECTION('',(0.,0.,-1.));
#2409=DIRECTION('',(0.,0.,1.));
#2410=DIRECTION('',(0.,1.,0.));
#2411=DIRECTION('',(0.,0.,1.));
#2412=DIRECTION('',(0.,0.,-1.));
#2413=DIRECTION('',(0.,0.,-1.));
#2414=DIRECTION('',(-1.,0.,0.));
#2415=DIRECTION('',(0.,-1.,0.));
#2416=DIRECTION('',(0.707106781186548,0.707106781186548,0.));
#2417=DIRECTION('',(0.,0.,1.));
#2418=DIRECTION('',(1.,0.,0.));
#2419=DIRECTION('',(0.,1.,0.));
#2420=DIRECTION('',(-1.,0.,0.));
#2421=DIRECTION('',(0.,-1.,0.));
#2422=DIRECTION('',(0.,1.,0.));
#2423=DIRECTION('',(-1.,0.,0.));
#2424=DIRECTION('',(0.,0.,1.));
#2425=DIRECTION('',(0.,0.,1.));
#2426=DIRECTION('',(0.,-1.,0.));
#2427=DIRECTION('',(-1.,0.,0.));
#2428=DIRECTION('',(0.,-1.,0.));
#2429=DIRECTION('',(0.,0.,-1.));
#2430=DIRECTION('',(0.,1.,0.));
#2431=DIRECTION('',(0.,1.,0.));
#2432=DIRECTION('',(-1.,0.,0.));
#2433=DIRECTION('',(0.,0.,1.));
#2434=DIRECTION('',(0.,0.,1.));
#2435=DIRECTION('',(1.,0.,0.));
#2436=DIRECTION('',(0.,1.,0.));
#2437=DIRECTION('',(0.707106781186548,-0.707106781186548,0.));
#2438=DIRECTION('',(0.,0.,1.));
#2439=DIRECTION('',(1.,0.,0.));
#2440=DIRECTION('',(0.,1.,0.));
#2441=DIRECTION('',(0.,1.,0.));
#2442=DIRECTION('',(0.,0.,1.));
#2443=DIRECTION('',(0.,0.,-1.));
#2444=DIRECTION('',(0.,-1.,0.));
#2445=DIRECTION('',(0.,0.,-1.));
#2446=DIRECTION('',(0.,0.,1.));
#2447=DIRECTION('',(-1.,0.,0.));
#2448=DIRECTION('',(0.,0.,1.));
#2449=DIRECTION('',(-1.,0.,0.));
#2450=DIRECTION('',(0.,0.,1.));
#2451=DIRECTION('',(-0.707106781186548,0.707106781186548,0.));
#2452=DIRECTION('',(0.,0.,-1.));
#2453=DIRECTION('',(-0.707106781186548,0.707106781186548,0.));
#2454=DIRECTION('',(-0.707106781186548,-0.707106781186548,0.));
#2455=DIRECTION('',(-0.707106781186548,-0.707106781186548,0.));
#2456=DIRECTION('',(-1.,0.,0.));
#2457=DIRECTION('',(0.,0.,1.));
#2458=DIRECTION('',(-0.707106781186548,-0.707106781186548,0.));
#2459=DIRECTION('',(0.,0.,1.));
#2460=DIRECTION('',(-0.707106781186548,-0.707106781186548,0.));
#2461=DIRECTION('',(-0.707106781186548,0.707106781186548,0.));
#2462=DIRECTION('',(-0.707106781186548,0.707106781186548,0.));
#2463=DIRECTION('',(-1.,0.,0.));
#2464=DIRECTION('',(0.,0.,1.));
#2465=DIRECTION('',(-0.707106781186548,-0.707106781186548,8.43311379175856E-17));
#2466=DIRECTION('',(0.,1.19262238973405E-16,1.));
#2467=DIRECTION('',(-0.707106781186548,-0.707106781186548,8.43311379175856E-17));
#2468=DIRECTION('',(-0.707106781186548,0.707106781186548,8.43311379175856E-17));
#2469=DIRECTION('',(-0.707106781186548,0.707106781186548,0.));
#2470=DIRECTION('',(1.,0.,0.));
#2471=DIRECTION('',(0.,0.,-1.));
#2472=DIRECTION('',(-0.707106781186548,0.707106781186548,0.));
#2473=DIRECTION('',(0.,0.,-1.));
#2474=DIRECTION('',(-0.707106781186548,0.707106781186548,0.));
#2475=DIRECTION('',(-0.707106781186548,-0.707106781186548,0.));
#2476=DIRECTION('',(-0.707106781186548,-0.707106781186548,0.));
#2477=DIRECTION('',(1.,0.,0.));
#2478=DIRECTION('',(0.,0.,-1.));
#2479=DIRECTION('',(-1.,0.,0.));
#2480=DIRECTION('',(0.,0.,1.));
#2481=DIRECTION('',(0.,0.,1.));
#2482=DIRECTION('',(1.,0.,0.));
#2483=DIRECTION('',(0.,-1.,0.));
#2484=DIRECTION('',(0.,0.,-1.));
#2485=DIRECTION('',(0.,-1.,0.));
#2486=DIRECTION('',(0.,0.,-1.));
#2487=DIRECTION('',(0.,-1.,0.));
#2488=DIRECTION('',(0.,0.,-1.));
#2489=DIRECTION('',(0.,0.,-1.));
#2490=DIRECTION('',(-1.,0.,0.));
#2491=DIRECTION('',(0.,0.,1.));
#2492=DIRECTION('',(1.,0.,0.));
#2493=DIRECTION('',(-1.,0.,0.));
#2494=DIRECTION('',(0.,0.,1.));
#2495=DIRECTION('',(0.,0.,1.));
#2496=DIRECTION('',(1.,0.,0.));
#2497=DIRECTION('',(-1.,0.,0.));
#2498=DIRECTION('',(0.,0.,1.));
#2499=DIRECTION('',(0.,-1.,0.));
#2500=DIRECTION('',(0.,0.,-1.));
#2501=DIRECTION('',(0.,0.,1.));
#2502=DIRECTION('',(1.,0.,0.));
#2503=DIRECTION('',(0.,0.,1.));
#2504=DIRECTION('',(1.,0.,0.));
#2505=DIRECTION('',(0.,1.,0.));
#2506=DIRECTION('',(0.,0.,1.));
#2507=DIRECTION('',(0.,-1.,0.));
#2508=DIRECTION('',(0.,0.,-1.));
#2509=DIRECTION('',(-1.,0.,0.));
#2510=DIRECTION('',(0.,0.,1.));
#2511=DIRECTION('',(-1.,0.,0.));
#2512=DIRECTION('',(0.,0.,1.));
#2513=DIRECTION('',(0.,-1.,0.));
#2514=DIRECTION('',(0.,0.,-1.));
#2515=DIRECTION('',(0.,0.,1.));
#2516=DIRECTION('',(1.,0.,0.));
#2517=DIRECTION('',(0.,0.,1.));
#2518=DIRECTION('',(1.,0.,0.));
#2519=DIRECTION('',(0.,0.,1.));
#2520=DIRECTION('',(1.,0.,0.));
#2521=DIRECTION('',(0.,1.,0.));
#2522=DIRECTION('',(0.,0.,1.));
#2523=DIRECTION('',(0.,-1.,0.));
#2524=DIRECTION('',(0.,0.,-1.));
#2525=DIRECTION('',(-1.,0.,0.));
#2526=DIRECTION('',(0.,0.,1.));
#2527=DIRECTION('',(0.,-1.,0.));
#2528=DIRECTION('',(0.,0.,-1.));
#2529=DIRECTION('',(-1.,0.,0.));
#2530=DIRECTION('',(0.,0.,1.));
#2531=DIRECTION('',(0.,-1.,0.));
#2532=DIRECTION('',(0.,0.,-1.));
#2533=DIRECTION('',(0.,-1.,0.));
#2534=DIRECTION('',(0.,0.,-1.));
#2535=DIRECTION('',(0.,0.,-1.));
#2536=DIRECTION('',(-1.,0.,0.));
#2537=DIRECTION('',(0.,0.,1.));
#2538=DIRECTION('',(1.,0.,0.));
#2539=DIRECTION('',(-1.,0.,0.));
#2540=DIRECTION('',(0.,0.,1.));
#2541=DIRECTION('',(0.,1.,0.));
#2542=DIRECTION('',(0.,0.,1.));
#2543=DIRECTION('',(0.707106781186548,0.,-0.707106781186548));
#2544=DIRECTION('',(1.,0.,0.));
#2545=DIRECTION('',(0.,0.,-1.));
#2546=DIRECTION('',(1.,0.,0.));
#2547=DIRECTION('',(-0.707106781186548,0.,-0.707106781186548));
#2548=DIRECTION('',(0.,-1.,0.));
#2549=DIRECTION('',(0.,0.,-1.));
#2550=DIRECTION('',(0.707106781186548,0.,0.707106781186548));
#2551=DIRECTION('',(1.,0.,0.));
#2552=DIRECTION('',(0.,0.,1.));
#2553=DIRECTION('',(1.,0.,0.));
#2554=DIRECTION('',(-0.707106781186548,0.,0.707106781186548));
#2555=DIRECTION('',(0.,0.,-1.));
#2556=DIRECTION('',(-1.,0.,0.));
#2557=DIRECTION('',(0.,1.,0.));
#2558=DIRECTION('',(0.,1.,0.));
#2559=DIRECTION('',(0.,0.,1.));
#2560=DIRECTION('',(1.,0.,0.));
#2561=DIRECTION('',(0.,-1.,0.));
#2562=DIRECTION('',(0.,-1.,0.));
#2563=DIRECTION('',(-1.,0.,0.));
#2564=DIRECTION('',(0.,-1.,0.));
#2565=DIRECTION('',(0.,1.,0.));
#2566=DIRECTION('',(0.,0.,1.));
#2567=DIRECTION('',(0.,1.,0.));
#2568=DIRECTION('',(0.,0.,1.));
#2569=DIRECTION('',(0.707106781186548,0.,-0.707106781186548));
#2570=DIRECTION('',(1.,0.,0.));
#2571=DIRECTION('',(0.,0.,1.));
#2572=DIRECTION('',(1.,0.,0.));
#2573=DIRECTION('',(0.707106781186548,0.,0.707106781186548));
#2574=DIRECTION('',(0.,1.,0.));
#2575=DIRECTION('',(0.,0.,1.));
#2576=DIRECTION('',(1.,0.,0.));
#2577=DIRECTION('',(0.,1.,0.));
#2578=DIRECTION('',(0.,-1.,0.));
#2579=DIRECTION('',(0.,-1.,0.));
#2580=DIRECTION('',(0.,0.,-1.));
#2581=DIRECTION('',(1.,0.,0.));
#2582=DIRECTION('',(0.,-1.,0.));
#2583=DIRECTION('',(0.,0.,1.));
#2584=DIRECTION('',(1.,0.,0.));
#2585=DIRECTION('',(0.,-1.,0.));
#2586=DIRECTION('',(-0.707106781186548,0.,0.707106781186548));
#2587=DIRECTION('',(0.,1.,0.));
#2588=DIRECTION('',(0.,-1.,0.));
#2589=DIRECTION('',(0.707106781186548,0.,0.707106781186548));
#2590=DIRECTION('',(0.,-1.,0.));
#2591=DIRECTION('',(0.707106781186548,0.,0.707106781186548));
#2592=DIRECTION('',(0.707106781186548,0.,-0.707106781186548));
#2593=DIRECTION('',(0.,1.,0.));
#2594=DIRECTION('',(0.707106781186548,0.,0.707106781186548));
#2595=DIRECTION('',(0.,-1.,0.));
#2596=DIRECTION('',(0.707106781186548,0.,-0.707106781186548));
#2597=DIRECTION('',(0.,1.,0.));
#2598=DIRECTION('',(0.,1.,0.));
#2599=DIRECTION('',(0.,0.,1.));
#2600=DIRECTION('',(0.,-1.,0.));
#2601=DIRECTION('',(0.,0.,-1.));
#2602=DIRECTION('',(0.,1.,0.));
#2603=DIRECTION('',(0.,0.,1.));
#2604=DIRECTION('',(5.20417042793042E-15,-1.,-5.20417042793062E-15));
#2605=DIRECTION('',(0.,5.20417042793062E-15,-1.));
#2606=DIRECTION('',(-0.675706031734375,-0.294690884412007,0.675706031734402));
#2607=DIRECTION('',(0.707106781186561,0.,0.707106781186534));
#2608=DIRECTION('',(0.,1.,0.));
#2609=DIRECTION('',(0.,0.,1.));
#2610=DIRECTION('',(0.,-1.,0.));
#2611=DIRECTION('',(0.,0.,-1.));
#2612=DIRECTION('',(0.,1.,0.));
#2613=DIRECTION('',(0.,0.,1.));
#2614=DIRECTION('',(0.,0.,-1.));
#2615=DIRECTION('',(-1.,0.,0.));
#2616=DIRECTION('',(0.,0.,1.));
#2617=DIRECTION('',(1.,0.,0.));
#2618=DIRECTION('',(0.,1.,0.));
#2619=DIRECTION('',(0.,0.,1.));
#2620=DIRECTION('',(0.,-1.,0.));
#2621=DIRECTION('',(0.,0.,-1.));
#2622=DIRECTION('',(0.,1.,0.));
#2623=DIRECTION('',(0.,0.,1.));
#2624=DIRECTION('',(0.,-1.,0.));
#2625=DIRECTION('',(0.,0.,-1.));
#2626=DIRECTION('',(0.,0.,-1.));
#2627=DIRECTION('',(-1.,0.,0.));
#2628=DIRECTION('',(0.,0.,1.));
#2629=DIRECTION('',(1.,0.,0.));
#2630=DIRECTION('',(0.,-1.,0.));
#2631=DIRECTION('',(0.,0.,-1.));
#2632=CARTESIAN_POINT('',(0.,0.,0.));
#2633=CARTESIAN_POINT('',(0.108,0.015,0.015));
#2634=CARTESIAN_POINT('',(0.115,0.015,0.015));
#2635=CARTESIAN_POINT('',(0.115,0.015,0.));
#2636=CARTESIAN_POINT('',(0.115,0.00634335515340961,0.00275));
#2637=CARTESIAN_POINT('',(0.108,0.00634335515340961,0.00275));
#2638=CARTESIAN_POINT('',(0.11225,0.00634335515340961,0.00275));
#2639=CARTESIAN_POINT('',(0.11225,0.015,0.015));
#2640=CARTESIAN_POINT('',(0.11225,0.00114584899750259,0.00925));
#2641=CARTESIAN_POINT('',(0.108,0.00114584899750259,0.00925));
#2642=CARTESIAN_POINT('',(0.11475772005726,0.00114584899750259,0.00925));
#2643=CARTESIAN_POINT('',(0.109103553390593,0.015,0.015));
#2644=CARTESIAN_POINT('',(0.115,0.00125069636845567,0.00900361361755248));
#2645=CARTESIAN_POINT('',(0.115,0.015,0.015));
#2646=CARTESIAN_POINT('',(0.115,0.,0.015));
#2647=CARTESIAN_POINT('',(0.108,0.,0.015));
#2648=CARTESIAN_POINT('',(0.101,0.,0.015));
#2649=CARTESIAN_POINT('',(0.101,0.015,0.015));
#2650=CARTESIAN_POINT('',(0.101,0.015,0.));
#2651=CARTESIAN_POINT('',(0.058,0.015,0.));
#2652=CARTESIAN_POINT('',(0.116,0.025,0.1));
#2653=CARTESIAN_POINT('',(0.116,0.035,0.006));
#2654=CARTESIAN_POINT('',(0.116,0.035,0.00364644660940673));
#2655=CARTESIAN_POINT('',(0.116,0.035,0.00835355339059328));
#2656=CARTESIAN_POINT('',(0.116,0.00603130444267395,0.00364644660940673));
#2657=CARTESIAN_POINT('',(0.116,0.00680873481036367,0.00364644660940673));
#2658=CARTESIAN_POINT('',(0.116,0.015,0.015));
#2659=CARTESIAN_POINT('',(0.116,0.015,0.001));
#2660=CARTESIAN_POINT('',(0.116,0.025,0.001));
#2661=CARTESIAN_POINT('',(0.116,0.035,0.001));
#2662=CARTESIAN_POINT('',(0.116,0.035,0.015));
#2663=CARTESIAN_POINT('',(0.116,0.049,0.015));
#2664=CARTESIAN_POINT('',(0.116,0.049,0.085));
#2665=CARTESIAN_POINT('',(0.116,0.049,0.085));
#2666=CARTESIAN_POINT('',(0.116,0.035,0.085));
#2667=CARTESIAN_POINT('',(0.116,0.035,0.099));
#2668=CARTESIAN_POINT('',(0.116,0.005,0.099));
#2669=CARTESIAN_POINT('',(0.116,0.005,0.099));
#2670=CARTESIAN_POINT('',(0.116,0.005,0.095));
#2671=CARTESIAN_POINT('',(0.116,0.001,0.095));
#2672=CARTESIAN_POINT('',(0.116,0.001,0.1));
#2673=CARTESIAN_POINT('',(0.116,0.001,0.015));
#2674=CARTESIAN_POINT('',(0.116,0.015,0.015));
#2675=CARTESIAN_POINT('',(0.116,0.00267828147260676,0.00835355339059328));
#2676=CARTESIAN_POINT('',(0.116,0.035,0.00835355339059328));
#2677=CARTESIAN_POINT('',(0.115,0.015,0.015));
#2678=CARTESIAN_POINT('',(0.115,0.00125069636845567,0.00900361361755248));
#2679=CARTESIAN_POINT('',(0.115258954058208,0.00133683384210264,0.00880610628502083));
#2680=CARTESIAN_POINT('',(0.11572615257515,0.00169840125986252,0.00846736824146967));
#2681=CARTESIAN_POINT('',(0.116,0.00234186846227547,0.00831631381414516));
#2682=CARTESIAN_POINT('',(0.116,0.00267828147260676,0.00835355339059328));
#2683=CARTESIAN_POINT('',(0.115,0.001,0.015));
#2684=CARTESIAN_POINT('',(0.1,0.025,0.1));
#2685=CARTESIAN_POINT('',(0.1,0.001,0.095));
#2686=CARTESIAN_POINT('',(0.1,0.001,0.015));
#2687=CARTESIAN_POINT('',(0.1,0.001,0.095));
#2688=CARTESIAN_POINT('',(0.1,0.005,0.095));
#2689=CARTESIAN_POINT('',(0.1,0.005,0.099));
#2690=CARTESIAN_POINT('',(0.1,0.025,0.099));
#2691=CARTESIAN_POINT('',(0.1,0.035,0.099));
#2692=CARTESIAN_POINT('',(0.1,0.035,0.085));
#2693=CARTESIAN_POINT('',(0.1,0.049,0.085));
#2694=CARTESIAN_POINT('',(0.1,0.049,0.1));
#2695=CARTESIAN_POINT('',(0.1,0.049,0.015));
#2696=CARTESIAN_POINT('',(0.1,0.035,0.015));
#2697=CARTESIAN_POINT('',(0.1,0.035,0.001));
#2698=CARTESIAN_POINT('',(0.1,0.015,0.001));
#2699=CARTESIAN_POINT('',(0.1,0.015,0.001));
#2700=CARTESIAN_POINT('',(0.1,0.015,0.015));
#2701=CARTESIAN_POINT('',(0.1,0.025,0.07));
#2702=CARTESIAN_POINT('',(0.1,0.00258906516898499,0.072));
#2703=CARTESIAN_POINT('',(0.1,0.023,0.092410934831015));
#2704=CARTESIAN_POINT('',(0.1,0.0115,0.072));
#2705=CARTESIAN_POINT('',(0.1,0.0204174243050441,0.072));
#2706=CARTESIAN_POINT('',(0.1,0.025,0.07));
#2707=CARTESIAN_POINT('',(0.1,0.023,0.0745825756949558));
#2708=CARTESIAN_POINT('',(0.1,0.023,0.0835));
#2709=CARTESIAN_POINT('',(0.1,0.025,0.07));
#2710=CARTESIAN_POINT('',(0.1,0.027,0.092410934831015));
#2711=CARTESIAN_POINT('',(0.1,0.047410934831015,0.072));
#2712=CARTESIAN_POINT('',(0.1,0.027,0.0835));
#2713=CARTESIAN_POINT('',(0.1,0.027,0.0745825756949559));
#2714=CARTESIAN_POINT('',(0.1,0.025,0.07));
#2715=CARTESIAN_POINT('',(0.1,0.0295825756949558,0.072));
#2716=CARTESIAN_POINT('',(0.1,0.0385,0.072));
#2717=CARTESIAN_POINT('',(0.1,0.0475,0.05));
#2718=CARTESIAN_POINT('',(0.1,0.0475,0.032));
#2719=CARTESIAN_POINT('',(0.1,0.0475,0.068));
#2720=CARTESIAN_POINT('',(0.1,0.0125,0.068));
#2721=CARTESIAN_POINT('',(0.1,0.03,0.068));
#2722=CARTESIAN_POINT('',(0.1,0.03,0.05));
#2723=CARTESIAN_POINT('',(0.1,0.03,0.032));
#2724=CARTESIAN_POINT('',(0.1,0.0375,0.032));
#2725=CARTESIAN_POINT('',(0.1,0.0125,0.068));
#2726=CARTESIAN_POINT('',(0.1,0.0025,0.068));
#2727=CARTESIAN_POINT('',(0.1,0.02,0.068));
#2728=CARTESIAN_POINT('',(0.1,0.0025,0.05));
#2729=CARTESIAN_POINT('',(0.1,0.0025,0.032));
#2730=CARTESIAN_POINT('',(0.1,0.0375,0.032));
#2731=CARTESIAN_POINT('',(0.1,0.02,0.032));
#2732=CARTESIAN_POINT('',(0.1,0.02,0.05));
#2733=CARTESIAN_POINT('',(0.1,0.025,0.03));
#2734=CARTESIAN_POINT('',(0.1,0.047410934831015,0.028));
#2735=CARTESIAN_POINT('',(0.1,0.027,0.00758906516898503));
#2736=CARTESIAN_POINT('',(0.1,0.0385,0.028));
#2737=CARTESIAN_POINT('',(0.1,0.0295825756949558,0.028));
#2738=CARTESIAN_POINT('',(0.1,0.025,0.03));
#2739=CARTESIAN_POINT('',(0.1,0.027,0.0254174243050442));
#2740=CARTESIAN_POINT('',(0.1,0.027,0.0165));
#2741=CARTESIAN_POINT('',(0.1,0.025,0.03));
#2742=CARTESIAN_POINT('',(0.1,0.023,0.00758906516898503));
#2743=CARTESIAN_POINT('',(0.1,0.00258906516898503,0.028));
#2744=CARTESIAN_POINT('',(0.1,0.023,0.0165));
#2745=CARTESIAN_POINT('',(0.1,0.023,0.0254174243050442));
#2746=CARTESIAN_POINT('',(0.1,0.025,0.03));
#2747=CARTESIAN_POINT('',(0.1,0.0204174243050441,0.028));
#2748=CARTESIAN_POINT('',(0.1,0.0115,0.028));
#2749=CARTESIAN_POINT('',(0.1,0.015,0.006));
#2750=CARTESIAN_POINT('',(0.1,0.015,0.005));
#2751=CARTESIAN_POINT('',(0.1,0.015,0.007));
#2752=CARTESIAN_POINT('',(0.1,0.03,0.005));
#2753=CARTESIAN_POINT('',(0.1,0.035,0.005));
#2754=CARTESIAN_POINT('',(0.1,0.035,0.006));
#2755=CARTESIAN_POINT('',(0.1,0.035,0.007));
#2756=CARTESIAN_POINT('',(0.1,0.025,0.007));
#2757=CARTESIAN_POINT('',(0.111,0.025,0.07));
#2758=CARTESIAN_POINT('',(0.111,0.0025,0.07));
#2759=CARTESIAN_POINT('',(0.111,0.0025,0.07));
#2760=CARTESIAN_POINT('',(0.106,0.0025,0.07));
#2761=CARTESIAN_POINT('',(0.106,0.025,0.07));
#2762=CARTESIAN_POINT('',(0.106,0.00258906516898499,0.072));
#2763=CARTESIAN_POINT('',(0.111,0.00258906516898499,0.072));
#2764=CARTESIAN_POINT('',(0.111,0.023,0.092410934831015));
#2765=CARTESIAN_POINT('',(0.1015,0.023,0.092410934831015));
#2766=CARTESIAN_POINT('',(0.1015,0.023,0.092410934831015));
#2767=CARTESIAN_POINT('',(0.101764501654273,0.023,0.092410934831015));
#2768=CARTESIAN_POINT('',(0.102,0.0232361085544677,0.0924323123317779));
#2769=CARTESIAN_POINT('',(0.102,0.0235,0.0924499443206437));
#2770=CARTESIAN_POINT('',(0.102,0.0235,0.0924499443206437));
#2771=CARTESIAN_POINT('',(0.102,0.025,0.07));
#2772=CARTESIAN_POINT('',(0.102,0.0146922359359558,0.09));
#2773=CARTESIAN_POINT('',(0.111,0.0146922359359558,0.09));
#2774=CARTESIAN_POINT('',(0.111,0.0146922359359558,0.09));
#2775=CARTESIAN_POINT('',(0.111,0.025,0.07));
#2776=CARTESIAN_POINT('',(0.111,0.025,0.07));
#2777=CARTESIAN_POINT('',(0.111,0.047410934831015,0.072));
#2778=CARTESIAN_POINT('',(0.1015,0.047410934831015,0.072));
#2779=CARTESIAN_POINT('',(0.1015,0.047410934831015,0.072));
#2780=CARTESIAN_POINT('',(0.101764501654273,0.047410934831015,0.072));
#2781=CARTESIAN_POINT('',(0.102,0.0474323123317778,0.0717638914455323));
#2782=CARTESIAN_POINT('',(0.102,0.0474499443206436,0.0715));
#2783=CARTESIAN_POINT('',(0.102,0.0474499443206436,0.0715));
#2784=CARTESIAN_POINT('',(0.102,0.025,0.07));
#2785=CARTESIAN_POINT('',(0.102,0.0475,0.07));
#2786=CARTESIAN_POINT('',(0.111,0.0475,0.07));
#2787=CARTESIAN_POINT('',(0.111,0.0475,0.07));
#2788=CARTESIAN_POINT('',(0.111,0.025,0.07));
#2789=CARTESIAN_POINT('',(0.111,0.025,0.0925));
#2790=CARTESIAN_POINT('',(0.1065,0.025,0.0925));
#2791=CARTESIAN_POINT('',(0.102,0.025,0.0925));
#2792=CARTESIAN_POINT('',(0.102,0.025,0.07));
#2793=CARTESIAN_POINT('',(0.102,0.0265,0.0924499443206437));
#2794=CARTESIAN_POINT('',(0.102,0.0265,0.0924499443206437));
#2795=CARTESIAN_POINT('',(0.102,0.0267639069331263,0.0924323112969695));
#2796=CARTESIAN_POINT('',(0.101764515361058,0.027,0.092410934831015));
#2797=CARTESIAN_POINT('',(0.1015,0.027,0.092410934831015));
#2798=CARTESIAN_POINT('',(0.1015,0.027,0.092410934831015));
#2799=CARTESIAN_POINT('',(0.111,0.027,0.092410934831015));
#2800=CARTESIAN_POINT('',(0.111,0.0475,0.05));
#2801=CARTESIAN_POINT('',(0.111,0.0475,0.032));
#2802=CARTESIAN_POINT('',(0.106,0.0475,0.032));
#2803=CARTESIAN_POINT('',(0.106,0.0475,0.05));
#2804=CARTESIAN_POINT('',(0.106,0.0475,0.03));
#2805=CARTESIAN_POINT('',(0.111,0.0475,0.03));
#2806=CARTESIAN_POINT('',(0.111,0.0475,0.03));
#2807=CARTESIAN_POINT('',(0.111,0.0475,0.05));
#2808=CARTESIAN_POINT('',(0.102,0.0475,0.05));
#2809=CARTESIAN_POINT('',(0.102,0.0475,0.0685));
#2810=CARTESIAN_POINT('',(0.1015,0.0475,0.0685));
#2811=CARTESIAN_POINT('',(0.1015,0.0475,0.068));
#2812=CARTESIAN_POINT('',(0.111,0.0475,0.068));
#2813=CARTESIAN_POINT('',(0.111,0.025,0.03));
#2814=CARTESIAN_POINT('',(0.106,0.025,0.03));
#2815=CARTESIAN_POINT('',(0.106,0.047410934831015,0.028));
#2816=CARTESIAN_POINT('',(0.111,0.047410934831015,0.028));
#2817=CARTESIAN_POINT('',(0.111,0.027,0.00758906516898503));
#2818=CARTESIAN_POINT('',(0.1015,0.027,0.00758906516898503));
#2819=CARTESIAN_POINT('',(0.1015,0.027,0.00758906516898503));
#2820=CARTESIAN_POINT('',(0.101764501654273,0.027,0.00758906516898503));
#2821=CARTESIAN_POINT('',(0.102,0.0267638914455323,0.0075676876682221));
#2822=CARTESIAN_POINT('',(0.102,0.0265,0.00755005567935635));
#2823=CARTESIAN_POINT('',(0.102,0.0265,0.00755005567935635));
#2824=CARTESIAN_POINT('',(0.102,0.025,0.03));
#2825=CARTESIAN_POINT('',(0.102,0.0235,0.00755005567935635));
#2826=CARTESIAN_POINT('',(0.102,0.0235,0.00755005567935635));
#2827=CARTESIAN_POINT('',(0.102,0.0232360930668738,0.00756768870303051));
#2828=CARTESIAN_POINT('',(0.101764515361058,0.023,0.00758906516898503));
#2829=CARTESIAN_POINT('',(0.1015,0.023,0.00758906516898503));
#2830=CARTESIAN_POINT('',(0.1015,0.023,0.00758906516898503));
#2831=CARTESIAN_POINT('',(0.111,0.023,0.00758906516898503));
#2832=CARTESIAN_POINT('',(0.111,0.00258906516898503,0.028));
#2833=CARTESIAN_POINT('',(0.1015,0.00258906516898503,0.028));
#2834=CARTESIAN_POINT('',(0.1015,0.00258906516898503,0.028));
#2835=CARTESIAN_POINT('',(0.101764501654273,0.00258906516898503,0.028));
#2836=CARTESIAN_POINT('',(0.102,0.00256768766822211,0.0282361085544677));
#2837=CARTESIAN_POINT('',(0.102,0.00255005567935636,0.0285));
#2838=CARTESIAN_POINT('',(0.102,0.00255005567935635,0.0285));
#2839=CARTESIAN_POINT('',(0.102,0.025,0.03));
#2840=CARTESIAN_POINT('',(0.102,0.0025,0.03));
#2841=CARTESIAN_POINT('',(0.111,0.0025,0.03));
#2842=CARTESIAN_POINT('',(0.111,0.0025,0.03));
#2843=CARTESIAN_POINT('',(0.111,0.025,0.03));
#2844=CARTESIAN_POINT('',(0.111,0.0025,0.05));
#2845=CARTESIAN_POINT('',(0.111,0.0025,0.068));
#2846=CARTESIAN_POINT('',(0.106,0.0025,0.068));
#2847=CARTESIAN_POINT('',(0.106,0.0025,0.05));
#2848=CARTESIAN_POINT('',(0.111,0.0025,0.05));
#2849=CARTESIAN_POINT('',(0.102,0.0025,0.05));
#2850=CARTESIAN_POINT('',(0.102,0.0025,0.0315));
#2851=CARTESIAN_POINT('',(0.1015,0.0025,0.0315));
#2852=CARTESIAN_POINT('',(0.1015,0.0025,0.032));
#2853=CARTESIAN_POINT('',(0.111,0.0025,0.032));
#2854=CARTESIAN_POINT('',(0.1,0.025,0.07));
#2855=CARTESIAN_POINT('',(0.1,0.027,0.0745825756949559));
#2856=CARTESIAN_POINT('',(0.106,0.027,0.0745825756949559));
#2857=CARTESIAN_POINT('',(0.106,0.025,0.07));
#2858=CARTESIAN_POINT('',(0.106,0.023,0.0745825756949558));
#2859=CARTESIAN_POINT('',(0.1,0.023,0.0745825756949558));
#2860=CARTESIAN_POINT('',(0.1,0.0204174243050441,0.072));
#2861=CARTESIAN_POINT('',(0.1015,0.0204174243050441,0.072));
#2862=CARTESIAN_POINT('',(0.1015,0.0204174243050442,0.072));
#2863=CARTESIAN_POINT('',(0.101772964644872,0.0204174243050442,0.072));
#2864=CARTESIAN_POINT('',(0.102,0.0203120621800338,0.0717599744657639));
#2865=CARTESIAN_POINT('',(0.102,0.0202303039929153,0.0715));
#2866=CARTESIAN_POINT('',(0.102,0.0202303039929153,0.0715));
#2867=CARTESIAN_POINT('',(0.102,0.025,0.07));
#2868=CARTESIAN_POINT('',(0.102,0.02,0.07));
#2869=CARTESIAN_POINT('',(0.1,0.02,0.07));
#2870=CARTESIAN_POINT('',(0.111,0.02,0.07));
#2871=CARTESIAN_POINT('',(0.111,0.025,0.07));
#2872=CARTESIAN_POINT('',(0.111,0.03,0.07));
#2873=CARTESIAN_POINT('',(0.1,0.03,0.07));
#2874=CARTESIAN_POINT('',(0.106,0.03,0.07));
#2875=CARTESIAN_POINT('',(0.106,0.025,0.07));
#2876=CARTESIAN_POINT('',(0.106,0.0295825756949558,0.072));
#2877=CARTESIAN_POINT('',(0.1,0.0295825756949558,0.072));
#2878=CARTESIAN_POINT('',(0.1,0.03,0.05));
#2879=CARTESIAN_POINT('',(0.1,0.03,0.068));
#2880=CARTESIAN_POINT('',(0.106,0.03,0.068));
#2881=CARTESIAN_POINT('',(0.106,0.03,0.05));
#2882=CARTESIAN_POINT('',(0.111,0.03,0.05));
#2883=CARTESIAN_POINT('',(0.111,0.03,0.03));
#2884=CARTESIAN_POINT('',(0.1,0.03,0.03));
#2885=CARTESIAN_POINT('',(0.102,0.03,0.03));
#2886=CARTESIAN_POINT('',(0.102,0.03,0.05));
#2887=CARTESIAN_POINT('',(0.102,0.03,0.0315));
#2888=CARTESIAN_POINT('',(0.1015,0.03,0.0315));
#2889=CARTESIAN_POINT('',(0.1015,0.03,0.032));
#2890=CARTESIAN_POINT('',(0.1,0.03,0.032));
#2891=CARTESIAN_POINT('',(0.1,0.025,0.03));
#2892=CARTESIAN_POINT('',(0.1,0.023,0.0254174243050442));
#2893=CARTESIAN_POINT('',(0.106,0.023,0.0254174243050442));
#2894=CARTESIAN_POINT('',(0.106,0.025,0.03));
#2895=CARTESIAN_POINT('',(0.106,0.027,0.0254174243050442));
#2896=CARTESIAN_POINT('',(0.1,0.027,0.0254174243050442));
#2897=CARTESIAN_POINT('',(0.1,0.0295825756949558,0.028));
#2898=CARTESIAN_POINT('',(0.1015,0.0295825756949558,0.028));
#2899=CARTESIAN_POINT('',(0.1015,0.0295825756949558,0.028));
#2900=CARTESIAN_POINT('',(0.101772964644872,0.0295825756949558,0.028));
#2901=CARTESIAN_POINT('',(0.102,0.0296879378199662,0.0282400255342361));
#2902=CARTESIAN_POINT('',(0.102,0.0297696960070847,0.0285));
#2903=CARTESIAN_POINT('',(0.102,0.0297696960070847,0.0285));
#2904=CARTESIAN_POINT('',(0.102,0.025,0.03));
#2905=CARTESIAN_POINT('',(0.111,0.025,0.03));
#2906=CARTESIAN_POINT('',(0.111,0.02,0.03));
#2907=CARTESIAN_POINT('',(0.1,0.02,0.03));
#2908=CARTESIAN_POINT('',(0.106,0.02,0.03));
#2909=CARTESIAN_POINT('',(0.106,0.025,0.03));
#2910=CARTESIAN_POINT('',(0.106,0.0204174243050441,0.028));
#2911=CARTESIAN_POINT('',(0.1,0.0204174243050441,0.028));
#2912=CARTESIAN_POINT('',(0.1,0.02,0.05));
#2913=CARTESIAN_POINT('',(0.1,0.02,0.032));
#2914=CARTESIAN_POINT('',(0.106,0.02,0.032));
#2915=CARTESIAN_POINT('',(0.106,0.02,0.05));
#2916=CARTESIAN_POINT('',(0.111,0.02,0.05));
#2917=CARTESIAN_POINT('',(0.102,0.02,0.05));
#2918=CARTESIAN_POINT('',(0.102,0.02,0.0685));
#2919=CARTESIAN_POINT('',(0.1015,0.02,0.0685));
#2920=CARTESIAN_POINT('',(0.1015,0.02,0.068));
#2921=CARTESIAN_POINT('',(0.1,0.02,0.068));
#2922=CARTESIAN_POINT('',(0.111,0.025,0.05));
#2923=CARTESIAN_POINT('',(0.111,0.025,0.09));
#2924=CARTESIAN_POINT('',(0.111,0.002,0.09));
#2925=CARTESIAN_POINT('',(0.111,0.002,0.088));
#2926=CARTESIAN_POINT('',(0.111,0.,0.088));
#2927=CARTESIAN_POINT('',(0.111,0.,0.09125));
#2928=CARTESIAN_POINT('',(0.111,0.,0.0945));
#2929=CARTESIAN_POINT('',(0.111,0.002,0.0945));
#2930=CARTESIAN_POINT('',(0.111,0.002,0.0925));
#2931=CARTESIAN_POINT('',(0.111,0.025,0.0925));
#2932=CARTESIAN_POINT('',(0.108,0.,0.1));
#2933=CARTESIAN_POINT('',(0.1,0.,0.095));
#2934=CARTESIAN_POINT('',(0.115,0.,0.095));
#2935=CARTESIAN_POINT('',(0.101,0.,0.095));
#2936=CARTESIAN_POINT('',(0.101,0.,0.015));
#2937=CARTESIAN_POINT('',(0.115,0.,0.1));
#2938=CARTESIAN_POINT('',(0.111,0.,0.0945));
#2939=CARTESIAN_POINT('',(0.102,0.,0.0945));
#2940=CARTESIAN_POINT('',(0.102,0.,0.088));
#2941=CARTESIAN_POINT('',(0.102,0.,0.088));
#2942=CARTESIAN_POINT('',(0.102,0.,0.09125));
#2943=CARTESIAN_POINT('',(0.108,0.05,0.1));
#2944=CARTESIAN_POINT('',(0.1,0.05,0.015));
#2945=CARTESIAN_POINT('',(0.115,0.05,0.015));
#2946=CARTESIAN_POINT('',(0.101,0.05,0.015));
#2947=CARTESIAN_POINT('',(0.101,0.05,0.1));
#2948=CARTESIAN_POINT('',(0.101,0.05,0.085));
#2949=CARTESIAN_POINT('',(0.108,0.05,0.085));
#2950=CARTESIAN_POINT('',(0.115,0.05,0.085));
#2951=CARTESIAN_POINT('',(0.115,0.05,0.015));
#2952=CARTESIAN_POINT('',(0.058,0.025,0.1));
#2953=CARTESIAN_POINT('',(0.058,0.035,0.1));
#2954=CARTESIAN_POINT('',(0.115,0.035,0.1));
#2955=CARTESIAN_POINT('',(0.101,0.035,0.1));
#2956=CARTESIAN_POINT('',(0.101,0.025,0.1));
#2957=CARTESIAN_POINT('',(0.101,0.005,0.1));
#2958=CARTESIAN_POINT('',(0.116,0.005,0.1));
#2959=CARTESIAN_POINT('',(0.115,0.005,0.1));
#2960=CARTESIAN_POINT('',(0.115,0.035,0.1));
#2961=CARTESIAN_POINT('',(0.058,0.025,0.));
#2962=CARTESIAN_POINT('',(0.101,0.035,0.));
#2963=CARTESIAN_POINT('',(0.101,0.035,0.));
#2964=CARTESIAN_POINT('',(0.116,0.035,0.));
#2965=CARTESIAN_POINT('',(0.115,0.035,0.));
#2966=CARTESIAN_POINT('',(0.115,0.025,0.));
#2967=CARTESIAN_POINT('',(0.102,0.025,0.09125));
#2968=CARTESIAN_POINT('',(0.102,0.025,0.07));
#2969=CARTESIAN_POINT('',(0.102,0.0235,0.0788741196746494));
#2970=CARTESIAN_POINT('',(0.102,0.0265,0.0788741196746494));
#2971=CARTESIAN_POINT('',(0.102,0.0265,0.092410934831015));
#2972=CARTESIAN_POINT('',(0.102,0.025,0.0925));
#2973=CARTESIAN_POINT('',(0.102,0.002,0.0925));
#2974=CARTESIAN_POINT('',(0.102,0.002,0.0945));
#2975=CARTESIAN_POINT('',(0.102,0.002,0.088));
#2976=CARTESIAN_POINT('',(0.102,0.002,0.09));
#2977=CARTESIAN_POINT('',(0.102,0.025,0.09));
#2978=CARTESIAN_POINT('',(0.102,0.0235,0.0787749643873921));
#2979=CARTESIAN_POINT('',(0.1065,0.025,0.09));
#2980=CARTESIAN_POINT('',(0.111,0.002,0.09));
#2981=CARTESIAN_POINT('',(0.1065,0.025,0.0925));
#2982=CARTESIAN_POINT('',(0.102,0.002,0.0925));
#2983=CARTESIAN_POINT('',(0.058,0.035,0.015));
#2984=CARTESIAN_POINT('',(0.101,0.035,0.015));
#2985=CARTESIAN_POINT('',(0.115,0.035,0.015));
#2986=CARTESIAN_POINT('',(0.108,0.035,0.085));
#2987=CARTESIAN_POINT('',(0.101,0.035,0.085));
#2988=CARTESIAN_POINT('',(0.115,0.035,0.085));
#2989=CARTESIAN_POINT('',(0.058,0.005,0.095));
#2990=CARTESIAN_POINT('',(0.101,0.005,0.095));
#2991=CARTESIAN_POINT('',(0.115,0.005,0.095));
#2992=CARTESIAN_POINT('',(0.108,0.002,0.0945));
#2993=CARTESIAN_POINT('',(0.108,0.002,0.088));
#2994=CARTESIAN_POINT('',(0.102,0.025,0.05));
#2995=CARTESIAN_POINT('',(0.102,0.016,0.05));
#2996=CARTESIAN_POINT('',(0.102,0.016,0.03));
#2997=CARTESIAN_POINT('',(0.102,0.016,0.0315));
#2998=CARTESIAN_POINT('',(0.102,0.025,0.0315));
#2999=CARTESIAN_POINT('',(0.102,0.0162250356126079,0.0285));
#3000=CARTESIAN_POINT('',(0.102,0.0161258803253506,0.0285));
#3001=CARTESIAN_POINT('',(0.102,0.025,0.03));
#3002=CARTESIAN_POINT('',(0.102,0.0375,0.032));
#3003=CARTESIAN_POINT('',(0.1015,0.0375,0.032));
#3004=CARTESIAN_POINT('',(0.1015,0.0155,0.032));
#3005=CARTESIAN_POINT('',(0.11275,0.02675,0.032));
#3006=CARTESIAN_POINT('',(0.102,0.0115,0.028));
#3007=CARTESIAN_POINT('',(0.106,0.0204174243050441,0.028));
#3008=CARTESIAN_POINT('',(0.104533473940631,0.0188173131917857,0.028));
#3009=CARTESIAN_POINT('',(0.103017065491415,0.0172647573386446,0.028));
#3010=CARTESIAN_POINT('',(0.101499999999986,0.0157129121894822,0.028));
#3011=CARTESIAN_POINT('',(0.1015,0.0157129121894822,0.028));
#3012=CARTESIAN_POINT('',(0.1015,0.00258906516898503,0.028));
#3013=CARTESIAN_POINT('',(0.102,0.025,0.05));
#3014=CARTESIAN_POINT('',(0.102,0.0065,0.05));
#3015=CARTESIAN_POINT('',(0.102,0.0065,0.07));
#3016=CARTESIAN_POINT('',(0.102,0.0065,0.0685));
#3017=CARTESIAN_POINT('',(0.102,0.025,0.0685));
#3018=CARTESIAN_POINT('',(0.102,0.025,0.0715));
#3019=CARTESIAN_POINT('',(0.102,0.00656091108541419,0.0715));
#3020=CARTESIAN_POINT('',(0.102,0.025,0.07));
#3021=CARTESIAN_POINT('',(0.102,0.0125,0.068));
#3022=CARTESIAN_POINT('',(0.1015,0.0125,0.068));
#3023=CARTESIAN_POINT('',(0.1015,0.007,0.068));
#3024=CARTESIAN_POINT('',(0.099,0.0095,0.068));
#3025=CARTESIAN_POINT('',(0.102,0.0115,0.072));
#3026=CARTESIAN_POINT('',(0.106,0.00258906516898499,0.072));
#3027=CARTESIAN_POINT('',(0.104499248477551,0.00409578095347689,0.072));
#3028=CARTESIAN_POINT('',(0.102999059414282,0.00560305674131092,0.072));
#3029=CARTESIAN_POINT('',(0.1015,0.00711145618000165,0.072));
#3030=CARTESIAN_POINT('',(0.1015,0.00711145618000165,0.072));
#3031=CARTESIAN_POINT('',(0.1015,0.0115,0.072));
#3032=CARTESIAN_POINT('',(0.102,0.025,0.05));
#3033=CARTESIAN_POINT('',(0.102,0.025,0.03));
#3034=CARTESIAN_POINT('',(0.102,0.0265,0.0211258803253505));
#3035=CARTESIAN_POINT('',(0.102,0.0235,0.0211258803253505));
#3036=CARTESIAN_POINT('',(0.102,0.0235,0.00758906516898503));
#3037=CARTESIAN_POINT('',(0.102,0.0265,0.0212250356126079));
#3038=CARTESIAN_POINT('',(0.102,0.023,0.0165));
#3039=CARTESIAN_POINT('',(0.1015,0.023,0.0212250356126079));
#3040=CARTESIAN_POINT('',(0.1015,0.023,0.0207129121894844));
#3041=CARTESIAN_POINT('',(0.101499999999988,0.023,0.0207129121894844));
#3042=CARTESIAN_POINT('',(0.103017065491417,0.023,0.0222647573386464));
#3043=CARTESIAN_POINT('',(0.104533473940631,0.023,0.0238173131917861));
#3044=CARTESIAN_POINT('',(0.106,0.023,0.0254174243050442));
#3045=CARTESIAN_POINT('',(0.102,0.027,0.0165));
#3046=CARTESIAN_POINT('',(0.106,0.027,0.0254174243050442));
#3047=CARTESIAN_POINT('',(0.104533473940631,0.027,0.0238173131917857));
#3048=CARTESIAN_POINT('',(0.103017065491415,0.027,0.0222647573386446));
#3049=CARTESIAN_POINT('',(0.101499999999986,0.027,0.0207129121894822));
#3050=CARTESIAN_POINT('',(0.1015,0.027,0.0207129121894822));
#3051=CARTESIAN_POINT('',(0.1015,0.027,0.00758906516898503));
#3052=CARTESIAN_POINT('',(0.102,0.0375,0.032));
#3053=CARTESIAN_POINT('',(0.1015,0.0375,0.032));
#3054=CARTESIAN_POINT('',(0.1015,0.043,0.032));
#3055=CARTESIAN_POINT('',(0.099,0.0405,0.032));
#3056=CARTESIAN_POINT('',(0.102,0.0385,0.028));
#3057=CARTESIAN_POINT('',(0.106,0.047410934831015,0.028));
#3058=CARTESIAN_POINT('',(0.104499248477551,0.0459042190465231,0.028));
#3059=CARTESIAN_POINT('',(0.102999059414282,0.044396943258689,0.028));
#3060=CARTESIAN_POINT('',(0.1015,0.0428885438199983,0.028));
#3061=CARTESIAN_POINT('',(0.1015,0.0428885438199983,0.028));
#3062=CARTESIAN_POINT('',(0.1015,0.0385,0.028));
#3063=CARTESIAN_POINT('',(0.102,0.025,0.05));
#3064=CARTESIAN_POINT('',(0.102,0.025,0.0285));
#3065=CARTESIAN_POINT('',(0.102,0.0434390889145857,0.0285));
#3066=CARTESIAN_POINT('',(0.102,0.025,0.03));
#3067=CARTESIAN_POINT('',(0.102,0.0435,0.03));
#3068=CARTESIAN_POINT('',(0.102,0.0435,0.05));
#3069=CARTESIAN_POINT('',(0.102,0.0435,0.0315));
#3070=CARTESIAN_POINT('',(0.102,0.025,0.0315));
#3071=CARTESIAN_POINT('',(0.102,0.025,0.05));
#3072=CARTESIAN_POINT('',(0.102,0.034,0.05));
#3073=CARTESIAN_POINT('',(0.102,0.034,0.07));
#3074=CARTESIAN_POINT('',(0.102,0.034,0.0685));
#3075=CARTESIAN_POINT('',(0.102,0.025,0.0685));
#3076=CARTESIAN_POINT('',(0.102,0.0337749643873921,0.0715));
#3077=CARTESIAN_POINT('',(0.102,0.0338741196746494,0.0715));
#3078=CARTESIAN_POINT('',(0.102,0.025,0.07));
#3079=CARTESIAN_POINT('',(0.102,0.0125,0.068));
#3080=CARTESIAN_POINT('',(0.1015,0.0125,0.068));
#3081=CARTESIAN_POINT('',(0.1015,0.0345,0.068));
#3082=CARTESIAN_POINT('',(0.11275,0.02325,0.068));
#3083=CARTESIAN_POINT('',(0.102,0.0385,0.072));
#3084=CARTESIAN_POINT('',(0.106,0.0295825756949558,0.072));
#3085=CARTESIAN_POINT('',(0.104533473940631,0.0311826868082143,0.072));
#3086=CARTESIAN_POINT('',(0.103017065491415,0.0327352426613555,0.072));
#3087=CARTESIAN_POINT('',(0.101499999999986,0.0342870878105179,0.072));
#3088=CARTESIAN_POINT('',(0.1015,0.0342870878105178,0.072));
#3089=CARTESIAN_POINT('',(0.1015,0.047410934831015,0.072));
#3090=CARTESIAN_POINT('',(0.102,0.023,0.0835));
#3091=CARTESIAN_POINT('',(0.106,0.023,0.0745825756949558));
#3092=CARTESIAN_POINT('',(0.104533473940631,0.023,0.0761826868082143));
#3093=CARTESIAN_POINT('',(0.103017065491415,0.023,0.0777352426613554));
#3094=CARTESIAN_POINT('',(0.101499999999986,0.023,0.0792870878105178));
#3095=CARTESIAN_POINT('',(0.1015,0.023,0.0792870878105178));
#3096=CARTESIAN_POINT('',(0.1015,0.023,0.092410934831015));
#3097=CARTESIAN_POINT('',(0.102,0.027,0.0835));
#3098=CARTESIAN_POINT('',(0.1015,0.027,0.0787749643873921));
#3099=CARTESIAN_POINT('',(0.1015,0.027,0.0792870878105166));
#3100=CARTESIAN_POINT('',(0.101499999999987,0.027,0.0792870878105166));
#3101=CARTESIAN_POINT('',(0.103017065491416,0.027,0.0777352426613544));
#3102=CARTESIAN_POINT('',(0.104533473940631,0.027,0.0761826868082141));
#3103=CARTESIAN_POINT('',(0.106,0.027,0.0745825756949559));
#3104=CARTESIAN_POINT('',(0.102,0.025,0.03));
#3105=CARTESIAN_POINT('',(0.1015,0.023,0.0207129121894844));
#3106=CARTESIAN_POINT('',(0.101608221345022,0.023,0.0208236145752787));
#3107=CARTESIAN_POINT('',(0.101835306407363,0.0230581432491225,0.0210426317496798));
#3108=CARTESIAN_POINT('',(0.102,0.0233459933738108,0.0211519121964266));
#3109=CARTESIAN_POINT('',(0.102,0.0235,0.0211258803253506));
#3110=CARTESIAN_POINT('',(0.102,0.0265,0.0211258803253505));
#3111=CARTESIAN_POINT('',(0.102,0.0266537390769213,0.0211518669723462));
#3112=CARTESIAN_POINT('',(0.101835786420516,0.0269416313535078,0.0210430695464571));
#3113=CARTESIAN_POINT('',(0.101608124590461,0.0270000000000015,0.0208235156025732));
#3114=CARTESIAN_POINT('',(0.101499999999993,0.027,0.0207129121894894));
#3115=CARTESIAN_POINT('',(0.102,0.025,0.07));
#3116=CARTESIAN_POINT('',(0.1015,0.027,0.0792870878105166));
#3117=CARTESIAN_POINT('',(0.101608221345022,0.027,0.0791763854247222));
#3118=CARTESIAN_POINT('',(0.101835306407362,0.0269418567508778,0.0789573682503202));
#3119=CARTESIAN_POINT('',(0.102,0.0266540066261893,0.0788480878035733));
#3120=CARTESIAN_POINT('',(0.102,0.0265,0.0788741196746494));
#3121=CARTESIAN_POINT('',(0.102,0.0235,0.0788741196746494));
#3122=CARTESIAN_POINT('',(0.102,0.0233462609230787,0.0788481330276538));
#3123=CARTESIAN_POINT('',(0.101835786420516,0.0230583686464922,0.0789569304535429));
#3124=CARTESIAN_POINT('',(0.101608124590461,0.0229999999999985,0.0791764843974268));
#3125=CARTESIAN_POINT('',(0.101499999999993,0.023,0.0792870878105107));
#3126=CARTESIAN_POINT('',(0.106,0.02,0.05));
#3127=CARTESIAN_POINT('',(0.1015,0.0155,0.0315));
#3128=CARTESIAN_POINT('',(0.106,0.02,0.03));
#3129=CARTESIAN_POINT('',(0.102,0.025,0.03));
#3130=CARTESIAN_POINT('',(0.102,0.0161258803253506,0.0285));
#3131=CARTESIAN_POINT('',(0.102,0.0161518669723462,0.0283462609230787));
#3132=CARTESIAN_POINT('',(0.101835786420516,0.0160430695464572,0.0280583686464923));
#3133=CARTESIAN_POINT('',(0.101608124590461,0.0158235156025732,0.0279999999999985));
#3134=CARTESIAN_POINT('',(0.101499999999993,0.0157129121894894,0.028));
#3135=CARTESIAN_POINT('',(0.106,0.03,0.05));
#3136=CARTESIAN_POINT('',(0.1015,0.0345,0.0685));
#3137=CARTESIAN_POINT('',(0.106,0.03,0.07));
#3138=CARTESIAN_POINT('',(0.102,0.025,0.07));
#3139=CARTESIAN_POINT('',(0.102,0.0338741196746494,0.0715));
#3140=CARTESIAN_POINT('',(0.102,0.0338481330276538,0.0716537390769213));
#3141=CARTESIAN_POINT('',(0.101835786420516,0.0339569304535429,0.0719416313535078));
#3142=CARTESIAN_POINT('',(0.101608124590461,0.0341764843974268,0.0720000000000015));
#3143=CARTESIAN_POINT('',(0.101499999999993,0.0342870878105107,0.072));
#3144=CARTESIAN_POINT('',(0.106,0.0025,0.05));
#3145=CARTESIAN_POINT('',(0.1015,0.007,0.0685));
#3146=CARTESIAN_POINT('',(0.106,0.0025,0.07));
#3147=CARTESIAN_POINT('',(0.102,0.025,0.07));
#3148=CARTESIAN_POINT('',(0.102,0.00656091108541419,0.0715));
#3149=CARTESIAN_POINT('',(0.102,0.00657432371040208,0.0716648777231532));
#3150=CARTESIAN_POINT('',(0.1018398524161,0.00676121676904271,0.0719295313693643));
#3151=CARTESIAN_POINT('',(0.101615519267575,0.00699521715924725,0.072));
#3152=CARTESIAN_POINT('',(0.1015,0.00711145618000165,0.072));
#3153=CARTESIAN_POINT('',(0.106,0.0475,0.05));
#3154=CARTESIAN_POINT('',(0.1015,0.043,0.0315));
#3155=CARTESIAN_POINT('',(0.106,0.0475,0.03));
#3156=CARTESIAN_POINT('',(0.102,0.025,0.03));
#3157=CARTESIAN_POINT('',(0.102,0.0434390889145857,0.0285));
#3158=CARTESIAN_POINT('',(0.102,0.0434256762895979,0.0283351222768468));
#3159=CARTESIAN_POINT('',(0.1018398524161,0.0432387832309573,0.0280704686306357));
#3160=CARTESIAN_POINT('',(0.101615519267575,0.0430047828407527,0.028));
#3161=CARTESIAN_POINT('',(0.1015,0.0428885438199983,0.028));
#3162=CARTESIAN_POINT('',(0.101,0.035,0.015));
#3163=CARTESIAN_POINT('',(0.101,0.049,0.015));
#3164=CARTESIAN_POINT('',(0.101,0.035,0.001));
#3165=CARTESIAN_POINT('',(0.101,0.025,0.001));
#3166=CARTESIAN_POINT('',(0.101,0.015,0.001));
#3167=CARTESIAN_POINT('',(0.101,0.049,0.1));
#3168=CARTESIAN_POINT('',(0.101,0.049,0.085));
#3169=CARTESIAN_POINT('',(0.101,0.015,0.015));
#3170=CARTESIAN_POINT('',(0.101,0.001,0.015));
#3171=CARTESIAN_POINT('',(0.101,0.035,0.085));
#3172=CARTESIAN_POINT('',(0.101,0.035,0.099));
#3173=CARTESIAN_POINT('',(0.101,0.001,0.1));
#3174=CARTESIAN_POINT('',(0.101,0.001,0.095));
#3175=CARTESIAN_POINT('',(0.101,0.025,0.099));
#3176=CARTESIAN_POINT('',(0.101,0.005,0.099));
#3177=CARTESIAN_POINT('',(0.101,0.005,0.095));
#3178=CARTESIAN_POINT('',(0.115,0.035,0.015));
#3179=CARTESIAN_POINT('',(0.115,0.035,0.001));
#3180=CARTESIAN_POINT('',(0.115,0.049,0.015));
#3181=CARTESIAN_POINT('',(0.115,0.049,0.1));
#3182=CARTESIAN_POINT('',(0.115,0.049,0.085));
#3183=CARTESIAN_POINT('',(0.115,0.025,0.001));
#3184=CARTESIAN_POINT('',(0.115,0.015,0.001));
#3185=CARTESIAN_POINT('',(0.115,0.035,0.085));
#3186=CARTESIAN_POINT('',(0.115,0.035,0.099));
#3187=CARTESIAN_POINT('',(0.115,0.015,0.015));
#3188=CARTESIAN_POINT('',(0.116,0.00680873481036367,0.00364644660940672));
#3189=CARTESIAN_POINT('',(0.116,0.00666066687280582,0.00362542633771058));
#3190=CARTESIAN_POINT('',(0.115974018630141,0.0063636458142003,0.00356015650142667));
#3191=CARTESIAN_POINT('',(0.115725935063558,0.00604430276265755,0.00329433792517663));
#3192=CARTESIAN_POINT('',(0.115368151178324,0.006104080937455,0.00298145920461168));
#3193=CARTESIAN_POINT('',(0.115169720643134,0.00625785506139491,0.00282269568045689));
#3194=CARTESIAN_POINT('',(0.11507622082182,0.00634839683527158,0.00275000000000163));
#3195=CARTESIAN_POINT('',(0.115076220821832,0.00634839683528234,0.00275));
#3196=CARTESIAN_POINT('',(0.115076220821832,0.00634839683528234,0.00275));
#3197=CARTESIAN_POINT('',(0.11505071062672,0.00634501647443758,0.00275));
#3198=CARTESIAN_POINT('',(0.11502530485482,0.00634335515340961,0.00275));
#3199=CARTESIAN_POINT('',(0.115,0.00634335515340961,0.00275));
#3200=CARTESIAN_POINT('',(0.115,0.025,0.099));
#3201=CARTESIAN_POINT('',(0.115,0.005,0.099));
#3202=CARTESIAN_POINT('',(0.115,0.001,0.1));
#3203=CARTESIAN_POINT('',(0.115,0.001,0.095));
#3204=CARTESIAN_POINT('',(0.115,0.005,0.095));
#3205=CARTESIAN_POINT('',(0.098,0.015,0.006));
#3206=CARTESIAN_POINT('',(0.0995,0.015,0.0075));
#3207=CARTESIAN_POINT('',(0.098,0.015,0.009));
#3208=CARTESIAN_POINT('',(0.097,0.015,0.009));
#3209=CARTESIAN_POINT('',(0.097,0.015,0.009));
#3210=CARTESIAN_POINT('',(0.097,0.015,0.006));
#3211=CARTESIAN_POINT('',(0.097,0.015,0.003));
#3212=CARTESIAN_POINT('',(0.097,0.015,0.003));
#3213=CARTESIAN_POINT('',(0.098,0.015,0.003));
#3214=CARTESIAN_POINT('',(0.0995,0.015,0.0045));
#3215=CARTESIAN_POINT('',(0.098,0.035,0.006));
#3216=CARTESIAN_POINT('',(0.0995,0.035,0.0045));
#3217=CARTESIAN_POINT('',(0.098,0.035,0.003));
#3218=CARTESIAN_POINT('',(0.097,0.035,0.003));
#3219=CARTESIAN_POINT('',(0.097,0.035,0.003));
#3220=CARTESIAN_POINT('',(0.097,0.035,0.008));
#3221=CARTESIAN_POINT('',(0.097,0.035,0.009));
#3222=CARTESIAN_POINT('',(0.097,0.035,0.009));
#3223=CARTESIAN_POINT('',(0.098,0.035,0.009));
#3224=CARTESIAN_POINT('',(0.0995,0.035,0.0075));
#3225=CARTESIAN_POINT('',(0.097,0.025,0.003));
#3226=CARTESIAN_POINT('',(0.098,0.025,0.003));
#3227=CARTESIAN_POINT('',(0.097,0.025,0.003));
#3228=CARTESIAN_POINT('',(0.097,0.025,0.009));
#3229=CARTESIAN_POINT('',(0.098,0.025,0.009));
#3230=CARTESIAN_POINT('',(0.097,0.025,0.009));
#3231=CARTESIAN_POINT('',(0.097,0.025,0.006));
#3232=CARTESIAN_POINT('',(0.11225,0.035,0.006));
#3233=CARTESIAN_POINT('',(0.11575,0.035,0.00835355339059328));
#3234=CARTESIAN_POINT('',(0.115573223304703,0.035,0.00817677669529664));
#3235=CARTESIAN_POINT('',(0.115,0.035,0.00875));
#3236=CARTESIAN_POINT('',(0.1145,0.035,0.00925));
#3237=CARTESIAN_POINT('',(0.11225,0.035,0.00925));
#3238=CARTESIAN_POINT('',(0.11225,0.035,0.00925));
#3239=CARTESIAN_POINT('',(0.11225,0.035,0.006));
#3240=CARTESIAN_POINT('',(0.11225,0.035,0.00275));
#3241=CARTESIAN_POINT('',(0.11225,0.035,0.00275));
#3242=CARTESIAN_POINT('',(0.1145,0.035,0.00275));
#3243=CARTESIAN_POINT('',(0.115,0.035,0.00325));
#3244=CARTESIAN_POINT('',(0.115573223304703,0.035,0.00382322330470337));
#3245=CARTESIAN_POINT('',(0.11575,0.035,0.00364644660940673));
#3246=CARTESIAN_POINT('',(0.11225,0.0245,0.05));
#3247=CARTESIAN_POINT('',(0.11225,0.015,0.00275));
#3248=CARTESIAN_POINT('',(0.11225,0.015,0.00925));
#3249=CARTESIAN_POINT('',(0.114125,0.015,0.00925));
#3250=CARTESIAN_POINT('',(0.1145,0.015,0.00925));
#3251=CARTESIAN_POINT('',(0.1145,0.0013434381341455,0.00925));
#3252=CARTESIAN_POINT('',(0.114500000000001,0.00134343813414608,0.00924999999999859));
#3253=CARTESIAN_POINT('',(0.114500000000001,0.00122125234524526,0.00924999999999859));
#3254=CARTESIAN_POINT('',(0.114636272333053,0.00114584899750252,0.00925));
#3255=CARTESIAN_POINT('',(0.11475772005726,0.00114584899750255,0.00925));
#3256=CARTESIAN_POINT('',(0.114125,0.015,0.00275));
#3257=CARTESIAN_POINT('',(0.1145,0.015,0.00275));
#3258=CARTESIAN_POINT('',(0.1145,0.00719083902529632,0.00275));
#3259=CARTESIAN_POINT('',(0.1145,0.00719083902528708,0.00275));
#3260=CARTESIAN_POINT('',(0.114500000000002,0.00700400733332086,0.00275));
#3261=CARTESIAN_POINT('',(0.114584109277445,0.00673142811611654,0.00275));
#3262=CARTESIAN_POINT('',(0.114807326577826,0.00643661361025417,0.00275));
#3263=CARTESIAN_POINT('',(0.114983663752864,0.00633613208032486,0.00275));
#3264=CARTESIAN_POINT('',(0.115076220821832,0.00634839683528231,0.00275));
#3265=CARTESIAN_POINT('',(0.1165,0.0175,0.00475));
#3266=CARTESIAN_POINT('',(0.1145,0.00719083902529632,0.00275));
#3267=CARTESIAN_POINT('',(0.114568739232268,0.00701975332732734,0.00281873923226761));
#3268=CARTESIAN_POINT('',(0.114724184209257,0.00669261969269524,0.00297418420925693));
#3269=CARTESIAN_POINT('',(0.114976154263255,0.00635089282251139,0.00322615426325509));
#3270=CARTESIAN_POINT('',(0.115233093927876,0.00618032773218597,0.0034830939278765));
#3271=CARTESIAN_POINT('',(0.115458997218666,0.00623124276599563,0.00370899721866612));
#3272=CARTESIAN_POINT('',(0.115562556740685,0.0065156994671816,0.00381255674068473));
#3273=CARTESIAN_POINT('',(0.115573223304703,0.00670988672815544,0.00382322330470335));
#3274=CARTESIAN_POINT('',(0.115573223304703,0.00680873481036367,0.00382322330470335));
#3275=CARTESIAN_POINT('',(0.115573223304703,0.00680873481036367,0.00382322330470337));
#3276=CARTESIAN_POINT('',(0.115573223304703,0.035,0.00382322330470337));
#3277=CARTESIAN_POINT('',(0.1145,0.015,0.00925));
#3278=CARTESIAN_POINT('',(0.115573223304703,0.00267828147260676,0.00817677669529665));
#3279=CARTESIAN_POINT('',(0.115573223304703,0.00239160119462813,0.00817677669529665));
#3280=CARTESIAN_POINT('',(0.115357005129378,0.00187250200681342,0.0083929948706217));
#3281=CARTESIAN_POINT('',(0.115015650250332,0.00156377322948152,0.00873434974966829));
#3282=CARTESIAN_POINT('',(0.114823223304703,0.00147985142898141,0.00892677669529663));
#3283=CARTESIAN_POINT('',(0.115573223304703,0.00267828147260676,0.00817677669529664));
#3284=CARTESIAN_POINT('',(0.114823223304703,0.00147985142898142,0.00892677669529663));
#3285=CARTESIAN_POINT('',(0.108926776695297,0.015,0.0148232233047034));
#3286=CARTESIAN_POINT('',(0.115573223304703,0.00302346043299651,0.00817677669529664));
#3287=CARTESIAN_POINT('',(0.098,0.025,0.009));
#3288=CARTESIAN_POINT('',(0.098,0.025,0.003));
#3289=CARTESIAN_POINT('',(0.11575,0.025,0.00364644660940673));
#3290=CARTESIAN_POINT('',(0.11575,0.00680873481036367,0.00364644660940673));
#3291=CARTESIAN_POINT('',(0.115573223304703,0.00680873481036367,0.00382322330470336));
#3292=CARTESIAN_POINT('',(0.116,0.00680873481036367,0.00425000000000002));
#3293=CARTESIAN_POINT('',(0.116,0.00680873481036367,0.00364644660940672));
#3294=CARTESIAN_POINT('',(0.11557322331903,0.00675896857898083,0.00382322331903033));
#3295=CARTESIAN_POINT('',(0.116019753482728,0.00673684775346618,0.00426975348273564));
#3296=CARTESIAN_POINT('',(0.116,0.00675328974411061,0.0036385754396824));
#3297=CARTESIAN_POINT('',(0.115569884392535,0.00666014932378439,0.00381988439253557));
#3298=CARTESIAN_POINT('',(0.116060027918361,0.00658038097005003,0.00431002791835702));
#3299=CARTESIAN_POINT('',(0.115995548125975,0.00664246186878798,0.00361887851122604));
#3300=CARTESIAN_POINT('',(0.115551069391345,0.00651386575184262,0.00380106939134497));
#3301=CARTESIAN_POINT('',(0.116112940623764,0.00628963371377993,0.00436294062376511));
#3302=CARTESIAN_POINT('',(0.11597046144648,0.00647562940584254,0.00357289588106311));
#3303=CARTESIAN_POINT('',(0.115511202698407,0.00637353432405828,0.00376120269840717));
#3304=CARTESIAN_POINT('',(0.116126293228461,0.00586976722513421,0.004376293228461));
#3305=CARTESIAN_POINT('',(0.115917305858908,0.00631161691526896,0.00350237502106706));
#3306=CARTESIAN_POINT('',(0.115441348585279,0.00625832273596955,0.00369134858527938));
#3307=CARTESIAN_POINT('',(0.115941212029126,0.00530900813663631,0.00419121202912645));
#3308=CARTESIAN_POINT('',(0.115824167040597,0.00617077805987576,0.00339952150151758));
#3309=CARTESIAN_POINT('',(0.115340895486511,0.00619942272058603,0.00359089548651103));
#3310=CARTESIAN_POINT('',(0.115465203162804,0.00508870753305809,0.00371520316280376));
#3311=CARTESIAN_POINT('',(0.115690229575789,0.00608864006279805,0.00326833282290375));
#3312=CARTESIAN_POINT('',(0.115233268185189,0.00620447585456284,0.00348326818518897));
#3313=CARTESIAN_POINT('',(0.115114873209241,0.00529329269420312,0.00336487320924128));
#3314=CARTESIAN_POINT('',(0.115546726507302,0.00607779626671082,0.00313814508976818));
#3315=CARTESIAN_POINT('',(0.115132079492983,0.00624942632799943,0.00338207949298353));
#3316=CARTESIAN_POINT('',(0.114921201875461,0.00553481344863995,0.00317120187546131));
#3317=CARTESIAN_POINT('',(0.115411808251044,0.00611311700954869,0.00302162940867577));
#3318=CARTESIAN_POINT('',(0.115038937939548,0.00631832653670252,0.00328893793954841));
#3319=CARTESIAN_POINT('',(0.114796224140712,0.00574964860483454,0.00304622414071156));
#3320=CARTESIAN_POINT('',(0.115287619513124,0.00617670057250413,0.00291826983654953));
#3321=CARTESIAN_POINT('',(0.11495256514725,0.00640337972348093,0.00320256514724961));
#3322=CARTESIAN_POINT('',(0.114702463127142,0.00594057563411841,0.00295246312714168));
#3323=CARTESIAN_POINT('',(0.115172455790069,0.00625944047210103,0.00282531751027516));
#3324=CARTESIAN_POINT('',(0.114845680372579,0.0065321729932579,0.00309568037257857));
#3325=CARTESIAN_POINT('',(0.114602172159785,0.00616765264974942,0.00285217215978466));
#3326=CARTESIAN_POINT('',(0.115029942757128,0.00638813493673557,0.00271342532141064));
#3327=CARTESIAN_POINT('',(0.114727506328434,0.00671144458681712,0.00297750632843368));
#3328=CARTESIAN_POINT('',(0.114499230941453,0.00642887217926718,0.00274923094145367));
#3329=CARTESIAN_POINT('',(0.114872377365286,0.00657137074139329,0.00259450470422924));
#3330=CARTESIAN_POINT('',(0.114601767344128,0.00695023774638407,0.00285176734412798));
#3331=CARTESIAN_POINT('',(0.114391853689406,0.00673884707290294,0.00264185368940407));
#3332=CARTESIAN_POINT('',(0.114704725384759,0.00681904043595821,0.00247398503374212));
#3333=CARTESIAN_POINT('',(0.114529100165343,0.00711774481735247,0.00277910016534301));
#3334=CARTESIAN_POINT('',(0.114329288068537,0.00694589162298198,0.00257928806854046));
#3335=CARTESIAN_POINT('',(0.11460783581664,0.00699419757884187,0.00240794084248187));
#3336=CARTESIAN_POINT('',(0.114495119862669,0.00720303669232937,0.00274511986266947));
#3337=CARTESIAN_POINT('',(0.114300601597666,0.00704804443314846,0.00255060159766611));
#3338=CARTESIAN_POINT('',(0.114562528743955,0.0070835893830688,0.00237789364238311));
#3339=CARTESIAN_POINT('',(0.11575,0.025,0.00835355339059328));
#3340=CARTESIAN_POINT('',(0.11575,0.00267828147260676,0.00835355339059328));
#3341=CARTESIAN_POINT('',(0.114823223304703,0.00147985142898141,0.00892677669529664));
#3342=CARTESIAN_POINT('',(0.11486218094337,0.00130119702993548,0.00888781905662956));
#3343=CARTESIAN_POINT('',(0.115,0.00125069636845567,0.00900361361755249));
#3344=CARTESIAN_POINT('',(0.115015939512668,0.00156389944369712,0.00873406048733176));
#3345=CARTESIAN_POINT('',(0.115102612317479,0.00136674180008767,0.00864738768249568));
#3346=CARTESIAN_POINT('',(0.115256954943942,0.00133616887538589,0.00880763100819749));
#3347=CARTESIAN_POINT('',(0.115274502044273,0.00179661183503609,0.00847549795572646));
#3348=CARTESIAN_POINT('',(0.115436358718756,0.00160654164380454,0.00831364128125018));
#3349=CARTESIAN_POINT('',(0.115601705028227,0.00160261303118603,0.00855779675892175));
#3350=CARTESIAN_POINT('',(0.115513197510317,0.00225791528335994,0.00823680248968289));
#3351=CARTESIAN_POINT('',(0.115796043297501,0.00208237816531906,0.00795395670249884));
#3352=CARTESIAN_POINT('',(0.115919965537267,0.00215674268123389,0.00836056381270375));
#3353=CARTESIAN_POINT('',(0.115573223188845,0.00253480728448967,0.00817677681115536));
#3354=CARTESIAN_POINT('',(0.115956001971442,0.00243208017829532,0.00779399802855396));
#3355=CARTESIAN_POINT('',(0.116,0.00249776149881372,0.00833357067279467));
#3356=CARTESIAN_POINT('',(0.115573223304703,0.00267828147260677,0.00817677669529665));
#3357=CARTESIAN_POINT('',(0.116,0.00267828147260678,0.00774999999999998));
#3358=CARTESIAN_POINT('',(0.116,0.00267828147260677,0.00835355339059328));
#3359=CARTESIAN_POINT('',(0.115,0.00147985142898142,0.00910355339059327));
#3360=CARTESIAN_POINT('',(0.114490946121336,0.00133974675936325,0.00925905387866378));
#3361=CARTESIAN_POINT('',(0.114528170697605,0.00115697118239253,0.00922182930239524));
#3362=CARTESIAN_POINT('',(0.114667722816633,0.00110821704342026,0.00934152261758686));
#3363=CARTESIAN_POINT('',(0.114602270558025,0.00138509204074886,0.00914772944197459));
#3364=CARTESIAN_POINT('',(0.114639847822391,0.00120359501394698,0.00911015217761121));
#3365=CARTESIAN_POINT('',(0.114779047253322,0.00115433088889711,0.00922831132603893));
#3366=CARTESIAN_POINT('',(0.1147130406531,0.00143179824975413,0.00903695934689995));
#3367=CARTESIAN_POINT('',(0.114751202240111,0.00125167119859597,0.00899879775989055));
#3368=CARTESIAN_POINT('',(0.114889817348397,0.00120182872856341,0.00911566377172571));
#3369=CARTESIAN_POINT('',(0.114823223304703,0.00147985142898142,0.00892677669529658));
#3370=CARTESIAN_POINT('',(0.11486218094337,0.00130119702993549,0.00888781905662949));
#3371=CARTESIAN_POINT('',(0.115,0.00125069636845568,0.00900361361755242));
#3372=CARTESIAN_POINT('',(0.1015,0.025,0.0685));
#3373=CARTESIAN_POINT('',(0.1015,0.025,0.0315));
#3374=CARTESIAN_POINT('',(0.1015,0.0115,0.0285));
#3375=CARTESIAN_POINT('',(0.1015,0.0235,0.0165));
#3376=CARTESIAN_POINT('',(0.1015,0.0265,0.0165));
#3377=CARTESIAN_POINT('',(0.1015,0.025,0.0285));
#3378=CARTESIAN_POINT('',(0.1015,0.025,0.0315));
#3379=CARTESIAN_POINT('',(0.1015,0.025,0.0685));
#3380=CARTESIAN_POINT('',(0.1015,0.0385,0.0715));
#3381=CARTESIAN_POINT('',(0.1015,0.0265,0.09125));
#3382=CARTESIAN_POINT('',(0.1015,0.0235,0.09125));
#3383=CARTESIAN_POINT('',(0.1015,0.025,0.0715));
#3384=MECHANICAL_DESIGN_GEOMETRIC_PRESENTATION_REPRESENTATION('',(#1906),
#3385);
#3385=(
GEOMETRIC_REPRESENTATION_CONTEXT(3)
GLOBAL_UNCERTAINTY_ASSIGNED_CONTEXT((#3386))
GLOBAL_UNIT_ASSIGNED_CONTEXT((#3389,#3388,#3387))
REPRESENTATION_CONTEXT('Large Reel','TOP_LEVEL_ASSEMBLY_PART')
);
#3386=UNCERTAINTY_MEASURE_WITH_UNIT(LENGTH_MEASURE(2.E-5),#3389,
'DISTANCE_ACCURACY_VALUE','Maximum Tolerance applied to model');
#3387=(
NAMED_UNIT(*)
SI_UNIT($,.STERADIAN.)
SOLID_ANGLE_UNIT()
);
#3388=(
NAMED_UNIT(*)
PLANE_ANGLE_UNIT()
SI_UNIT($,.RADIAN.)
);
#3389=(
LENGTH_UNIT()
NAMED_UNIT(*)
SI_UNIT($,.METRE.)
);
#3390=PRODUCT_DEFINITION_SHAPE('','',#3391);
#3391=PRODUCT_DEFINITION('','',#3393,#3392);
#3392=PRODUCT_DEFINITION_CONTEXT('',#3399,'design');
#3393=PRODUCT_DEFINITION_FORMATION_WITH_SPECIFIED_SOURCE('','',#3395,
 .NOT_KNOWN.);
#3394=PRODUCT_RELATED_PRODUCT_CATEGORY('','',(#3395));
#3395=PRODUCT('Large Reel','Large Reel','Large Reel',(#3397));
#3396=PRODUCT_CATEGORY('','');
#3397=PRODUCT_CONTEXT('',#3399,'mechanical');
#3398=APPLICATION_PROTOCOL_DEFINITION('international standard',
'ap242_managed_model_based_3d_engineering',2020,#3399);
#3399=APPLICATION_CONTEXT('managed model based 3d engineering');
ENDSEC;
END-ISO-10303-21;
